,Safety_Score,Days_Since_Inspection,Total_Safety_Complaints,Control_Metric,Turbulence_In_gforces,Cabin_Temperature,Accident_Type_Code,Max_Elevation,Violations,Adverse_Weather_Metric,Accident_ID,Severity
6252,52.9680365296804,9,2,55.6973564266181,0.380303642264695,77.52,3,42253.1809398445,4,0.211178175574612,11997,Minor_Damage_And_Injuries
9243,73.1050228310502,10,2,37.2835004557886,0.602806346916697,78.37,7,24626.2329864038,2,0.0024008732129236,9399,Significant_Damage_And_Serious_Injuries
2950,46.4840182648402,11,1,72.3336371923428,0.416726289217454,78.75,3,28145.0409199558,1,0.139944845040627,9582,Significant_Damage_And_Serious_Injuries
9549,41.689497716895,13,14,70.1914311759344,0.395449693472773,76.2,5,42860.1610777543,1,0.0283280931345818,5250,Significant_Damage_And_Serious_Injuries
5566,54.8858447488584,16,2,74.7948951686418,0.298442841687703,83.58,3,36075.4910730824,0,0.178747299033169,4951,Significant_Damage_And_Fatalities
6430,40.7305936073059,16,7,60.1640838650866,0.279690587811035,79.45,2,46987.9302589798,2,0.63572924303053,7931,Minor_Damage_And_Injuries
6638,50.2739726027397,10,6,54.9680948040109,0.348929679047962,76.3,3,20025.4433586623,0,0.0999430144336609,7496,Minor_Damage_And_Injuries
7206,35.4794520547945,11,6,67.5478577939836,0.251922827262892,82.66,5,44568.661764582,3,0.0297081807839066,6918,Highly_Fatal_And_Damaging
7845,37.7168949771689,14,4,67.0009115770283,0.294476018752254,79.47,4,35594.5328940047,2,0.0650374206705968,11464,Significant_Damage_And_Serious_Injuries
377,51.0045662100457,10,5,69.0975387420237,0.428266137756942,85.97,1,39828.6197886984,3,1.46891942449805,11552,Significant_Damage_And_Serious_Injuries
1453,5.20547945205479,20,6,77.848678213309,0.247234763793725,76.44,4,37164.6419753701,0,0.0680694161849972,1283,Highly_Fatal_And_Damaging
9781,40.1369863013699,13,0,45.4421148587056,0.623001081860801,76.37,2,22443.8935714049,1,0.305093661170335,4823,Minor_Damage_And_Injuries
3404,49.5890410958904,7,0,73.746581586144,0.357945185719437,78.91,1,26622.2917360185,2,0.978454626515347,4306,Highly_Fatal_And_Damaging
982,49.5890410958904,10,15,56.563354603464,0.538615939415795,79.75,3,34820.3795626492,2,0.173121147972134,8740,Minor_Damage_And_Injuries
4458,63.972602739726,6,0,39.7447584320875,0.634901550667147,78.03,2,33751.1121700652,2,0.456408005653463,8477,Minor_Damage_And_Injuries
9924,34.3835616438356,11,4,77.7119416590702,0.241104219257122,78.53,6,25556.9388061089,2,0.0060999695480804,7456,Highly_Fatal_And_Damaging
8364,24.9315068493151,17,7,72.0145852324522,0.413480706815723,83.64,6,37664.9213225571,2,0.0095755375689134,8169,Significant_Damage_And_Serious_Injuries
4166,22.0547945205479,15,19,79.9453053783045,0.268150739271547,78.92,4,20146.9172518634,2,0.036900366110634,3223,Highly_Fatal_And_Damaging
9659,46.4840182648402,11,0,52.5979945305378,0.417808150018031,80.55,2,36037.4356530986,2,0.48771365612333,12156,Minor_Damage_And_Injuries
6050,55.1598173515982,8,5,85.6882406563355,0.298442841687703,81.38,3,35104.6529676528,3,0.175089764842475,10824,Significant_Damage_And_Serious_Injuries
2384,45.4337899543379,11,12,55.0592525068368,0.471179949513162,80.55,6,32879.763637696,1,0.008145496149104,2450,Minor_Damage_And_Injuries
363,43.607305936073,12,2,62.0328167730173,0.375976199062387,85.42,3,38140.7981125223,2,0.191468099821186,5476,Significant_Damage_And_Serious_Injuries
1643,48.2191780821918,14,6,85.7793983591614,0.317916336098088,82.09,6,25820.201823365,3,0.0063532410289954,1115,Minor_Damage_And_Injuries
30,68.7671232876712,8,2,74.6581586144029,0.334504868373603,78.78,5,15868.4439388883,2,0.0107749305075961,5438,Minor_Damage_And_Injuries
645,55.8904109589041,15,21,49.6353691886965,0.696567616300036,76.02,7,47156.9384261401,4,0.0038872058821915,3036,Significant_Damage_And_Serious_Injuries
7912,16.986301369863,20,20,65.9981768459435,0.40374395961053,76.53,3,40871.5373160811,1,0.204090220888324,6218,Significant_Damage_And_Serious_Injuries
6127,55.2511415525114,8,12,63.126709206928,0.563138117562207,76.09,3,43209.8141033971,3,0.214244804931175,1629,Significant_Damage_And_Serious_Injuries
72,38.310502283105,11,1,49.5442114858706,0.515536242336819,79.89,4,47541.0050691026,3,0.0869913348454806,3318,Significant_Damage_And_Fatalities
1312,51.0045662100457,10,12,46.718322698268,0.505799495131626,82.32,7,30336.890529747,2,0.0026119610221845,8678,Minor_Damage_And_Injuries
7635,41.2785388127854,16,7,58.4320875113947,0.393285971871619,83.92,2,44363.1891191291,3,0.600381644287286,11942,Minor_Damage_And_Injuries
3888,77.3059360730594,4,2,39.8814949863264,0.406628921745402,76.12,3,35044.2088374778,2,0.174775775733067,2044,Significant_Damage_And_Serious_Injuries
6273,58.3561643835616,4,2,75.1595259799453,0.249759105661738,79.76,3,28201.7353365839,1,0.141000605097377,11660,Highly_Fatal_And_Damaging
1849,40.2739726027397,9,6,76.8459434822243,0.370566895059502,80.24,3,53323.6708564959,1,0.27447787565096,11981,Highly_Fatal_And_Damaging
8078,58.9954337899543,14,8,64.4029170464904,0.462525063108547,76.13,6,33138.5437445535,2,0.0076720609652006,4531,Significant_Damage_And_Fatalities
3353,60.1369863013699,14,17,60.6198723792161,0.335586729174179,80.07,6,42860.1610777543,3,0.0106239717563754,9835,Significant_Damage_And_Fatalities
2847,46.1643835616438,11,3,72.105742935278,0.351454020915975,78.03,3,32471.8667825378,3,0.16258386348284,10739,Significant_Damage_And_Serious_Injuries
5863,4.93150684931507,20,6,75.7976298997265,0.309622069960331,77.56,2,21259.7296655558,1,0.286821821953301,7054,Highly_Fatal_And_Damaging
5357,16.4840182648402,16,5,66.5451230628988,0.473704291381176,78.4,4,35728.3005695812,2,0.0654085850714836,810,Highly_Fatal_And_Damaging
3412,9.49771689497717,18,20,64.3117593436645,0.40374395961053,78.96,4,34956.4722310962,4,0.0641501985769842,7524,Highly_Fatal_And_Damaging
7069,55.0228310502283,9,1,68.1403828623519,0.253365308330328,80.34,6,26340.2994819596,2,0.0069202656362865,6971,Significant_Damage_And_Serious_Injuries
3050,31.5981735159817,12,5,61.9416590701914,0.321883159033537,82.12,3,27108.1286016377,0,0.133480825287782,11466,Highly_Fatal_And_Damaging
1845,26.62100456621,17,3,78.7602552415679,0.4145625676163,78.75,3,31959.5060139597,1,0.159286052499828,6455,Significant_Damage_And_Serious_Injuries
8671,32.2831050228311,15,1,35.6882406563355,0.88192643346556,78.37,3,20326.1432622538,2,0.102469790121053,6421,Minor_Damage_And_Injuries
2545,45.662100456621,15,3,68.2771194165907,0.335586729174179,79.63,1,36731.4594114037,4,1.36557480095835,307,Minor_Damage_And_Injuries
3247,51.0502283105023,10,5,69.0975387420237,0.315752614496934,82.14,1,33523.7023387974,1,1.23638968430796,7147,Significant_Damage_And_Serious_Injuries
625,32.1461187214612,12,8,68.5961713764813,0.24543166245943,81.83,4,35237.7775518202,2,0.0645364140643536,4854,Highly_Fatal_And_Damaging
7349,40.2283105022831,13,2,64.1294439380128,0.490292823656689,79.17,7,33289.1776385925,2,0.0033273762364338,4287,Significant_Damage_And_Serious_Injuries
4795,46.5753424657534,15,7,84.2752962625342,0.263823296069239,78.56,2,36834.7828425541,3,0.498504576895618,4033,Minor_Damage_And_Injuries
3783,30.7762557077626,15,14,56.8824065633546,0.491735304724126,78.13,1,30282.7718455263,0,1.11090302185844,12267,Minor_Damage_And_Injuries
7982,42.4200913242009,12,10,52.5524156791249,0.548713306887847,79.89,3,37070.4548537427,3,0.18526859547038,8769,Minor_Damage_And_Injuries
6058,45.0228310502283,15,0,66.1804922515953,0.252283447529751,80.09,2,33599.0902717774,0,0.45701321537677,9366,Minor_Damage_And_Injuries
8058,61.4155251141552,14,0,39.8814949863264,0.634901550667147,76.33,2,49762.7970613739,2,0.678555591591014,8306,Highly_Fatal_And_Damaging
9935,44.5205479452055,8,1,62.1695533272562,0.219467003245582,79.56,1,19643.5987363401,1,0.728658038491673,9996,Highly_Fatal_And_Damaging
5758,35.5251141552511,14,5,65.8614402917047,0.399055896141363,78.75,4,48172.8472264607,3,0.0884428179454737,3070,Significant_Damage_And_Serious_Injuries
3714,36.0730593607306,11,1,78.0765724703738,0.241104219257122,81.82,2,24926.7672088726,2,0.335642631444626,4082,Highly_Fatal_And_Damaging
9994,41.5525114155251,9,1,57.9762989972653,0.503996393797331,79.33,4,29224.0229831433,2,0.0538478066834855,11039,Highly_Fatal_And_Damaging
6711,55.0228310502283,15,4,67.4111212397448,0.491735304724126,76.92,4,16629.6337259716,2,0.0304735173357446,8654,Significant_Damage_And_Fatalities
351,68.2648401826484,8,4,66.8641750227894,0.267790119004688,78.11,4,41982.5624801639,2,0.0775419698101819,409,Minor_Damage_And_Injuries
3508,71.2785388127854,11,17,62.7620783956244,0.47190119004688,76.09,6,38068.0704053001,1,0.0099470290646216,7742,Significant_Damage_And_Fatalities
6865,61.4155251141552,14,3,56.1531449407475,0.438724125495853,74.82,4,52783.6699929497,3,0.0979063303069243,12345,Highly_Fatal_And_Damaging
319,37.5799086757991,10,1,76.8915223336372,0.284378651280202,79.56,5,39836.8514219967,1,0.0259554503953166,3415,Highly_Fatal_And_Damaging
2791,35.7077625570776,14,15,77.9398359161349,0.298082221420844,77.53,3,45645.0096876542,1,0.226944244078988,11743,Significant_Damage_And_Serious_Injuries
9565,22.7397260273973,15,18,70.3281677301732,0.347126577713667,81.27,2,25114.395402466,4,0.339951974566805,11406,Highly_Fatal_And_Damaging
5600,31.2328767123288,12,5,67.8213309024613,0.362272628921745,79.6,6,30528.1424459409,1,0.0074766873165431,1973,Highly_Fatal_And_Damaging
2110,46.986301369863,11,3,73.9744758432088,0.335586729174179,78.03,6,35902.3547465078,1,0.0091876148524485,309,Significant_Damage_And_Serious_Injuries
2346,30.3196347031963,12,6,66.6818596171377,0.304212765957447,79.68,3,40973.9095182754,3,0.205151045690906,9660,Highly_Fatal_And_Damaging
2601,43.4246575342466,12,1,62.0328167730173,0.430429859358096,79.67,3,23952.5525780103,1,0.120344519294226,4272,Significant_Damage_And_Serious_Injuries
6869,28.675799086758,13,0,71.8778486782133,0.419971871619185,80.34,1,28193.962254837,2,1.04603639301413,8129,Highly_Fatal_And_Damaging
9693,11.9634703196347,18,9,31.5405651777575,0.584054093040028,82.07,4,19721.1573415103,5,0.0361205596335011,8760,Significant_Damage_And_Fatalities
3183,82.7853881278539,7,21,82.1786690975388,0.199272268301479,84.83,6,42820.7213445713,2,0.0105196245590474,3137,Significant_Damage_And_Fatalities
3402,59.4520547945205,14,9,74.61257976299,0.337029210241615,79.39,7,37463.8157763509,4,0.0035784858464896,3357,Significant_Damage_And_Fatalities
3779,40.8675799086758,13,0,53.281677301732,0.310703930760908,82.43,6,23192.1558746436,2,0.0056667704507736,11207,Minor_Damage_And_Injuries
6361,53.2420091324201,12,0,40.5195989061076,0.598118283447529,77.25,5,33372.8197860987,4,0.0215975928521873,12199,Highly_Fatal_And_Damaging
5832,78.5844748858447,9,12,58.4776663628077,0.34965091958168,82.98,4,15186.5079522167,2,0.0261055313866679,11689,Significant_Damage_And_Fatalities
2040,46.6666666666667,18,11,75.38742023701,0.388597908402452,81.76,7,31108.8785742791,2,0.0027166041689632,10932,Significant_Damage_And_Fatalities
6614,65.296803652968,12,1,60.3919781221513,0.231728092318788,78.5,7,43558.4831611401,2,0.0041686620510037,6949,Significant_Damage_And_Fatalities
4190,68.310502283105,8,12,45.4421148587056,0.584054093040028,78.61,4,19721.1573415103,3,0.0356172029643824,6871,Minor_Damage_And_Injuries
3899,41.5525114155251,13,8,62.5797629899727,0.437281644428417,80.23,4,28542.004184011,0,0.0513502290422108,756,Significant_Damage_And_Serious_Injuries
4304,12.9680365296804,17,6,59.2980856882407,0.338111071042192,83.9,3,24897.4411607909,0,0.124435001468023,2884,Highly_Fatal_And_Damaging
4155,66.5753424657534,5,4,58.20419325433,0.307458348359178,80.71,3,20292.7058221986,1,0.101502669686354,6926,Significant_Damage_And_Serious_Injuries
899,46.0730593607306,11,0,63.7648131267092,0.366960692390912,79.28,5,27665.2998400449,1,0.01851592253734,5180,Significant_Damage_And_Serious_Injuries
7860,52.4657534246575,13,1,82.1786690975388,0.199993508835196,84.34,2,28885.5732444725,2,0.391941807195366,5356,Minor_Damage_And_Injuries
6993,33.2876712328767,15,10,64.2661804922516,0.462525063108547,75.55,3,43075.3746959144,2,0.215610803030912,5411,Significant_Damage_And_Serious_Injuries
8500,57.0776255707762,8,21,64.9954421148587,0.340274792643346,78.38,6,33880.9765265578,2,0.0091619964016281,9204,Significant_Damage_And_Serious_Injuries
7286,36.4383561643836,14,11,60.9845031905196,0.407710782545979,77.16,3,27240.6861862382,3,0.134484836771453,2826,Significant_Damage_And_Serious_Injuries
7121,80.4566210045662,8,19,80.9936189608022,0.23100685178507,78.2,7,30806.3886256267,3,0.0027047297686005,10188,Significant_Damage_And_Fatalities
1748,61.3698630136986,10,1,69.5989061075661,0.408071402812838,78.22,2,49803.0831353689,1,0.67013217659738,5626,Minor_Damage_And_Injuries
4851,37.5799086757991,10,6,69.1431175934367,0.289427335016228,84.51,4,33523.7023387974,2,0.0612243728033003,3042,Highly_Fatal_And_Damaging
2539,12.9223744292237,17,8,53.7374658158614,0.492817165524703,82.81,4,26607.9239914159,3,0.0491625667836762,10612,Highly_Fatal_And_Damaging
1888,54.7488584474886,15,4,58.6144029170465,0.387876667868734,85.97,7,19398.1511532957,1,0.001800262272556,8104,Significant_Damage_And_Fatalities
7632,15.4794520547945,17,2,68.4594348222425,0.340274792643346,82.92,4,48025.5664059958,3,0.0892827355015043,4563,Highly_Fatal_And_Damaging
1866,43.1963470319635,12,3,82.0419325432999,0.317916336098088,80.43,5,21156.477787046,3,0.0144372865277043,7795,Significant_Damage_And_Serious_Injuries
8144,40.7762557077626,13,19,56.7456700091158,0.548713306887847,80.23,3,32044.5563759182,3,0.158785042527872,3482,Minor_Damage_And_Injuries
4905,45.0684931506849,11,14,72.8805834092981,0.335947349441038,80.52,3,32164.2230668647,3,0.159696995800694,9306,Significant_Damage_And_Serious_Injuries
7999,45.8904109589041,11,12,63.2178669097539,0.258413992066354,78.01,2,29893.7335104334,1,0.406933961928359,12330,Significant_Damage_And_Serious_Injuries
937,34.4292237442922,14,13,62.8532360984503,0.387876667868734,79.86,6,52220.9138495708,2,0.0127192033069789,1060,Significant_Damage_And_Serious_Injuries
5538,50.8219178082192,10,0,68.8240656335461,0.282575549945907,80.53,6,31719.3083634286,1,0.0078111809417281,1108,Significant_Damage_And_Serious_Injuries
3465,55.4337899543379,8,0,48.5870556061987,0.404104579877389,82.08,4,40296.8160759999,2,0.0744920387271988,712,Minor_Damage_And_Injuries
1858,58.1278538812785,11,7,84.0018231540565,0.325489361702128,78.92,2,27607.247052704,2,0.371472025862616,10903,Minor_Damage_And_Injuries
2454,47.5342465753425,17,16,48.2680036463081,0.585857194374324,77.78,6,11567.0794388674,4,0.0027925418240612,2030,Significant_Damage_And_Serious_Injuries
8578,39.1780821917808,13,2,62.5341841385597,0.396892174540209,77.78,4,31193.4661135602,2,0.058088147653132,5185,Significant_Damage_And_Serious_Injuries
3055,46.1643835616438,15,18,70.0091157702826,0.354699603317706,77.03,2,38183.1809071596,2,0.515462917300368,2688,Minor_Damage_And_Injuries
3160,37.2146118721461,10,4,60.3919781221513,0.343159754778218,75.21,4,30231.9993157823,2,0.0560106003796652,12205,Highly_Fatal_And_Damaging
5157,60.5479452054795,10,19,66.0893345487694,0.530321673278038,78.52,5,33228.4621335803,2,0.0216865530062197,9730,Minor_Damage_And_Injuries
4260,39.7260273972603,16,7,53.0082041932544,0.311064551027768,80.14,2,32008.2193613858,2,0.431251474752445,9438,Highly_Fatal_And_Damaging
4803,19.5433789954338,19,0,56.1531449407475,0.313228272628922,85.04,6,38703.1691908605,0,0.0095755375689134,9556,Minor_Damage_And_Injuries
7885,42.8767123287671,12,3,80.5834092980857,0.340996033177064,82.49,3,35393.9896903187,2,0.175837529631438,8064,Significant_Damage_And_Serious_Injuries
9691,36.5753424657534,14,5,71.9234275296263,0.31358889289578,76.48,3,41259.8228090867,2,0.205286208938162,10807,Significant_Damage_And_Serious_Injuries
9652,54.1095890410959,12,1,50.7748404740201,0.493899026325279,82.17,3,41649.6286034309,2,0.208364579052776,4419,Significant_Damage_And_Serious_Injuries
2942,33.9269406392694,12,7,52.5524156791249,0.38931914893617,81.89,4,33553.4782836866,3,0.0611836711383713,11366,Significant_Damage_And_Fatalities
8523,91.1872146118722,6,3,81.2215132178669,0.237137396321673,86.32,2,31382.2451914957,1,0.424352083307853,2596,Significant_Damage_And_Fatalities
4185,42.0091324200913,16,13,81.0391978122151,0.234252434186801,78.76,2,22102.0385431341,3,0.292872788776625,12475,Minor_Damage_And_Injuries
7375,38.5844748858447,13,5,66.362807657247,0.394007212405337,77.34,3,19754.5812375961,2,0.0983522686654718,2452,Significant_Damage_And_Serious_Injuries
3130,44.5205479452055,8,10,62.2607110300821,0.332701767039307,77.13,4,58297.4802661454,0,0.100579962364862,9786,Highly_Fatal_And_Damaging
5671,25.4794520547945,14,11,47.2652689152234,0.429347998557519,78.69,2,30701.4903580148,2,0.415749786415761,8458,Significant_Damage_And_Fatalities
6608,59.4520547945205,14,1,83.1358249772106,0.269953840605842,80.44,7,36962.1315429362,0,0.0036221837791412,6344,Significant_Damage_And_Fatalities
1409,48.9041095890411,14,1,68.7784867821331,0.323325640100974,76.87,7,36156.8263602184,2,0.003309240658801,1090,Minor_Damage_And_Injuries
5887,78.2191780821918,9,0,55.9252506836828,0.335226108907321,83.08,7,31809.6815618842,4,0.0026060826109523,10440,Significant_Damage_And_Serious_Injuries
5451,45.2511415525114,11,16,63.9015496809481,0.246152902993148,77.16,6,37065.4837499923,3,0.0085059711833998,11920,Significant_Damage_And_Serious_Injuries
3398,30.6392694063927,12,3,49.4530537830446,0.526354850342589,77.68,1,31619.82941596,2,1.1631821282771,11385,Highly_Fatal_And_Damaging
7831,43.3333333333333,12,10,51.0938924339107,0.341717273710782,81.37,4,29832.3547137758,1,0.0548654683705585,7064,Minor_Damage_And_Injuries
9287,30.7305936073059,19,2,63.0811303555151,0.563138117562207,76.35,7,23720.1789326526,0,0.0022154715467992,3043,Significant_Damage_And_Fatalities
5077,19.5433789954338,19,5,53.5095715587967,0.717844212044716,82.2,2,25824.9539278389,2,0.349246882159703,6570,Minor_Damage_And_Injuries
9849,25.4794520547945,14,12,64.767547857794,0.457115759105661,80.35,6,32439.2562768273,3,0.0082142237438365,72,Highly_Fatal_And_Damaging
4643,46.5753424657534,11,1,61.2123974475843,0.430429859358096,82.56,2,30028.2840811135,1,0.404401762084286,6948,Significant_Damage_And_Serious_Injuries
4169,51.4155251141552,9,16,64.0838650865998,0.445215290299315,84.19,6,30147.9054384671,3,0.0071582386490364,9982,Significant_Damage_And_Serious_Injuries
8808,44.7945205479452,8,6,53.9197812215132,0.300967183555716,81.97,4,34748.4877263288,3,0.0639321880002275,4805,Significant_Damage_And_Fatalities
4901,34.4292237442922,11,5,67.18322698268,0.330538045438154,75.71,4,27511.8404672498,2,0.0498088897494593,4163,Highly_Fatal_And_Damaging
4903,51.9178082191781,16,3,64.0382862351869,0.322243779300397,83.07,7,38615.1265617957,2,0.0035783671851997,11533,Significant_Damage_And_Fatalities
2203,40.6392694063927,9,10,75.7064721969006,0.24543166245943,84.48,4,40666.4707114104,3,0.0739977852573517,2641,Highly_Fatal_And_Damaging
9156,40.5479452054794,20,10,59.7538742023701,0.300245943021998,81.06,6,41712.9089196373,2,0.0098505661371429,147,Significant_Damage_And_Fatalities
948,53.7442922374429,9,2,48.2224247948952,0.493899026325279,83.39,3,38304.3259164758,1,0.19059343244646,8710,Minor_Damage_And_Injuries
8965,62.7853881278539,6,6,75.3418413855971,0.243989181391994,81.38,6,24377.0453612042,2,0.0062570619544909,6669,Significant_Damage_And_Serious_Injuries
1895,32.4200913242009,12,7,66.2260711030082,0.450263974035341,78.52,4,23078.0997172158,1,0.0423343749014067,4407,Highly_Fatal_And_Damaging
6041,11.324200913242,18,2,47.9033728350046,0.514093761269383,78.95,4,24455.0851973201,3,0.0449289157473636,6412,Significant_Damage_And_Fatalities
1311,27.5799086757991,13,35,64.9498632634458,0.379582401730977,85.09,1,21051.9469877011,1,0.774457849340631,8320,Highly_Fatal_And_Damaging
7118,24.6118721461187,14,11,68.4138559708295,0.388237288135593,80.25,4,35460.2652816768,2,0.0651636744257849,3370,Highly_Fatal_And_Damaging
7061,24.703196347032,18,4,61.0300820419326,0.407710782545979,80.46,3,36405.033044569,3,0.182025377886897,4178,Significant_Damage_And_Serious_Injuries
435,58.1278538812785,15,5,75.2051048313583,0.330898665705012,82.09,7,20795.1241990163,1,0.0016033383209366,3446,Significant_Damage_And_Fatalities
8854,50.7305936073059,13,0,64.9498632634458,0.333423007573026,78.72,2,51069.6208704514,3,0.686670027426563,5647,Minor_Damage_And_Injuries
5971,33.972602739726,11,5,69.0975387420237,0.34965091958168,82.08,6,21061.7524346312,2,0.0053890747903369,7510,Highly_Fatal_And_Damaging
9011,55.662100456621,5,0,63.6736554238833,0.306737107825459,83.58,1,53831.7385266991,0,2.11697684404786,3739,Highly_Fatal_And_Damaging
402,65.4337899543379,4,2,50.6836827711942,0.618313018391633,78.46,3,25279.7240398423,4,0.125860334909236,1311,Significant_Damage_And_Fatalities
3072,32.1461187214612,12,0,49.6353691886965,0.470819329246303,77.9,1,38579.3859434729,3,1.42869567940064,6272,Significant_Damage_And_Fatalities
161,29.0867579908676,13,10,74.5214220601641,0.304573386224305,79.05,4,40754.7656202953,2,0.0743575787909855,11437,Highly_Fatal_And_Damaging
9977,27.6255707762557,13,7,48.9061075660894,0.438002884962135,87.0,2,30701.4903580148,2,0.41399497585173,5335,Significant_Damage_And_Fatalities
716,23.4246575342466,15,8,62.5341841385597,0.42538117562207,80.64,4,45769.7818318359,0,0.0839917945185517,2904,Highly_Fatal_And_Damaging
7476,36.1187214611872,14,3,61.3947128532361,0.404825820411107,76.89,1,27179.8728762575,4,0.996497974431902,1677,Significant_Damage_And_Serious_Injuries
2731,27.8082191780822,13,1,45.6700091157703,0.350011539848539,81.25,2,35508.1831470116,3,0.480311362723386,5985,Significant_Damage_And_Fatalities
7376,28.8127853881279,16,2,65.3600729261623,0.449903353768481,82.25,5,27306.2785397534,1,0.0179458235336835,10980,Significant_Damage_And_Serious_Injuries
1445,42.6027397260274,16,5,70.0091157702826,0.547270825820411,76.98,2,30649.1913215042,3,0.415919626722151,5696,Minor_Damage_And_Injuries
2662,41.9178082191781,12,4,51.2762078395624,0.522748647673999,83.76,3,24604.4655931727,2,0.12209492649413,2166,Minor_Damage_And_Injuries
9899,53.1050228310502,12,10,54.2844120328168,0.605691309051569,82.23,3,27604.7186624325,3,0.137231411214061,6354,Significant_Damage_And_Serious_Injuries
525,42.4657534246575,19,9,80.4010938924339,0.243628561125135,76.69,2,31177.1180134519,2,0.421199209085201,8436,Significant_Damage_And_Fatalities
7829,42.1004566210046,16,5,70.0091157702826,0.41816877028489,75.14,2,61815.4982895265,2,0.773009611486721,10380,Minor_Damage_And_Injuries
5392,61.4611872146119,13,2,79.1704649042844,0.272838802740714,80.55,7,37614.5594211291,2,0.0034627708419713,4545,Significant_Damage_And_Fatalities
660,42.283105022831,9,7,88.0583409298086,0.251201586729174,82.8,2,30619.787367647,1,0.413798628240295,9068,Highly_Fatal_And_Damaging
7994,37.2146118721461,11,1,57.8395624430264,0.304573386224305,83.56,4,43693.778543788,2,0.0796140496419091,6308,Highly_Fatal_And_Damaging
6366,53.7442922374429,9,17,68.3682771194166,0.397974035340786,76.96,3,24023.5877451124,2,0.119606400550729,2506,Significant_Damage_And_Serious_Injuries
2046,36.2557077625571,11,4,52.9626253418414,0.467573746844573,81.46,4,38286.9508972876,2,0.0705965089914202,7757,Significant_Damage_And_Fatalities
540,51.0502283105023,7,0,72.151321786691,0.323686260367832,82.11,7,13224.3355164054,3,0.0012442451096944,6375,Highly_Fatal_And_Damaging
4512,29.5890410958904,13,8,73.3819507748405,0.317195095564371,79.51,4,27348.7440760258,2,0.0503793565096615,800,Highly_Fatal_And_Damaging
6023,6.02739726027397,23,0,52.8714676390155,0.638507753335737,79.78,3,3855.7438170101,3,0.0335592574899424,11906,Minor_Damage_And_Injuries
9897,76.027397260274,9,6,65.1321786690975,0.331980526505589,86.47,7,31631.3776117869,2,0.0029187319774945,8755,Significant_Damage_And_Fatalities
6476,58.8584474885845,14,7,78.5323609845032,0.391482870537324,78.51,2,9023.69269986881,1,0.12212240073769,6374,Significant_Damage_And_Fatalities
4181,43.3333333333333,12,1,90.154968094804,0.298803461954562,83.82,5,48141.3485544039,1,0.0331635429635031,9458,Significant_Damage_And_Serious_Injuries
6787,39.9543378995434,16,0,74.3391066545123,0.239301117922827,77.47,2,30017.3106085214,1,0.404577060303128,12275,Minor_Damage_And_Injuries
2262,51.1872146118721,10,1,59.6627164995442,0.531764154345474,81.72,6,41050.3418331489,1,0.0097969372620784,7089,Significant_Damage_And_Serious_Injuries
354,22.2831050228311,18,4,61.2579762989973,0.52960043274432,78.83,1,29636.502041771,2,1.0902659809403,12388,Significant_Damage_And_Serious_Injuries
5693,60.5479452054795,11,9,80.2643573381951,0.323686260367832,81.36,5,15748.1341436739,2,0.0123379841602936,6103,Minor_Damage_And_Injuries
4885,46.027397260274,8,8,66.2260711030082,0.306376487558601,77.22,1,16029.0812385471,2,0.589488708275267,9626,Highly_Fatal_And_Damaging
9507,46.1643835616438,11,3,66.362807657247,0.380664262531554,87.34,6,35902.3547465078,1,0.0087699826048748,5677,Significant_Damage_And_Serious_Injuries
733,36.4383561643836,14,13,80.8568824065634,0.322965019834114,84.0,3,35986.6918258484,2,0.178747299033169,5762,Significant_Damage_And_Serious_Injuries
3816,27.3059360730594,13,0,65.587967183227,0.414923187883159,82.02,4,40231.6795447782,3,0.0742913315746002,3656,Highly_Fatal_And_Damaging
4680,40.5479452054794,9,13,62.3518687329079,0.375615578795528,78.66,1,21865.1119571099,3,0.79055360627557,9813,Highly_Fatal_And_Damaging
4225,62.5114155251141,13,22,45.897903372835,0.804753696357736,76.81,7,42042.617934553,4,0.0037845533395528,4200,Significant_Damage_And_Serious_Injuries
3810,68.1278538812785,8,8,49.6809480401094,0.437281644428417,84.42,2,20482.4787022466,1,0.277200205655643,2153,Highly_Fatal_And_Damaging
6719,56.027397260274,12,13,63.6736554238833,0.258413992066354,81.83,2,31503.4535809663,2,0.42687048810901,9015,Minor_Damage_And_Injuries
185,29.4063926940639,16,10,64.8131267092069,0.580447890371439,77.87,3,43209.8141033971,3,0.215461327961268,8511,Significant_Damage_And_Serious_Injuries
4186,77.3059360730594,4,1,39.8814949863264,0.502914532996754,78.37,7,32364.3522171259,3,0.0030450705351902,8245,Significant_Damage_And_Serious_Injuries
2373,42.4200913242009,12,9,35.2780309936189,0.705583122971511,81.11,5,46104.7029866108,1,0.0313585716185308,7426,Significant_Damage_And_Serious_Injuries
3111,76.6666666666667,6,21,74.3391066545123,0.27428128380815,75.94,1,33959.191621618,3,1.25753521365365,6184,Minor_Damage_And_Injuries
3501,45.296803652968,11,2,58.6144029170465,0.256610890732059,78.43,3,11360.5979176227,2,0.0540905537896018,6007,Significant_Damage_And_Serious_Injuries
2632,32.9680365296804,12,14,63.6736554238833,0.32116191849982,76.56,1,32800.8368678312,0,1.2138584565258,7406,Highly_Fatal_And_Damaging