,Safety_Score,Days_Since_Inspection,Total_Safety_Complaints,Control_Metric,Turbulence_In_gforces,Cabin_Temperature,Accident_Type_Code,Max_Elevation,Violations,Adverse_Weather_Metric,Accident_ID,Severity
7346,30.7305936073059,19,4,54.3299908842297,0.527797331410025,81.82,3,26015.962941191,2,0.128573249180056,2508,Minor_Damage_And_Injuries
2542,31.1415525114155,12,1,57.5205104831358,0.323325640100974,78.46,4,28783.699290521,2,0.0541065660538752,2871,Highly_Fatal_And_Damaging
3967,24.703196347032,18,3,62.0783956244303,0.518421204471691,83.48,6,36405.033044569,1,0.0083170757330415,9455,Significant_Damage_And_Serious_Injuries
1428,34.7945205479452,11,10,55.1048313582498,0.440887847097007,82.03,2,38406.931881458,2,0.51978130044264,11759,Highly_Fatal_And_Damaging
3498,64.1552511415525,9,9,86.2351868732908,0.351093400649116,83.19,7,42910.6380157239,1,0.0038739971620928,12245,Minor_Damage_And_Injuries
5955,28.4018264840183,13,6,49.6809480401094,0.361551388388027,77.53,4,16337.4324888073,2,0.0288587321163898,11992,Significant_Damage_And_Fatalities
4665,62.0091324200913,6,0,56.0619872379216,0.546910205553552,83.56,3,36837.9660008634,2,0.182502202884981,2721,Significant_Damage_And_Serious_Injuries
1138,38.7671232876712,10,2,49.6809480401094,0.465049404976559,83.57,4,26005.3229868944,2,0.0479837060862173,2604,Significant_Damage_And_Fatalities
541,16.8036529680365,16,9,67.7301731996354,0.449903353768481,77.42,4,38050.7869555455,1,0.0693300746864775,4259,Highly_Fatal_And_Damaging
5029,4.29223744292237,21,2,70.1914311759344,0.23100685178507,80.41,6,38605.8448723499,4,0.0098557091080722,5022,Highly_Fatal_And_Damaging
8681,72.1461187214612,11,7,64.4029170464904,0.32080129823296,81.04,2,26020.7634174777,2,0.352325723733601,3255,Significant_Damage_And_Fatalities
8031,48.8584474885845,17,5,69.7812215132179,0.228843130183916,83.22,7,30696.568878763,1,0.0027962831702802,6742,Significant_Damage_And_Fatalities
5543,37.7625570776256,14,18,60.2552415679125,0.353617742517129,79.45,3,40394.1445253745,2,0.202628386150138,6778,Significant_Damage_And_Serious_Injuries
6815,29.2694063926941,13,1,75.3418413855971,0.337750450775333,86.57,5,40561.6926747208,2,0.0273168021552321,12067,Highly_Fatal_And_Damaging
8986,46.8949771689498,14,19,49.1340018231541,0.687191489361702,79.79,5,31702.3296639883,1,0.0217946673291327,6224,Highly_Fatal_And_Damaging
4557,13.37899543379,18,3,48.7693710118505,0.590545257843491,79.97,4,38484.6290564965,5,0.0708873270749383,10219,Significant_Damage_And_Fatalities
8816,17.4885844748858,16,1,49.9544211485871,0.362272628921745,79.07,6,36511.6143171361,2,0.0082658878703684,11945,Significant_Damage_And_Fatalities
6253,36.1187214611872,11,4,75.1595259799453,0.326571222502704,77.94,1,24420.713003042,2,0.894409699247168,4320,Highly_Fatal_And_Damaging
8112,56.027397260274,12,2,93.6645396536008,0.176553191489361,82.67,2,34177.244084915,3,0.462514456126825,6419,Minor_Damage_And_Injuries
6880,30.6849315068493,16,0,82.9079307201459,0.315752614496934,80.27,6,23126.2919667346,2,0.0054771081574094,9594,Significant_Damage_And_Serious_Injuries
5608,24.8401826484018,14,22,75.4785779398359,0.532124774612333,86.43,3,10571.2705834972,3,0.0538389856628405,11092,Highly_Fatal_And_Damaging
7178,45.4794520547945,15,3,44.1659070191431,0.571071763433105,79.14,3,18915.5090248707,2,0.0970591864698041,547,Highly_Fatal_And_Damaging
4626,46.4840182648402,15,13,50.0911577028259,0.745972592859718,76.86,3,42536.9610561116,3,0.211178175574612,6618,Highly_Fatal_And_Damaging
3037,34.6575342465753,11,5,49.4530537830446,0.531042913811756,79.88,4,28875.5800147687,2,0.0536168001945233,399,Significant_Damage_And_Fatalities
4786,16.1643835616438,17,12,72.0145852324522,0.261659574468085,78.05,7,43767.580522752,2,0.0041581241129062,998,Highly_Fatal_And_Damaging
7670,40.7305936073059,16,10,57.7484047402006,0.717483591777858,83.25,5,43803.4361082034,1,0.0295890722160564,2874,Minor_Damage_And_Injuries
4660,40.3196347031963,13,4,82.2242479489517,0.318276956364948,81.24,4,21156.477787046,2,0.0384089818644619,9103,Significant_Damage_And_Serious_Injuries
9686,20.365296803653,15,2,48.5870556061987,0.641753335737468,78.37,1,29636.502041771,4,1.0963361566327,1696,Significant_Damage_And_Fatalities
1080,72.3287671232876,10,3,37.6481312670921,0.600282005048683,78.46,7,37292.1290296158,1,0.0036652151004875,10216,Significant_Damage_And_Fatalities
7108,14.4748858447489,17,3,43.0720145852325,0.456033898305084,77.67,2,24602.8187246127,3,0.330528596660346,3187,Significant_Damage_And_Fatalities
5289,43.1963470319635,15,8,75.38742023701,0.336307969707898,82.53,1,28433.3299479963,0,1.03274750346758,6995,Minor_Damage_And_Injuries
4647,53.4703196347032,9,1,79.7174111212398,0.297721601153985,79.71,3,33701.3739418717,2,0.168314610673458,1202,Significant_Damage_And_Serious_Injuries
7601,36.4383561643836,11,3,73.7010027347311,0.214418319509556,84.4,7,25758.1197982121,1,0.0022468239768789,5830,Highly_Fatal_And_Damaging
5206,49.4520547945205,7,8,76.9371011850502,0.381746123332131,83.19,4,29261.0724381254,3,0.0532825062350489,4733,Highly_Fatal_And_Damaging
1777,24.703196347032,18,3,81.4038286235187,0.224876307248467,78.7,2,35183.5773073215,1,0.477812895620068,4984,Significant_Damage_And_Serious_Injuries
9817,36.3926940639269,11,13,61.4402917046491,0.423217454020916,76.73,2,45331.8312811159,2,0.619185763380743,10581,Highly_Fatal_And_Damaging
7355,31.9178082191781,15,3,59.2980856882407,0.502914532996754,79.09,6,32127.8884623933,1,0.0076420906281447,11779,Significant_Damage_And_Serious_Injuries
3352,27.1689497716895,17,18,54.2388331814038,0.404104579877389,80.67,7,21763.437598859,2,0.0019527384636911,1118,Significant_Damage_And_Serious_Injuries
1544,20.2283105022831,15,3,70.510483135825,0.382827984132708,81.55,4,37773.3553764435,2,0.0698675424887429,7419,Highly_Fatal_And_Damaging
2866,37.5342465753425,10,1,64.3573381950775,0.204320952037505,81.26,4,39996.5548245716,1,0.0731233481438206,5047,Highly_Fatal_And_Damaging
9470,32.6027397260274,12,7,64.2661804922516,0.209009015506671,79.01,3,23362.5382988508,2,0.1184800229025,4874,Highly_Fatal_And_Damaging
2811,36.1187214611872,11,4,62.5797629899727,0.383909844933285,77.82,2,28248.2003469655,2,0.382297819488116,2152,Highly_Fatal_And_Damaging
3689,60.5479452054795,14,25,70.1002734731085,0.384631085467003,83.23,7,30864.81098715,4,0.0028912406634845,10371,Significant_Damage_And_Fatalities
2100,32.9223744292237,12,7,75.2506836827712,0.316473855030653,79.86,6,35683.7717435303,1,0.0086999933038709,1469,Highly_Fatal_And_Damaging
8420,46.62100456621,8,15,65.2233363719235,0.38931914893617,80.77,7,36384.8862884969,2,0.0030445776739347,8520,Highly_Fatal_And_Damaging
1045,62.6940639269406,6,21,45.4876937101185,0.48632600072124,81.8,6,29830.8511379732,1,0.0075125667175944,9096,Minor_Damage_And_Injuries
7980,16.3470319634703,17,5,85.5515041020967,0.271396321673278,80.47,1,31850.8592555814,1,1.16677479820232,12159,Highly_Fatal_And_Damaging
9845,19.1780821917808,16,5,74.61257976299,0.204320952037505,77.1,1,30184.6648912744,3,1.11043176521493,11378,Highly_Fatal_And_Damaging
7200,8.53881278538813,19,15,69.7356426618049,0.222712585647313,79.07,6,36566.3964795644,3,0.0086339945772623,2897,Highly_Fatal_And_Damaging
812,32.4200913242009,12,14,55.4694621695533,0.475507392715471,84.8,4,44914.3691492549,1,0.0817928467836764,4214,Significant_Damage_And_Fatalities
2764,32.4200913242009,12,10,48.9061075660894,0.422496213487198,81.3,3,35285.2690352296,2,0.175675010183545,8483,Highly_Fatal_And_Damaging
1951,51.6438356164384,13,13,77.5296262534184,0.313228272628922,81.01,1,35815.5275372957,3,1.30960836210872,10976,Minor_Damage_And_Injuries
9732,44.337899543379,15,6,76.7092069279854,0.335226108907321,82.53,2,50246.9001511825,4,0.67415476619384,4271,Minor_Damage_And_Injuries
6394,41.7351598173516,16,3,72.4247948951687,0.240743598990263,89.51,2,27720.6039256864,1,0.378036720539273,6722,Minor_Damage_And_Injuries
4603,36.8493150684931,14,3,62.6253418413856,0.325128741435269,82.53,3,41413.121702732,2,0.205286208938162,4072,Significant_Damage_And_Serious_Injuries
4449,14.0639269406393,17,13,62.3518687329079,0.477671114316625,80.23,4,27508.984750849,2,0.0495634535588507,9801,Highly_Fatal_And_Damaging
3837,20.5022831050228,15,9,59.8906107566089,0.267429498737829,80.55,4,36059.2215837245,2,0.0665314538675571,9029,Highly_Fatal_And_Damaging
2550,19.9086757990868,15,4,71.1030082041933,0.506160115398485,78.41,4,27296.4950902876,1,0.0497094031861019,8753,Highly_Fatal_And_Damaging
5519,29.8173515981735,16,3,41.6590701914312,0.456033898305084,78.96,3,18491.7313994727,2,0.0900111876406189,11503,Minor_Damage_And_Injuries
8493,44.8858447488584,11,0,69.8723792160438,0.393646592138478,77.94,1,28072.9877206237,2,1.04600375319121,4918,Significant_Damage_And_Serious_Injuries
4991,36.8036529680365,10,5,56.1075660893346,0.439445366029571,76.48,2,31318.3861110589,3,0.423441678295481,9486,Significant_Damage_And_Fatalities
7676,69.7260273972603,7,9,68.2771194165907,0.35686332491886,79.65,2,22472.1674595243,4,0.305093661170335,9546,Minor_Damage_And_Injuries
7694,87.4885844748858,6,21,72.971741112124,0.492817165524703,84.03,7,43564.0944400642,2,0.0038872058821915,10285,Significant_Damage_And_Fatalities
8856,36.0730593607306,17,2,66.1804922515953,0.430429859358096,82.31,2,41053.1448653431,4,0.553650909787565,1094,Minor_Damage_And_Injuries
151,28.9497716894977,13,4,69.5989061075661,0.334865488640461,83.29,4,36539.8993329714,3,0.0672971342373965,10412,Highly_Fatal_And_Damaging
1784,39.1324200913242,10,1,52.6435733819508,0.387155427335016,77.48,3,27182.921710058,3,0.134224010429362,341,Significant_Damage_And_Fatalities
1500,52.1917808219178,13,3,69.4165907019143,0.306376487558601,80.44,4,41493.4938799816,3,0.0758299007487241,11164,Minor_Damage_And_Injuries
9141,28.675799086758,13,6,58.97903372835,0.284739271547061,78.68,1,11212.8547952203,2,0.449594698919749,6910,Highly_Fatal_And_Damaging
694,45.6164383561644,11,6,39.8814949863264,0.584775333573747,81.74,4,22022.4520363672,3,0.0404193589227867,1827,Minor_Damage_And_Injuries
4877,37.2146118721461,11,0,68.6417502278943,0.146261089073206,76.63,4,30918.2798878022,0,0.0576727377660007,6664,Highly_Fatal_And_Damaging
1926,20.2283105022831,15,5,71.1030082041933,0.388958528669311,79.49,4,31115.766134544,3,0.0576905077338298,2889,Highly_Fatal_And_Damaging
3812,30.0,13,11,69.644484958979,0.351454020915975,84.3,4,43635.7546909786,2,0.0798112391732618,1813,Highly_Fatal_And_Damaging
2412,24.6575342465753,18,11,56.8368277119417,0.408792643346556,78.49,2,32314.577381767,3,0.436765191481662,9295,Minor_Damage_And_Injuries
9555,60.1369863013699,10,5,71.9690063810392,0.444133429498738,82.74,4,24664.5289303028,2,0.0457032669423757,11742,Minor_Damage_And_Injuries
4857,61.1872146118721,7,10,61.2579762989973,0.418529390551749,80.03,3,28156.6962344969,2,0.140626767258425,3031,Significant_Damage_And_Serious_Injuries
5573,35.9817351598173,11,6,85.9617137648131,0.260217093400649,81.82,2,42885.3906813459,1,0.577778976533685,7913,Highly_Fatal_And_Damaging
9019,19.2237442922374,16,3,71.6499544211486,0.456755138838803,84.6,6,12239.7172862064,2,0.0037615391463011,5291,Highly_Fatal_And_Damaging
2554,33.1050228310502,15,2,69.7812215132179,0.289066714749369,78.16,1,28793.1686940315,1,1.05885006874956,3832,Significant_Damage_And_Serious_Injuries
9615,49.1780821917808,10,1,67.3199635369189,0.300606563288856,76.89,5,14254.382330396,3,0.0116003338192722,6544,Significant_Damage_And_Serious_Injuries
8378,41.1872146118721,9,12,70.8751139471286,0.359387666786873,88.39,4,35683.7170907573,1,0.0650199308625511,11583,Highly_Fatal_And_Damaging
6699,41.1415525114155,12,0,76.9371011850502,0.40013775694194,77.81,3,32158.99176163,4,0.160237023074609,11418,Significant_Damage_And_Serious_Injuries
3777,56.7123287671233,15,12,57.5205104831358,0.727941579516768,80.19,7,39152.9933728058,3,0.0035784413481083,7378,Significant_Damage_And_Fatalities
7228,48.4931506849315,14,8,59.2980856882407,0.375976199062387,80.74,5,32346.154299063,1,0.022192923086607,4849,Minor_Damage_And_Injuries
7391,70.4109589041096,11,0,60.7110300820419,0.368403173458348,81.73,5,36104.8569903325,3,0.024495461619962,5462,Significant_Damage_And_Fatalities
4457,50.365296803653,13,0,58.3865086599818,0.303852145690588,79.27,2,32765.992595361,0,0.444452039038506,996,Minor_Damage_And_Injuries
3580,60.1369863013699,10,6,58.6144029170465,0.370927515326361,75.7,2,28904.6970099578,1,0.392319835029806,9233,Minor_Damage_And_Injuries
336,24.1552511415525,18,6,74.0200546946217,0.181962495492247,83.94,1,31398.4115377294,1,1.16365904523149,4548,Significant_Damage_And_Serious_Injuries
1620,58.1278538812785,11,0,54.9680948040109,0.384991705733862,80.13,3,12320.2835343692,2,0.0627235617216595,10764,Highly_Fatal_And_Damaging
2360,67.5342465753425,12,8,72.2880583409298,0.23100685178507,76.71,7,41428.983072818,2,0.0040253876116715,3167,Significant_Damage_And_Fatalities
6928,37.4885844748858,14,0,73.1540565177758,0.27788748647674,78.11,3,29660.9634883589,1,0.147855294184092,5037,Significant_Damage_And_Serious_Injuries
9938,18.310502283105,16,1,80.6745670009116,0.2201882437793,75.68,1,26623.2048805474,3,0.978454626515347,2609,Highly_Fatal_And_Damaging
6409,36.62100456621,11,7,68.5050136736554,0.319358817165525,80.96,5,27416.8061676674,2,0.0179458235336835,8675,Highly_Fatal_And_Damaging
5877,41.324200913242,16,8,62.9443938012762,0.321522538766679,77.44,2,22318.1217237451,1,0.305041894227416,1812,Minor_Damage_And_Injuries
1831,49.3607305936073,14,6,48.2224247948952,0.516618103137396,85.4,5,45350.7603179123,3,0.0295882262366942,5467,Highly_Fatal_And_Damaging
1752,41.7808219178082,9,1,71.1485870556062,0.516978723404255,88.78,1,24312.5763266109,2,0.905184703862421,5924,Highly_Fatal_And_Damaging
6279,30.3196347031963,16,0,86.9644484958979,0.220548864046159,76.89,3,42630.0016766009,3,0.211596151973155,2190,Significant_Damage_And_Serious_Injuries
1469,42.9680365296804,15,4,58.7055606198724,0.414923187883159,79.6,3,47462.7280298216,1,0.233867615945716,2355,Minor_Damage_And_Injuries
5781,25.7077625570776,14,5,62.1695533272562,0.288345474215651,81.88,5,21541.920815782,2,0.0140645549945742,2961,Highly_Fatal_And_Damaging
1368,14.2465753424657,17,0,71.6043755697357,0.290148575549946,77.36,4,24287.3133510699,3,0.0449289157473636,11727,Highly_Fatal_And_Damaging
6422,35.2511415525114,18,8,74.8860528714676,0.281133068878471,78.92,4,25262.9323082404,0,0.0462843448938988,11322,Minor_Damage_And_Injuries
4251,31.8264840182648,12,2,80.355515041021,0.229203750450775,79.83,1,31922.1003230797,2,1.17221429563847,10274,Highly_Fatal_And_Damaging
4611,45.6164383561644,15,2,65.8158614402917,0.224515686981608,80.09,2,34076.4536138475,0,0.462538700847881,136,Minor_Damage_And_Injuries
3850,47.0319634703196,14,13,76.9826800364631,0.324768121168409,80.0,2,49881.2703654481,2,0.668862532692016,1621,Minor_Damage_And_Injuries
8132,29.9543378995434,22,0,66.6818596171377,0.306376487558601,83.58,7,33784.9537224768,1,0.0032923367958409,8671,Significant_Damage_And_Fatalities
8260,80.5936073059361,8,7,87.2379216043756,0.28509989181392,80.75,1,40431.3115633387,0,1.49815531093095,4388,Significant_Damage_And_Fatalities
4013,42.5114155251142,12,6,68.049225159526,0.311064551027768,81.06,4,26755.0079413697,2,0.049008374205047,12257,Significant_Damage_And_Serious_Injuries
2429,35.7990867579909,14,4,62.1695533272562,0.415644428416877,77.6,6,51754.9703998605,0,0.0129816301448266,5739,Significant_Damage_And_Serious_Injuries
2062,55.8447488584475,8,10,66.3172288058341,0.416726289217454,78.31,3,31035.6551968925,2,0.153635639691209,4448,Significant_Damage_And_Serious_Injuries
9357,39.8173515981735,17,0,64.2661804922516,0.414923187883159,76.05,1,8335.48049352774,1,0.3894869352415,9821,Minor_Damage_And_Injuries
9174,31.0502283105023,12,3,73.3363719234275,0.342799134511359,84.99,4,21651.0494588669,1,0.0396756532782891,8070,Highly_Fatal_And_Damaging
4597,39.8173515981735,10,2,66.5907019143118,0.460721961774252,78.68,2,48251.5866215288,2,0.653900333012144,1168,Highly_Fatal_And_Damaging
9841,56.62100456621,12,6,73.3363719234275,0.342799134511359,78.97,2,24800.8223293705,2,0.335627808937991,375,Minor_Damage_And_Injuries
8089,41.2785388127854,13,17,53.6007292616226,0.548713306887847,83.73,3,39380.2913549638,2,0.194627896518072,6531,Minor_Damage_And_Injuries
8696,27.3972602739726,17,4,71.6499544211486,0.438724125495853,79.77,6,20743.3374704144,2,0.005098132215622,2541,Significant_Damage_And_Serious_Injuries
4222,56.8949771689498,8,21,60.6198723792161,0.371648755860079,90.65,2,39765.5148626154,1,0.537374915697402,1248,Significant_Damage_And_Serious_Injuries
4538,65.8904109589041,9,37,42.0692798541477,0.606412549585286,79.88,7,48367.5893217614,2,0.0045467181518066,10214,Significant_Damage_And_Serious_Injuries
9885,77.8082191780822,9,6,40.8386508659982,0.406628921745402,75.98,7,46713.1308762299,1,0.0039176025678099,11834,Significant_Damage_And_Serious_Injuries
7055,34.0639269406393,15,3,72.5159525979946,0.319358817165525,78.82,6,44036.8146613431,2,0.0105311041601846,11821,Significant_Damage_And_Serious_Injuries
1366,32.9223744292237,15,5,78.3044667274385,0.267429498737829,76.61,6,14582.4606952481,3,0.0038389754318923,6533,Significant_Damage_And_Serious_Injuries
9374,51.5981735159817,16,6,74.2023701002735,0.33883231157591,82.09,7,28715.6839316491,2,0.0028227790315793,5608,Significant_Damage_And_Fatalities
5922,35.0228310502283,14,10,62.3974475843209,0.403022719076812,78.66,3,29952.076015557,3,0.149717568801361,4145,Significant_Damage_And_Serious_Injuries
6826,39.1780821917808,13,7,69.0519598906108,0.320080057699243,79.6,3,51422.204638187,2,0.261035850408322,7318,Significant_Damage_And_Serious_Injuries
3042,46.8493150684931,7,15,88.4685505925251,0.29591849981969,75.35,2,40311.896520282,1,0.546221486814704,11556,Highly_Fatal_And_Damaging
2410,22.3287671232877,18,6,66.0437556973564,0.269953840605842,80.95,6,23183.5787772982,1,0.005098132215622,9469,Significant_Damage_And_Serious_Injuries
2468,59.3150684931507,14,1,84.5487693710119,0.309982690227191,76.3,7,15690.4942394297,2,0.001281236623376,11629,Significant_Damage_And_Fatalities
4763,51.2785388127854,13,1,54.8313582497721,0.434396682293545,80.42,2,37853.1677471245,2,0.51228691784601,11994,Highly_Fatal_And_Damaging
7174,29.4520547945205,13,10,53.7830446672744,0.416365668950595,82.92,1,29989.0265842119,2,1.10323463410754,12382,Significant_Damage_And_Fatalities
9010,51.2328767123288,13,14,62.0783956244303,0.490292823656689,77.02,2,33324.2968969837,2,0.451859982865108,454,Minor_Damage_And_Injuries
7862,38.1278538812785,10,1,73.5186873290793,0.394728452939055,78.74,1,35132.226456787,1,1.28587911562902,9782,Highly_Fatal_And_Damaging
9974,29.8173515981735,16,3,49.6809480401094,0.696567616300036,81.39,2,27654.2850151467,3,0.374260049523089,6540,Minor_Damage_And_Injuries
6988,33.9269406392694,11,7,52.0510483135825,0.422496213487198,81.89,4,31317.0921055837,3,0.0581459892078883,301,Significant_Damage_And_Fatalities
8590,44.5662100456621,12,15,55.6061987237922,0.440887847097007,77.93,3,33889.049386107,2,0.168140868870435,10110,Minor_Damage_And_Injuries
2768,63.1963470319635,13,5,60.9845031905196,0.344962856112513,79.88,7,14894.1620202017,3,0.0012985721361449,10551,Significant_Damage_And_Fatalities
9316,42.1004566210046,12,8,56.1531449407475,0.439445366029571,80.72,3,27243.1511537835,2,0.136592250612013,3893,Minor_Damage_And_Injuries
2774,19.2237442922374,16,0,52.3701002734731,0.254447169130905,75.14,1,23797.3487466829,0,0.877709245152039,2028,Significant_Damage_And_Fatalities
5749,51.2785388127854,10,3,73.746581586144,0.296279120086549,78.16,3,36295.1033532213,2,0.18124998691243,637,Significant_Damage_And_Serious_Injuries
7763,33.972602739726,15,0,66.40838650866,0.387516047601875,80.98,3,42493.8649575514,2,0.211029208941677,1126,Significant_Damage_And_Serious_Injuries
8514,44.337899543379,15,14,79.7174111212398,0.289427335016228,87.79,4,23412.7822849923,2,0.0434693964976293,5403,Minor_Damage_And_Injuries
4310,24.9315068493151,18,6,65.0410209662717,0.439084745762712,79.09,6,27487.6888024332,3,0.006916603702244,1996,Significant_Damage_And_Serious_Injuries
8108,42.283105022831,12,18,60.665451230629,0.353617742517129,78.55,7,45795.5029606522,3,0.0039914073496505,7099,Significant_Damage_And_Serious_Injuries
3272,24.7945205479452,14,7,40.2917046490429,0.727941579516768,82.49,1,48855.4898240516,1,1.78470437040199,10287,Significant_Damage_And_Fatalities
4441,51.2785388127854,10,13,66.1349134001823,0.286542372881356,77.27,7,40019.496871603,1,0.0034807230749904,10064,Significant_Damage_And_Serious_Injuries
6851,46.1643835616438,11,10,66.2260711030082,0.413841327082582,80.23,6,28542.004184011,3,0.0073669243003083,1482,Significant_Damage_And_Serious_Injuries
8730,49.1780821917808,14,6,57.1103008204193,0.447379011900469,85.91,2,32017.1188487045,1,0.433893499307323,8797,Minor_Damage_And_Injuries
7361,28.9041095890411,13,0,39.7447584320875,0.553401370357014,86.03,2,44821.4006674425,2,0.606591695439003,12300,Highly_Fatal_And_Damaging
8937,49.2694063926941,10,5,58.6144029170465,0.296279120086549,79.55,6,39923.9953288216,1,0.0095755375689134,1541,Significant_Damage_And_Serious_Injuries
6322,60.1826484018265,10,7,45.2597994530538,0.520945546339704,81.8,7,21768.7855190636,5,0.0018293760999619,2502,Significant_Damage_And_Serious_Injuries
9333,20.1369863013699,19,0,58.6599817684595,0.46865560764515,76.58,3,36624.2796276571,2,0.18306517420971,10501,Significant_Damage_And_Serious_Injuries
7784,19.1324200913242,21,0,59.4348222424795,0.267429498737829,80.96,3,36059.2215837245,2,0.179225376528475,1037,Highly_Fatal_And_Damaging
6206,56.8949771689498,8,2,100.0,0.214418319509556,84.83,3,41662.6922278005,3,0.208414226253688,11402,Significant_Damage_And_Serious_Injuries
4729,61.2328767123288,7,0,71.2397447584321,0.293754778218536,78.12,3,16229.7283441618,1,0.0789915262449856,4142,Significant_Damage_And_Serious_Injuries
782,45.1141552511415,11,2,71.4220601640839,0.333423007573026,79.06,1,31436.3335417983,1,1.15849931489046,746,Significant_Damage_And_Serious_Injuries
5745,21.2328767123288,15,0,57.5660893345488,0.439084745762712,75.04,4,39443.7243295459,0,0.0728120877547151,1016,Highly_Fatal_And_Damaging
4122,76.1187214611872,6,11,65.1321786690975,0.356142084385142,77.1,2,10487.6113017373,3,0.169198630884806,6200,Minor_Damage_And_Injuries
9014,41.0958904109589,16,1,56.517775752051,0.231728092318788,78.62,2,50122.0197516808,1,0.674011436218172,11398,Highly_Fatal_And_Damaging
3945,35.7077625570776,14,2,82.3154056517776,0.221270104579877,75.68,3,16837.0598386233,1,0.0832574867262534,4979,Significant_Damage_And_Serious_Injuries
9002,42.4200913242009,19,9,53.9653600729262,0.695485755499459,83.43,6,41873.4884147618,1,0.010108419161522,9823,Significant_Damage_And_Serious_Injuries
2684,30.0,13,0,66.6818596171377,0.306376487558601,78.21,4,51474.8711787021,4,0.0979063303069243,3148,Highly_Fatal_And_Damaging
7643,29.5433789954338,16,12,70.0091157702826,0.464328164442842,79.54,6,17260.0722672599,0,0.0043320813271426,5502,Significant_Damage_And_Serious_Injuries
3883,38.7671232876712,13,0,72.4247948951687,0.386794807068157,84.51,3,38521.3038909916,2,0.192253394616584,9337,Significant_Damage_And_Serious_Injuries
2437,28.9041095890411,13,1,40.5195989061076,0.505078254597908,80.13,3,39304.3609998045,0,0.195566783180496,2385,Highly_Fatal_And_Damaging
5589,38.7214611872146,17,2,68.003646308113,0.369845654525784,84.1,7,41724.5687249952,2,0.0041778387948816,7137,Minor_Damage_And_Injuries
4521,48.4931506849315,10,1,63.2634457611668,0.332701767039307,77.09,3,20581.6075298771,1,0.101519827745638,7564,Significant_Damage_And_Serious_Injuries
8993,43.972602739726,8,6,60.665451230629,0.324768121168409,78.8,1,32562.5772352937,1,1.1867680681606,3398,Highly_Fatal_And_Damaging
7256,31.324200913242,16,4,61.7593436645397,0.548352686620988,83.52,1,39289.2195249257,1,1.43260534928215,10197,Significant_Damage_And_Serious_Injuries
64,33.5159817351598,11,2,61.485870556062,0.444133429498738,75.21,4,25794.580871847,3,0.0471571412717711,1459,Highly_Fatal_And_Damaging
20,52.4657534246575,13,0,73.2452142206017,0.221991345113595,81.62,2,39835.7183100935,1,0.538862339469786,10309,Minor_Damage_And_Injuries
1792,65.662100456621,9,20,49.7721057429353,0.433675441759827,78.79,2,17182.4727749403,0,0.225648056800934,12400,Significant_Damage_And_Serious_Injuries
4650,60.1369863013699,11,13,69.8723792160438,0.283296790479625,77.69,2,12895.2925792209,1,0.2007875632122,446,Minor_Damage_And_Injuries
9673,46.6666666666667,14,4,85.1868732907931,0.262380815001803,80.33,1,33941.903054487,1,1.2490580969436,949,Minor_Damage_And_Injuries
3291,22.3744292237443,18,5,59.024612579763,0.335586729174179,75.59,2,32314.577381767,0,0.436192385548046,9530,Significant_Damage_And_Serious_Injuries
2065,19.5433789954338,19,4,64.5396536007293,0.286542372881356,79.37,3,23081.8398280032,2,0.114395822423754,11296,Significant_Damage_And_Serious_Injuries
4796,13.6986301369863,17,0,66.7730173199635,0.380303642264695,76.06,4,36324.9430018409,2,0.0661081166338039,3668,Highly_Fatal_And_Damaging
4419,52.283105022831,9,4,62.6709206927985,0.461803822574828,88.74,6,34501.86147776,2,0.0091970405707927,4185,Significant_Damage_And_Serious_Injuries
8448,57.0776255707762,8,19,65.0865998176846,0.293394157951677,80.8,7,22027.1678575191,4,0.0017971432521038,10117,Significant_Damage_And_Serious_Injuries
3147,49.5890410958904,7,3,75.8432087511395,0.368763793725207,79.3,3,34132.2412197546,2,0.17089911377233,2326,Highly_Fatal_And_Damaging
875,47.1232876712329,11,7,66.9097538742024,0.450263974035341,81.15,4,28878.3958171383,2,0.0539003607023165,5255,Significant_Damage_And_Serious_Injuries
1503,52.1461187214612,6,3,73.2907930720146,0.244349801658853,81.53,3,27827.8514266594,3,0.138981059396441,10461,Significant_Damage_And_Serious_Injuries
3875,62.3744292237443,6,1,73.0173199635369,0.279329967544176,79.19,1,16229.7283441618,2,0.569124611333397,7108,Significant_Damage_And_Serious_Injuries
3121,31.5525114155251,19,11,76.8003646308113,0.380303642264695,82.82,4,30719.4991147123,2,0.0560558043214879,8844,Minor_Damage_And_Injuries
2674,37.3972602739726,14,0,56.517775752051,0.324768121168409,77.89,2,34936.6263297196,2,0.47115359277493,9932,Minor_Damage_And_Injuries
4750,41.9178082191781,12,0,52.1422060164084,0.510848178867652,79.37,3,29224.0229831433,0,0.145406245169267,4298,Minor_Damage_And_Injuries
8288,41.5068493150685,16,4,84.1385597082954,0.273199423007573,78.64,6,13710.446301435,3,0.0035568774101538,9799,Minor_Damage_And_Injuries
3085,48.9954337899543,10,8,56.9279854147676,0.47190119004688,84.42,6,18675.6384579321,0,0.0042800625074455,1760,Minor_Damage_And_Injuries