,Safety_Score,Days_Since_Inspection,Total_Safety_Complaints,Control_Metric,Turbulence_In_gforces,Cabin_Temperature,Accident_Type_Code,Max_Elevation,Violations,Adverse_Weather_Metric,Accident_ID,Severity
1919,33.6073059360731,15,4,69.5533272561531,0.333062387306166,77.81,3,20387.3561978739,2,0.101519827745638,3219,Significant_Damage_And_Serious_Injuries
4653,35.0228310502283,14,0,32.7256153144941,0.729744680851064,78.46,5,36310.4576909527,4,0.0240955544858232,6751,Minor_Damage_And_Injuries
9649,4.29223744292237,23,0,70.1914311759344,0.199632888568337,78.52,6,36566.3964795644,4,0.009016653269353,10003,Highly_Fatal_And_Damaging
1502,32.7397260273973,12,0,69.5077484047402,0.337029210241615,79.14,4,26453.2769203909,3,0.0484508667497566,1206,Highly_Fatal_And_Damaging
5992,12.4657534246575,18,0,55.6973564266181,0.633098449332852,78.46,4,40580.037740715,1,0.0735958717115776,9537,Highly_Fatal_And_Damaging
4815,34.1095890410959,11,1,73.4731084776664,0.419971871619185,82.21,4,26674.9433945282,1,0.0489849322409907,1273,Highly_Fatal_And_Damaging
5539,42.648401826484,8,22,61.485870556062,0.419611251352326,78.56,7,36384.8862884969,2,0.0031534410697426,7243,Highly_Fatal_And_Damaging
8994,52.3744292237443,9,12,73.5186873290793,0.318276956364948,77.86,4,32624.4911271595,2,0.0599548194439076,10857,Significant_Damage_And_Serious_Injuries
9249,36.1643835616438,11,1,59.9817684594348,0.268150739271547,76.35,2,30380.7345549793,1,0.412493537274305,2313,Highly_Fatal_And_Damaging
5490,52.8767123287671,13,4,67.7757520510483,0.37489433826181,79.71,4,24262.8963865492,4,0.044555720248319,5877,Minor_Damage_And_Injuries
2946,41.324200913242,13,8,64.9954421148587,0.32116191849982,81.2,3,22318.1217237451,2,0.111669094338871,2061,Significant_Damage_And_Serious_Injuries
196,32.9223744292237,15,12,57.7484047402006,0.40735016227912,84.26,3,25131.3222040264,2,0.125493231955833,1470,Significant_Damage_And_Serious_Injuries
3202,33.013698630137,18,2,74.9316317228806,0.222351965380454,77.47,7,28852.4655752009,2,0.0027921631889671,2373,Minor_Damage_And_Injuries
9479,32.5570776255708,15,8,76.0255241567913,0.380303642264695,78.31,6,37949.724386184,3,0.0101249384175377,8800,Significant_Damage_And_Serious_Injuries
806,30.8219178082192,16,16,67.7301731996354,0.375615578795528,82.54,3,27170.4051650641,1,0.134763236432874,308,Significant_Damage_And_Serious_Injuries
5706,69.9086757990868,11,11,53.9653600729262,0.607855030652723,79.89,4,31988.1959886504,2,0.0593813308679131,4575,Significant_Damage_And_Serious_Injuries
3643,43.2876712328767,9,1,73.4731084776664,0.418529390551749,78.56,1,32195.2158587431,3,1.18749207933344,358,Highly_Fatal_And_Damaging
9684,30.7305936073059,16,16,61.3491340018232,0.299524702488279,77.19,4,14053.4045980027,1,0.0255489502130423,11769,Significant_Damage_And_Serious_Injuries
1252,38.4474885844749,17,6,73.746581586144,0.352535881716553,76.96,2,29821.7823571095,2,0.403086320643623,7059,Minor_Damage_And_Injuries
5820,26.3470319634703,17,7,79.3983591613491,0.315752614496934,78.01,6,45239.9524774151,0,0.0115453696276444,6667,Significant_Damage_And_Serious_Injuries
9062,43.2876712328767,15,9,63.7648131267092,0.36046952758745,75.55,2,31546.4382673113,2,0.42706926105018,4995,Minor_Damage_And_Injuries
1379,30.9132420091324,16,2,62.6253418413856,0.307818968626037,76.68,4,35012.6011594488,1,0.0638525434029938,9563,Significant_Damage_And_Serious_Injuries
9042,27.7168949771689,13,0,85.5059252506837,0.19133862243058,78.76,1,18807.9837594115,1,0.683703597705298,2681,Highly_Fatal_And_Damaging
9234,31.689497716895,19,0,64.3117593436645,0.435478543094122,76.13,6,30497.8886605549,2,0.0071582386490364,3792,Minor_Damage_And_Injuries
5008,50.2283105022831,17,6,74.4302643573382,0.247595384060584,79.31,7,26764.9951679242,2,0.0021741484203101,12403,Significant_Damage_And_Fatalities
6749,42.0547945205479,19,8,45.897903372835,0.411316985214569,76.12,6,4866.79854212583,0,0.0029204344898001,9986,Significant_Damage_And_Serious_Injuries
7707,10.5022831050228,18,0,80.6289881494986,0.281854309412189,77.64,1,31497.9499673991,4,1.15647808158358,12270,Highly_Fatal_And_Damaging
9397,44.0639269406393,12,2,57.2014585232452,0.498587089794446,83.92,3,28454.4613989612,3,0.142325653105797,9193,Significant_Damage_And_Serious_Injuries
61,56.62100456621,8,6,85.6882406563355,0.151670393076091,78.6,6,32932.7239225323,2,0.0081766060915224,6000,Significant_Damage_And_Serious_Injuries
7658,20.8219178082192,15,1,79.3983591613491,0.245792282726289,78.46,4,41371.6365588084,3,0.0763710398578118,9147,Highly_Fatal_And_Damaging
1709,2.64840182648402,23,5,60.9845031905196,0.275363144608727,87.11,4,26418.0517976765,1,0.0482410618460628,1484,Highly_Fatal_And_Damaging
7579,30.3196347031963,12,5,56.8368277119417,0.330538045438154,83.56,3,34772.3120977893,1,0.173410918167831,363,Significant_Damage_And_Fatalities
9212,44.6575342465753,15,1,66.1804922515953,0.252283447529751,78.8,2,16029.0812385471,2,0.210346808285708,2223,Minor_Damage_And_Injuries
1160,19.6803652968037,16,5,60.8021877848678,0.264183916336098,81.82,2,36145.9394669139,1,0.488383082664174,8261,Highly_Fatal_And_Damaging
7266,44.2009132420091,19,4,66.6818596171377,0.340274792643346,77.27,2,52865.2950984951,2,0.703340359053397,11217,Significant_Damage_And_Fatalities
8113,54.7488584474886,9,9,78.5779398359162,0.311064551027768,80.75,5,34578.1339583837,2,0.0227520656738623,11186,Significant_Damage_And_Serious_Injuries
7851,42.0091324200913,16,13,78.9425706472197,0.32116191849982,84.48,1,28364.6114565323,3,1.04371906696974,7843,Minor_Damage_And_Injuries
6923,72.5570776255708,10,1,69.8268003646308,0.263823296069239,79.93,7,26338.7273242953,2,0.002437273931944,4402,Significant_Damage_And_Fatalities
8628,34.3835616438356,11,3,77.7119416590702,0.322243779300397,81.04,4,17735.214441938,1,0.0308467755730608,2684,Highly_Fatal_And_Damaging
2460,40.7762557077626,9,3,85.9617137648131,0.247234763793725,81.24,1,47280.0005576798,2,1.72329445619369,10019,Highly_Fatal_And_Damaging
5636,42.0547945205479,19,9,75.38742023701,0.388597908402452,82.17,7,33740.8858200893,1,0.0032192666671433,10791,Significant_Damage_And_Fatalities
5771,71.7808219178082,10,2,37.2835004557886,0.577923548503426,82.96,5,38888.7530091818,1,0.0266561233781544,11139,Significant_Damage_And_Serious_Injuries
4038,27.1689497716895,13,4,67.7301731996354,0.25264406779661,89.13,4,25170.3306255207,0,0.0458304234541713,8851,Highly_Fatal_And_Damaging
147,54.4292237442922,12,6,68.7784867821331,0.198911648034619,76.58,5,32800.8368678312,2,0.0214505158063771,10489,Minor_Damage_And_Injuries
810,44.2009132420091,19,4,66.6818596171377,0.307458348359178,82.66,2,26493.1345735652,2,0.360857469184247,8244,Significant_Damage_And_Fatalities
6758,52.6027397260274,13,7,52.3245214220602,0.634180310133429,83.28,6,41837.5344215727,1,0.0095037633351292,3139,Highly_Fatal_And_Damaging
5069,30.7762557077626,16,16,66.4995442114859,0.417808150018031,86.13,5,40169.155474508,2,0.0268038442368048,1467,Significant_Damage_And_Serious_Injuries
7059,46.4383561643836,15,7,69.9179580674567,0.438002884962135,77.89,2,18466.4302483408,1,0.251138572994527,4203,Minor_Damage_And_Injuries
7910,36.0730593607306,11,1,76.4813126709207,0.335226108907321,77.91,4,62471.8747985414,2,0.106775559667783,7081,Highly_Fatal_And_Damaging
6043,63.6529680365297,10,2,56.0164083865087,0.438724125495853,83.58,2,20482.4787022466,2,0.276520836417221,12206,Highly_Fatal_And_Damaging
6997,54.7488584474886,9,15,71.6499544211486,0.324046880634692,79.58,6,29978.3820723515,1,0.0075259559048675,4553,Significant_Damage_And_Serious_Injuries
3878,45.7534246575342,11,4,74.8860528714676,0.233531193653083,77.6,3,29664.8117944913,0,0.14794422081512,7998,Significant_Damage_And_Serious_Injuries
5321,12.6940639269406,18,6,51.1850501367366,0.63021348719798,83.9,4,30068.6765992829,2,0.055051130714473,10497,Significant_Damage_And_Fatalities
8963,43.972602739726,8,3,85.1868732907931,0.269953840605842,81.13,1,43154.905667115,2,1.61643465200067,8934,Highly_Fatal_And_Damaging
9313,19.1780821917808,16,4,64.3573381950775,0.305294626758024,82.51,4,31549.4473445581,3,0.0564238689532988,9666,Highly_Fatal_And_Damaging
2234,53.4703196347032,16,0,76.4813126709207,0.296279120086549,82.66,7,22214.4454585654,4,0.0015955173038844,2372,Significant_Damage_And_Fatalities
5837,58.675799086758,8,37,65.4512306289882,0.323325640100974,77.99,7,17341.3048298456,2,0.0020598045405326,3438,Significant_Damage_And_Serious_Injuries
7735,23.4246575342466,14,0,46.0346399270738,0.438724125495853,81.91,1,36638.3487690938,3,1.34636408457868,4191,Significant_Damage_And_Fatalities
4832,39.4063926940639,10,8,49.4530537830446,0.531042913811756,80.45,1,25958.1374625071,4,0.956826200797043,11857,Significant_Damage_And_Fatalities
9341,45.4794520547945,15,0,41.79580674567,0.584414713306888,78.94,3,32211.9572721497,1,0.160237023074609,10550,Highly_Fatal_And_Damaging
2627,26.3470319634703,14,3,89.1066545123063,0.275002524341868,79.71,4,25541.049553423,1,0.0466439852917615,8920,Highly_Fatal_And_Damaging
6573,36.7579908675799,18,8,55.0136736554239,0.307097728092319,76.86,7,35794.8363803313,2,0.0030233382038476,8761,Highly_Fatal_And_Damaging
5892,37.5799086757991,10,8,70.1914311759344,0.225597547782185,80.52,1,11940.7684814106,3,0.3894869352415,4295,Highly_Fatal_And_Damaging
895,42.8310502283105,15,4,59.9817684594348,0.37489433826181,78.46,2,48111.33802557,1,0.653318296764309,9623,Minor_Damage_And_Injuries
2123,27.4885844748858,16,0,67.4111212397448,0.414923187883159,84.72,3,22592.5502620738,1,0.111897062828597,6148,Significant_Damage_And_Serious_Injuries
6877,4.79452054794521,20,5,77.848678213309,0.342438514244501,80.06,4,23042.462103486,2,0.0423891336784103,5158,Highly_Fatal_And_Damaging
2245,38.4474885844749,17,5,66.7730173199635,0.419971871619185,78.64,1,21489.4750236165,2,0.788798022717649,10052,Minor_Damage_And_Injuries
4770,23.8812785388128,18,1,56.8368277119417,0.786362062747926,79.48,7,24600.5650962669,2,0.0022456217739845,4118,Significant_Damage_And_Serious_Injuries
5664,45.5251141552511,8,2,69.1886964448496,0.408071402812838,81.53,4,36281.1594419216,2,0.0657919157803562,2469,Highly_Fatal_And_Damaging
3799,35.2054794520548,11,0,81.7228805834093,0.29555787955283,80.43,7,13945.5728661169,1,0.0014803339740917,12299,Highly_Fatal_And_Damaging
8179,76.62100456621,9,1,62.2607110300821,0.461803822574828,79.43,6,22564.4372023181,3,0.005557064300179,12170,Significant_Damage_And_Fatalities
3649,46.4383561643836,15,4,69.8723792160438,0.33883231157591,83.5,2,40116.9830129984,2,0.542719185044541,7453,Minor_Damage_And_Injuries
4243,19.6803652968037,15,3,54.5578851412944,0.335226108907321,74.82,2,61815.4982895265,0,0.836581796942541,7628,Highly_Fatal_And_Damaging
8923,46.0730593607306,11,10,66.2260711030082,0.46108258204111,79.27,7,40277.3094684945,1,0.0036686543020851,7965,Significant_Damage_And_Serious_Injuries
8491,58.675799086758,7,0,53.6463081130356,0.250119725928597,86.98,2,31187.3406270671,2,0.422074757716085,12478,Minor_Damage_And_Injuries
2961,26.986301369863,17,2,78.8969917958068,0.397974035340786,78.1,3,20487.8674821751,2,0.101519827745638,1360,Significant_Damage_And_Serious_Injuries
5328,31.9178082191781,15,6,59.8906107566089,0.361190768121168,79.45,4,33553.4782836866,1,0.0616426529691811,8022,Significant_Damage_And_Serious_Injuries
340,27.3972602739726,17,4,66.9097538742024,0.223433826181031,78.7,5,19648.8773929689,1,0.0130942787802652,10499,Significant_Damage_And_Serious_Injuries
108,43.5159817351598,12,2,62.0328167730173,0.451345834835918,87.34,3,37571.9051001859,3,0.186909000822854,230,Significant_Damage_And_Serious_Injuries
2445,33.1050228310502,18,2,61.485870556062,0.318276956364948,81.78,1,27761.9538583697,3,1.02676320216031,9644,Minor_Damage_And_Injuries
1293,29.2237442922374,13,3,64.9498632634458,0.458918860439956,80.43,2,40840.646356118,3,0.551419592392081,3450,Highly_Fatal_And_Damaging
2997,33.7442922374429,11,7,59.9817684594348,0.358305805986296,86.13,2,39765.5148626154,3,0.538862339469786,2773,Highly_Fatal_And_Damaging
923,56.7579908675799,8,3,74.4302643573382,0.435478543094122,85.72,3,13504.5464512098,4,0.0659238242008835,4754,Significant_Damage_And_Serious_Injuries
3354,44.9315068493151,15,2,60.7110300820419,0.318276956364948,78.95,2,36133.3387032021,2,0.492287322989391,420,Minor_Damage_And_Injuries
9872,36.0730593607306,11,1,86.918869644485,0.203599711503786,80.65,2,22458.282532452,2,0.305093661170335,8589,Highly_Fatal_And_Damaging
9826,52.7397260273972,6,20,82.0875113947128,0.228482509917057,77.52,4,37253.905366837,0,0.068210006095578,2533,Highly_Fatal_And_Damaging
6782,23.4703196347032,14,8,53.327256153145,0.392204111071042,85.17,4,34446.9762238693,3,0.0633404852395013,8311,Significant_Damage_And_Fatalities
9542,42.8767123287671,12,3,67.7301731996354,0.253004688063469,83.07,3,35370.911468562,3,0.175707515440699,565,Significant_Damage_And_Serious_Injuries
724,31.7351598173516,15,1,73.6098450319052,0.388958528669311,79.14,3,38973.1647547029,2,0.195925057316619,8316,Significant_Damage_And_Serious_Injuries
731,51.7351598173516,13,15,41.6134913400182,0.485604760187523,86.59,3,18083.0495385202,5,0.0908168756629649,2029,Highly_Fatal_And_Damaging
5623,58.0365296803653,11,9,64.5852324521422,0.362633249188604,81.76,2,36844.4611648139,4,0.501902736522082,3093,Minor_Damage_And_Injuries
9315,25.3424657534247,14,6,57.5205104831358,0.282214929679048,80.8,1,33797.1289307845,2,1.24631439155671,7042,Highly_Fatal_And_Damaging
6599,47.4429223744292,11,1,73.1996353691887,0.32116191849982,79.76,6,31227.8825232193,2,0.0081280799171015,7416,Significant_Damage_And_Serious_Injuries
2593,53.013698630137,9,16,86.8277119416591,0.276805625676163,78.43,6,48317.9303453667,2,0.0117574692248208,6517,Significant_Damage_And_Serious_Injuries
9406,47.8538812785388,14,2,56.9735642661805,0.487768481788677,77.04,5,32577.9908478634,1,0.0217946673291327,5818,Highly_Fatal_And_Damaging
5244,45.0684931506849,11,20,66.9097538742024,0.298803461954562,88.71,7,32301.4341762744,1,0.0033047001729781,693,Significant_Damage_And_Serious_Injuries
2572,58.2648401826484,11,10,64.4940747493163,0.27788748647674,77.64,2,30615.0043937329,1,0.413798628240295,2025,Minor_Damage_And_Injuries
7052,40.5479452054794,13,7,79.0337283500456,0.249759105661738,79.99,6,55177.5258411715,1,0.0150402899314281,11246,Significant_Damage_And_Serious_Injuries
4921,70.0,8,7,80.4010938924339,0.293394157951677,81.78,2,43912.8212802953,2,0.592637233865426,2,Minor_Damage_And_Injuries
5121,17.0776255707763,16,15,75.6608933454877,0.394367832672196,76.44,1,33393.5930883868,1,1.23244148024859,685,Highly_Fatal_And_Damaging
817,77.4885844748858,8,1,74.7948951686418,0.338471691309052,79.85,1,30270.7936697433,1,1.11043176521493,9536,Significant_Damage_And_Fatalities
4335,28.9041095890411,13,3,41.2488605287147,0.757151821132347,78.51,3,51535.3662523604,1,0.252486007013691,9575,Significant_Damage_And_Fatalities
8102,73.5159817351598,10,19,69.5533272561531,0.246874143526866,78.2,4,23275.6522223314,2,0.0423891336784103,8968,Significant_Damage_And_Fatalities
8884,39.8173515981735,17,5,75.2506836827712,0.324046880634692,75.69,5,12024.898224047,1,0.008688779793649,1727,Minor_Damage_And_Injuries
6871,49.5890410958904,10,15,51.0483135824977,0.54041904075009,83.6,4,38896.1729120633,3,0.0717190222705393,3266,Minor_Damage_And_Injuries
9222,31.2785388127854,12,12,69.0975387420237,0.34965091958168,87.86,4,30469.2343965727,2,0.0556671565499178,3231,Highly_Fatal_And_Damaging
5991,45.3424657534247,15,14,66.8641750227894,0.276084385142445,81.15,2,40101.9196560567,4,0.541152830444993,12117,Minor_Damage_And_Injuries
3594,17.9908675799087,16,7,62.0783956244303,0.494980887125856,81.18,4,19618.548566256,3,0.0356172029643824,4734,Highly_Fatal_And_Damaging
409,54.5205479452055,8,0,57.4293527803099,0.721450414713307,78.9,3,28162.0204173235,3,0.140626767258425,5427,Significant_Damage_And_Serious_Injuries
3052,32.8767123287671,19,9,55.6973564266181,0.368403173458348,79.21,5,35834.1533292146,2,0.0240955544858232,10176,Minor_Damage_And_Injuries
4891,18.310502283105,16,8,59.6171376481313,0.392204111071042,76.95,1,33393.5930883868,1,1.2282281733603,1895,Highly_Fatal_And_Damaging
2337,63.1963470319635,13,16,64.4484958979034,0.414923187883159,78.85,3,26319.2897654992,2,0.131215115356971,8824,Significant_Damage_And_Fatalities
2664,28.4931506849315,20,22,58.3865086599818,0.404104579877389,77.27,6,38017.7118627644,3,0.0103007561471358,10033,Minor_Damage_And_Injuries
8745,52.5114155251141,9,14,51.5041020966272,0.539697800216372,79.75,7,30336.890529747,1,0.0027762399369824,6936,Minor_Damage_And_Injuries
8304,28.9041095890411,13,0,68.3682771194166,0.398695275874504,76.13,1,38752.9477457052,3,1.42618225353357,11033,Highly_Fatal_And_Damaging
8560,63.8356164383562,6,2,82.3154056517776,0.187371799495131,81.53,6,26757.6656772763,3,0.0069957046787482,8928,Significant_Damage_And_Serious_Injuries
25,61.8264840182648,13,7,66.1349134001823,0.423217454020916,78.07,6,42607.0710974919,1,0.0106066637907699,10987,Significant_Damage_And_Fatalities
9442,25.3881278538813,14,11,64.767547857794,0.458918860439956,77.87,4,18505.6168776094,2,0.0344640314807206,4282,Highly_Fatal_And_Damaging
5382,20.5479452054795,15,14,54.2844120328168,0.40013775694194,81.19,2,32417.9301673667,3,0.438728976114531,2501,Significant_Damage_And_Fatalities
2553,56.5753424657534,11,1,62.5341841385597,0.402662098809953,79.08,2,13007.02233062,1,0.203271717800248,4015,Minor_Damage_And_Injuries
4731,55.8447488584475,12,2,88.6052871467639,0.207566534439235,80.64,5,33268.4518194129,3,0.0218634673868009,4107,Minor_Damage_And_Injuries
9688,15.4337899543379,17,2,57.2470373746582,0.444133429498738,85.07,4,49961.381759709,2,0.0905402526442483,5814,Highly_Fatal_And_Damaging
3992,34.0182648401826,18,0,46.3536918869645,0.663029931482149,87.11,2,11344.0221880675,2,0.167498543894157,7700,Highly_Fatal_And_Damaging
2063,62.3287671232877,13,5,75.0683682771194,0.237858636855391,78.56,7,13696.9970624703,4,0.0014075847398731,10289,Significant_Damage_And_Fatalities
7086,46.4383561643836,11,0,55.6517775752051,0.444854670032455,77.93,1,40389.7984746736,3,1.49336645053839,5887,Minor_Damage_And_Injuries
8382,23.013698630137,14,22,73.4275296262534,0.338471691309052,79.81,1,16868.7507825344,2,0.647130362493558,9600,Highly_Fatal_And_Damaging
6477,43.3333333333333,15,5,70.0091157702826,0.501472051929318,75.01,2,61815.4982895265,1,0.746908740126634,8684,Minor_Damage_And_Injuries
1331,39.4520547945205,13,3,59.2980856882407,0.318637576631806,77.16,6,28183.3231299795,2,0.0065134258015257,9687,Significant_Damage_And_Serious_Injuries
4412,65.4337899543379,4,2,50.6381039197812,0.479474215650919,78.18,3,28135.9173146792,4,0.141031133810539,3736,Significant_Damage_And_Fatalities
4446,2.73972602739726,20,0,76.0255241567913,0.394367832672196,77.56,7,35962.4219910256,1,0.0033245921784687,3829,Highly_Fatal_And_Damaging
589,53.5616438356164,16,0,43.6645396536007,0.400858997475658,79.49,6,40296.8160759999,2,0.0096925891248558,3847,Significant_Damage_And_Serious_Injuries
4216,46.6666666666667,15,4,57.0647219690064,0.308900829426614,77.69,2,29894.4259492026,2,0.406933961928359,10462,Highly_Fatal_And_Damaging
927,31.3698630136986,12,2,80.6745670009116,0.219827623512441,80.73,1,22102.0385431341,2,0.819092324798317,11389,Highly_Fatal_And_Damaging
1942,41.8264840182648,12,0,52.1422060164084,0.510848178867652,79.37,2,22671.8172128642,2,0.303007316955657,10942,Minor_Damage_And_Injuries
516,14.4748858447489,17,3,38.1494986326345,0.705583122971511,77.5,4,36350.8751542663,2,0.0661081166338039,9451,Significant_Damage_And_Fatalities
3861,24.3835616438356,14,2,84.1841385597083,0.301327803822575,80.2,6,25111.1749048795,2,0.0063751423047172,7170,Highly_Fatal_And_Damaging
7673,30.9132420091324,12,0,57.2926162260711,0.348929679047962,83.63,4,42442.8852384222,1,0.0775419698101819,4083,Highly_Fatal_And_Damaging
5333,25.9817351598173,14,7,59.6171376481313,0.390761630003606,78.97,3,32002.9157562489,1,0.159286052499828,6066,Highly_Fatal_And_Damaging
5479,25.2511415525114,14,13,56.6545123062899,0.430790479624955,77.79,2,27702.6663148683,1,0.37489100786849,9163,Significant_Damage_And_Fatalities
3189,76.8493150684932,9,16,63.5369188696445,0.321883159033537,82.14,5,26727.9540994319,0,0.0183988257543123,2121,Significant_Damage_And_Fatalities
7427,35.3881278538813,18,1,79.1704649042844,0.297360980887126,77.56,2,18660.8960062486,3,0.254538380918956,9934,Minor_Damage_And_Injuries
6662,25.662100456621,17,3,49.5897903372835,0.439445366029571,78.72,4,15714.1901232461,2,0.0297420079274472,5207,Minor_Damage_And_Injuries
4756,50.5022831050228,10,3,71.0118505013674,0.326931842769563,78.04,3,26734.0140324126,1,0.134763236432874,8103,Significant_Damage_And_Serious_Injuries
3224,20.4566210045662,15,2,65.9070191431176,0.588020915975477,79.58,4,22183.2572144078,2,0.0412718889170117,11150,Highly_Fatal_And_Damaging
1537,57.945205479452,4,7,49.6809480401094,0.470819329246303,82.27,3,43564.0944400642,0,0.217592818863117,11081,Significant_Damage_And_Fatalities
2941,42.4657534246575,16,1,42.5706472196901,0.432232960692391,78.99,5,8706.41207763477,3,0.008688779793649,91,Highly_Fatal_And_Damaging
5011,23.8812785388128,18,1,37.8304466727438,0.542582762351244,88.01,6,28645.185920645,2,0.0072247415960423,2998,Minor_Damage_And_Injuries
9407,29.3607305936073,13,13,67.7301731996354,0.237137396321673,80.61,4,40821.1958847229,1,0.0755308247324447,7801,Highly_Fatal_And_Damaging
8362,33.1050228310502,15,5,79.2616226071103,0.296639740353408,86.94,6,25373.3038769229,2,0.0062765408515574,1531,Significant_Damage_And_Serious_Injuries
7430,70.0456621004566,8,15,76.5268915223336,0.292672917417959,77.91,5,22235.4870690089,3,0.0159694333458848,9427,Minor_Damage_And_Injuries
297,50.5936073059361,13,5,69.5989061075661,0.430790479624955,81.06,2,47115.2998284055,3,0.637297326574672,11064,Minor_Damage_And_Injuries
1357,36.7579908675799,10,2,56.1531449407475,0.543664623151821,81.79,4,35769.9337769873,2,0.0653794865659297,11767,Significant_Damage_And_Fatalities
7524,55.9817351598173,12,0,88.6052871467639,0.184486837360259,82.06,3,30207.8523138926,1,0.151493600815679,5159,Minor_Damage_And_Injuries
2599,42.5570776255708,19,9,82.8623518687329,0.371648755860079,81.62,7,17377.6273066295,2,0.0015592742448195,2829,Significant_Damage_And_Fatalities
8056,48.9954337899543,14,9,37.6481312670921,0.607133790119004,86.59,7,28384.5263097579,2,0.00285292274889,8593,Minor_Damage_And_Injuries
9539,48.1735159817352,14,6,64.1294439380128,0.25264406779661,81.82,2,34076.4536138475,1,0.464932337248785,9747,Minor_Damage_And_Injuries
8196,41.689497716895,20,9,58.6599817684595,0.284739271547061,77.01,2,20737.0208812898,1,0.279104058078208,11903,Significant_Damage_And_Fatalities
1355,15.7534246575342,20,4,82.2242479489517,0.43619978362784,78.54,3,42777.4259397778,0,0.212171768586309,8204,Significant_Damage_And_Serious_Injuries
4223,66.5753424657534,8,1,72.6526891522334,0.467213126577713,84.4,7,41870.0262217125,3,0.004000458740804,9908,Minor_Damage_And_Injuries
2135,29.4977168949772,20,10,57.6116681859617,0.366600072124053,78.73,4,38630.4756847112,1,0.0708873270749383,3458,Minor_Damage_And_Injuries
8334,30.3196347031963,12,10,74.9316317228806,0.19133862243058,78.08,1,40754.7656202953,0,1.49471974586455,5904,Highly_Fatal_And_Damaging
701,68.675799086758,11,16,56.7000911577028,0.448460872701046,80.83,4,24737.3367850912,2,0.0454597222702216,3152,Significant_Damage_And_Serious_Injuries
7774,33.6986301369863,15,6,67.2743846855059,0.417447529751172,76.62,3,21608.8096954077,1,0.107222523097217,4751,Significant_Damage_And_Serious_Injuries
3650,15.9817351598174,17,5,72.0145852324522,0.398695275874504,82.45,4,40808.477420646,1,0.0750429331718821,5683,Highly_Fatal_And_Damaging
3672,25.6164383561644,14,3,62.2607110300821,0.461803822574828,81.02,3,11809.795062478,3,0.0627235617216595,5682,Highly_Fatal_And_Damaging
460,37.7168949771689,14,4,79.3983591613491,0.320440677966102,75.2,3,32624.4911271595,3,0.162552102201674,7743,Significant_Damage_And_Serious_Injuries
6439,25.2511415525114,17,9,76.8003646308113,0.306737107825459,79.63,6,41468.3975005761,3,0.0100998662573888,3250,Significant_Damage_And_Serious_Injuries
3116,69.9543378995434,11,1,64.2661804922516,0.319358817165525,81.85,6,28153.6835624095,2,0.0064460750958676,12209,Significant_Damage_And_Fatalities
1510,41.5981735159817,12,28,68.1403828623519,0.276084385142445,80.68,3,30098.5723888406,1,0.149447389548586,3221,Significant_Damage_And_Serious_Injuries
2802,40.5479452054794,20,2,74.0656335460346,0.302770284890011,76.94,7,33323.2909885593,1,0.0031291405106367,1581,Significant_Damage_And_Fatalities
2594,42.8767123287671,12,10,62.0328167730173,0.345684096646231,75.84,4,17267.0045345224,2,0.0317004518773675,6739,Significant_Damage_And_Serious_Injuries
9838,48.6301369863014,10,4,79.6718322698268,0.29555787955283,79.51,6,33701.3739418717,1,0.0086590106926786,1340,Significant_Damage_And_Serious_Injuries
6737,44.7488584474886,12,3,73.2907930720146,0.271396321673278,80.92,3,26266.3679590952,1,0.131036027894853,6619,Significant_Damage_And_Serious_Injuries
597,42.8310502283105,12,3,54.6490428441203,0.456033898305084,85.26,2,31122.6458475577,1,0.421126243426699,1425,Minor_Damage_And_Injuries
6047,55.8447488584475,8,12,73.5186873290793,0.388958528669311,77.82,6,34199.8915692623,1,0.0090168325030568,4210,Significant_Damage_And_Serious_Injuries
371,46.7123287671233,18,2,80.6289881494986,0.381746123332131,79.66,7,20106.7303917632,4,0.001551839383779,11268,Significant_Damage_And_Fatalities
189,78.675799086758,9,1,62.2607110300821,0.427905517490083,77.09,6,28815.0595298404,4,0.0070378999371346,4975,Significant_Damage_And_Fatalities
8066,35.7077625570776,11,7,68.5050136736554,0.247595384060584,78.4,7,20061.5449045476,1,0.0015799969905286,1596,Highly_Fatal_And_Damaging
5166,17.4429223744292,16,2,76.7547857793984,0.284378651280202,83.74,1,35006.6478704957,1,1.28587911562902,10067,Highly_Fatal_And_Damaging
2033,33.2420091324201,12,1,49.6353691886965,0.366960692390912,81.08,4,36789.6854758482,3,0.0674837302135489,3417,Significant_Damage_And_Fatalities
8609,45.0684931506849,15,3,68.6417502278943,0.251922827262892,81.18,4,33079.1686288525,0,0.0602782872200922,9787,Minor_Damage_And_Injuries
7854,42.4200913242009,12,17,35.2780309936189,0.88192643346556,86.52,3,37920.6754100736,1,0.189062380253031,11490,Significant_Damage_And_Serious_Injuries
5095,7.94520547945206,23,2,70.5560619872379,0.189535521096285,75.25,4,47141.2263132954,1,0.08632702221355,12254,Significant_Damage_And_Serious_Injuries
5899,38.7671232876712,10,4,51.8231540565178,0.523830508474576,77.93,1,20181.4921511155,2,0.741000085873413,1553,Significant_Damage_And_Fatalities
9337,44.2009132420091,15,3,53.9197812215132,0.695485755499459,76.86,2,27654.2850151467,4,0.374206789143652,2214,Highly_Fatal_And_Damaging