,Safety_Score,Days_Since_Inspection,Total_Safety_Complaints,Control_Metric,Turbulence_In_gforces,Cabin_Temperature,Accident_Type_Code,Max_Elevation,Violations,Adverse_Weather_Metric,Accident_ID,Severity
7189,44.4292237442922,15,5,68.7784867821331,0.273199423007573,76.98,5,13938.9510270363,2,0.0106920734218189,4066,Minor_Damage_And_Injuries
1533,38.8127853881278,13,23,67.7757520510483,0.255529029931482,82.54,6,29821.3776614717,2,0.0072916936095505,2532,Significant_Damage_And_Serious_Injuries
2986,12.1917808219178,18,4,41.6134913400182,0.47911359538406,75.5,6,25175.0086940981,2,0.0063905071210645,9744,Highly_Fatal_And_Damaging
2421,21.2785388127854,15,11,59.845031905196,0.500029570861882,78.16,4,24759.8019662104,1,0.0452453456509353,516,Highly_Fatal_And_Damaging
6293,27.5342465753425,20,13,60.8021877848678,0.407710782545979,78.49,4,37241.4014656805,3,0.0682294487333802,1334,Minor_Damage_And_Injuries
2375,48.4018264840183,11,9,55.2415679124886,0.276805625676163,79.28,2,35207.3986716271,2,0.478473145692437,10428,Minor_Damage_And_Injuries
3938,30.8219178082192,16,0,72.151321786691,0.413480706815723,84.72,6,36877.7475481149,3,0.0089225252417212,6025,Significant_Damage_And_Serious_Injuries
3185,20.8675799086758,19,2,77.3473108477666,0.344602235845654,76.75,1,19621.8759483386,2,0.723355681550488,2709,Significant_Damage_And_Serious_Injuries
4245,64.0182648401826,13,2,53.4639927073838,0.392564731337901,77.08,7,42110.1776481671,4,0.0041686620510037,12370,Significant_Damage_And_Serious_Injuries
2771,33.4703196347032,12,8,71.5587967183227,0.467213126577713,83.63,4,45769.7818318359,0,0.0827860671099331,1597,Highly_Fatal_And_Damaging
167,17.1689497716895,16,15,75.2506836827712,0.291230436350523,76.78,4,31531.7961960508,0,0.0575081967404916,2189,Highly_Fatal_And_Damaging
3426,49.9086757990868,13,7,46.9006381039198,0.484522899386945,76.59,5,4866.79854212583,1,0.00565999846684,5863,Highly_Fatal_And_Damaging
3370,25.662100456621,21,2,67.9580674567001,0.395810313739632,82.2,7,35247.2887973971,3,0.0030673137890642,11504,Minor_Damage_And_Injuries
286,19.041095890411,16,5,61.4402917046491,0.432954201226109,78.16,4,34315.1924134604,1,0.0628086341822525,2915,Highly_Fatal_And_Damaging
3804,44.703196347032,8,0,68.915223336372,0.250840966462315,76.89,1,13938.9510270363,1,0.502479778109646,11469,Highly_Fatal_And_Damaging
7977,33.7442922374429,11,0,60.3463992707384,0.375615578795528,78.15,4,35867.2301422482,4,0.0656931235224539,7712,Highly_Fatal_And_Damaging
5151,24.9315068493151,17,4,72.0145852324522,0.312146411828345,80.46,6,29519.010231283,2,0.0071604058570599,8443,Significant_Damage_And_Serious_Injuries
8227,19.1780821917808,16,1,76.6180492251596,0.327653083303281,86.56,2,24761.2566336851,4,0.338789779896926,10610,Highly_Fatal_And_Damaging
4217,28.5388127853881,13,0,48.8149498632635,0.438002884962135,81.78,3,40797.9602108571,3,0.204090220888324,8802,Significant_Damage_And_Fatalities
1864,21.2785388127854,15,5,67.7757520510483,0.505078254597908,82.54,6,14367.9657224963,3,0.003315418997916,11257,Highly_Fatal_And_Damaging
2237,52.9680365296804,9,16,68.3682771194166,0.398334655607645,75.98,3,26782.0242843159,1,0.133099569852491,2733,Significant_Damage_And_Serious_Injuries
5513,34.7488584474886,14,22,60.0273473108478,0.262741435268662,80.55,6,10829.3792485855,2,0.0026577756240715,10072,Significant_Damage_And_Serious_Injuries
3581,42.8310502283105,9,1,59.7994530537831,0.366960692390912,87.08,4,31228.5093177424,3,0.0568993839144786,7560,Highly_Fatal_And_Damaging
1140,30.1369863013699,12,2,32.4521422060164,0.717844212044716,77.08,7,37852.9381954139,3,0.0035702908554137,1790,Significant_Damage_And_Fatalities
2284,30.0913242009132,16,0,71.4676390154968,0.322243779300397,79.42,6,46240.755011011,1,0.0112415293720467,2308,Significant_Damage_And_Serious_Injuries
9936,25.6164383561644,14,2,38.9243391066545,0.710992426974395,78.55,1,37945.7802513522,1,1.39296641100975,4428,Significant_Damage_And_Fatalities
1105,47.2146118721461,11,4,72.105742935278,0.380303642264695,75.4,5,30312.6031560311,2,0.0209494069398641,11018,Significant_Damage_And_Serious_Injuries
4459,76.62100456621,6,10,55.0592525068368,0.528518571943743,82.64,3,46296.737183495,2,0.232376595778976,5490,Highly_Fatal_And_Damaging
4227,64.6575342465753,13,19,72.6526891522334,0.388958528669311,80.35,1,21079.1691091078,2,0.773383504533066,8696,Significant_Damage_And_Fatalities
9381,68.675799086758,11,31,57.9762989972653,0.784558961413632,75.83,7,51246.6408542622,1,0.004934218620801,12247,Significant_Damage_And_Fatalities
8346,26.5753424657534,17,15,56.0619872379216,0.491735304724126,79.8,2,55535.5164400847,1,0.773009611486721,5029,Minor_Damage_And_Injuries
6274,48.1735159817352,14,14,70.6472196900638,0.370206274792643,79.17,2,42622.3715192289,1,0.578783519836537,10123,Minor_Damage_And_Injuries
5968,54.5205479452055,9,3,76.2989972652689,0.335226108907321,78.56,3,15868.4439388883,2,0.0772169276038119,4302,Significant_Damage_And_Serious_Injuries
1687,26.2100456621005,14,7,50.8659981768459,0.527076090876307,77.75,4,20719.4930758841,2,0.0373266614318475,499,Significant_Damage_And_Fatalities
4785,4.29223744292237,21,4,68.7784867821331,0.197108546700325,78.58,6,20059.3847114503,3,0.0049722243516095,7859,Highly_Fatal_And_Damaging
2209,12.1004566210046,18,13,74.61257976299,0.290509195816805,77.58,4,25262.9323082404,1,0.0454597222702216,3608,Highly_Fatal_And_Damaging
3069,82.2374429223744,7,1,59.024612579763,0.362633249188604,83.72,3,36104.8569903325,3,0.179067509065716,10049,Significant_Damage_And_Fatalities
1898,42.9680365296804,15,3,58.3865086599818,0.414923187883159,85.97,1,33105.8525511885,3,1.22513471747551,5758,Minor_Damage_And_Injuries
9371,58.2648401826484,11,1,52.4156791248861,0.377058059862964,81.14,3,31639.1855021958,2,0.155315702244462,5875,Highly_Fatal_And_Damaging
1327,83.6529680365297,7,0,70.0091157702826,0.305294626758024,78.08,7,38872.6795592111,4,0.0034714018958536,8702,Significant_Damage_And_Fatalities
9393,39.1780821917808,13,6,72.0145852324522,0.363715109989181,83.63,6,22792.1740124056,1,0.0053839919649068,12029,Significant_Damage_And_Serious_Injuries
6262,22.6940639269406,18,14,65.9070191431176,0.499308330328164,80.51,6,34198.7569609193,3,0.0087379441783761,5836,Significant_Damage_And_Serious_Injuries
2573,42.3287671232877,12,8,52.1877848678213,0.729384060584205,79.43,2,37050.8568808506,3,0.499785374764303,8270,Significant_Damage_And_Serious_Injuries
719,82.2374429223744,7,5,58.9334548769371,0.370927515326361,83.41,3,7330.43313913308,3,0.0364960775864074,7523,Significant_Damage_And_Fatalities
5907,58.7214611872146,14,6,73.4275296262534,0.201435989902632,79.64,4,33256.4668152374,4,0.0608856857112103,8363,Significant_Damage_And_Fatalities
2355,33.7442922374429,11,3,60.5742935278031,0.395089073205914,76.73,1,41720.1335498628,2,1.53438892314887,5225,Highly_Fatal_And_Damaging
6987,38.6301369863014,17,2,63.7192342752963,0.32080129823296,78.78,2,38615.1265617957,1,0.52322078087498,8580,Minor_Damage_And_Injuries
6141,32.7397260273973,19,0,56.8368277119417,0.786362062747926,79.64,3,19494.8587357381,2,0.0945616410103572,3711,Highly_Fatal_And_Damaging
1525,25.8904109589041,14,2,59.5715587967183,0.367321312657771,79.23,6,24892.5561259657,2,0.006246517263273,12472,Highly_Fatal_And_Damaging
7568,57.945205479452,8,16,51.0027347310848,0.439445366029571,75.35,3,33284.9308408919,2,0.166010239858908,5043,Significant_Damage_And_Serious_Injuries
9346,24.6575342465753,14,16,37.5113947128533,0.695485755499459,80.02,1,37764.967026453,4,1.39011858032607,1673,Significant_Damage_And_Fatalities
5939,51.6438356164384,10,1,72.5615314494075,0.334865488640461,81.55,2,31661.6288095643,0,0.429074922493588,3547,Significant_Damage_And_Serious_Injuries
5103,20.958904109589,15,1,86.6453965360073,0.248316624594302,77.52,1,35147.7853670774,4,1.29384557291003,8677,Highly_Fatal_And_Damaging
4394,53.1963470319635,16,0,82.9535095715588,0.179438153624233,81.83,7,22861.383659559,2,0.0020642750489768,6999,Significant_Damage_And_Fatalities
3315,18.9041095890411,19,14,66.4995442114859,0.380303642264695,79.59,3,33896.0232636711,2,0.168314610673458,11145,Significant_Damage_And_Serious_Injuries
1296,69.5433789954338,8,1,58.3409298085688,0.244349801658853,81.16,2,26210.1922272661,5,0.354201915427497,2514,Minor_Damage_And_Injuries
1136,34.4748858447488,11,0,60.1640838650866,0.313228272628922,76.49,2,49056.7510757056,2,0.650803040016768,7904,Highly_Fatal_And_Damaging
5358,55.4337899543379,8,4,45.3965360072927,0.63742589253516,77.74,6,38888.7530091818,2,0.010247915761715,1196,Minor_Damage_And_Injuries
8824,77.8995433789954,3,2,57.5205104831358,0.383188604399567,82.97,7,44792.4219458738,3,0.0037904672809397,10021,Minor_Damage_And_Injuries
8876,16.0730593607306,17,3,59.5715587967183,0.392564731337901,78.57,1,45265.3882053258,2,1.67078269958978,1093,Highly_Fatal_And_Damaging
6291,38.4474885844749,17,0,55.0592525068368,0.369485034258925,80.96,2,39482.9418262533,3,0.53352952103577,9403,Highly_Fatal_And_Damaging
7686,31.9634703196347,12,17,81.4494074749317,0.433675441759827,77.26,1,28193.962254837,1,1.03719790787182,12087,Highly_Fatal_And_Damaging
6286,40.8675799086758,9,34,46.0802187784868,0.804753696357736,77.55,4,48401.0074043963,1,0.0884973764056748,1096,Significant_Damage_And_Fatalities
8552,62.1917808219178,10,6,68.2315405651778,0.359027046520014,81.14,2,27154.0852458968,2,0.368581314855344,11223,Minor_Damage_And_Injuries
5674,19.2237442922374,16,0,74.1567912488605,0.270314460872701,82.97,1,20313.4761672518,3,0.747757022448862,4991,Highly_Fatal_And_Damaging
5708,10.365296803653,18,20,71.4220601640839,0.274641904075009,76.28,1,43767.580522752,1,1.62444555920038,8831,Highly_Fatal_And_Damaging
8172,46.027397260274,8,3,69.1886964448496,0.675651640822214,79.64,4,33766.1821180728,2,0.0623374264236487,8784,Highly_Fatal_And_Damaging
8838,60.4566210045662,11,2,57.6572470373747,0.597397042913812,83.56,5,36294.3896081754,4,0.0251101485805745,6968,Minor_Damage_And_Injuries
3863,32.2831050228311,15,0,56.1987237921604,0.547270825820411,77.04,1,40226.4770095902,0,1.49471974586455,4798,Minor_Damage_And_Injuries
5229,30.6392694063927,20,2,56.2898814949863,0.47911359538406,80.13,3,24371.5142179798,1,0.121332213492387,5213,Highly_Fatal_And_Damaging
3867,17.0776255707763,16,19,69.1886964448496,0.325849981968986,78.04,4,34283.7746157361,1,0.062953935151325,7936,Highly_Fatal_And_Damaging
4752,44.5205479452055,12,1,67.18322698268,0.411316985214569,81.78,5,43482.8520757632,3,0.0294822052768993,6226,Significant_Damage_And_Serious_Injuries
8105,63.6986301369863,10,12,57.2470373746582,0.538615939415795,82.2,2,31738.5463084419,1,0.429534515417133,11016,Minor_Damage_And_Injuries
6680,58.0821917808219,14,2,79.1704649042844,0.254086548864046,80.65,4,25486.8254567764,1,0.0468091662274168,9816,Significant_Damage_And_Fatalities
1662,51.4155251141552,9,4,71.3764813126709,0.227040028849621,79.22,5,31149.0488689414,3,0.0204097469183588,6399,Significant_Damage_And_Serious_Injuries
95,27.8538812785388,13,5,53.6007292616226,0.472261810313739,78.49,4,24068.4258556326,2,0.0438845610976343,8060,Significant_Damage_And_Fatalities
3976,21.2785388127854,15,5,45.1686417502279,0.699813198701766,79.06,1,48583.5486330922,2,1.78191383868167,7371,Significant_Damage_And_Fatalities
391,28.2191780821918,13,0,83.8650865998177,0.201435989902632,78.31,4,35236.6318842485,4,0.0638479625702225,3097,Highly_Fatal_And_Damaging
1622,46.4383561643836,11,6,39.8814949863264,0.458918860439956,76.05,3,29347.2823922561,1,0.145942988462053,1905,Minor_Damage_And_Injuries
2909,34.6575342465753,11,5,57.5205104831358,0.282214929679048,76.66,4,38394.5509317175,0,0.0710287636448836,5199,Highly_Fatal_And_Damaging
8687,77.8995433789954,5,6,58.6144029170465,0.473704291381176,83.26,2,26314.0706968263,3,0.355905701736818,5687,Minor_Damage_And_Injuries
8725,42.648401826484,16,3,65.9981768459435,0.423938694554634,76.92,2,23197.3294465658,1,0.311931453316891,672,Minor_Damage_And_Injuries
1061,20.2283105022831,15,1,55.9708295350957,0.301688424089434,76.49,4,49056.7510757056,2,0.0914192448513544,2575,Significant_Damage_And_Fatalities
9965,19.2237442922374,16,1,73.0173199635369,0.293394157951677,82.66,4,27478.4645587431,1,0.0497908075164823,8349,Highly_Fatal_And_Damaging
4011,63.6986301369863,13,0,45.6244302643574,0.496783988460151,79.64,1,35305.1741362138,0,1.29734642507529,1496,Significant_Damage_And_Serious_Injuries
4727,72.1004566210046,4,3,54.9680948040109,0.300967183555716,79.55,3,29734.4413363987,2,0.147509964610866,3870,Minor_Damage_And_Injuries
4420,44.8401826484018,8,2,88.2406563354604,0.199632888568337,78.93,3,34610.760612027,4,0.17306668059366,5786,Highly_Fatal_And_Damaging
9852,45.8904109589041,8,10,54.5578851412944,0.538615939415795,78.86,1,27346.3366621651,2,1.00860793316672,8026,Significant_Damage_And_Fatalities
9092,34.7488584474886,14,6,80.4466727438469,0.30313090515687,86.94,6,25080.5824492383,4,0.0060774076769983,3329,Significant_Damage_And_Serious_Injuries
6205,30.0,13,3,61.6681859617138,0.346405337179949,78.66,4,36292.1949816483,1,0.0657649417158369,4022,Highly_Fatal_And_Damaging
521,33.1050228310502,15,2,51.640838650866,0.288345474215651,81.68,1,26412.3256335554,2,0.978578768073676,10061,Minor_Damage_And_Injuries
6154,38.0821917808219,10,2,58.7055606198724,0.29591849981969,77.13,4,28183.3231299795,2,0.0520195059207914,11754,Highly_Fatal_And_Damaging
1346,47.4885844748858,14,8,76.9826800364631,0.332701767039307,82.8,2,49881.2703654481,3,0.680017846372208,2424,Minor_Damage_And_Injuries
1238,45.4794520547945,11,35,55.6061987237922,0.72758095924991,76.14,6,35760.9736156928,3,0.0083235766830855,6258,Minor_Damage_And_Injuries
4055,58.4018264840183,11,5,64.8131267092069,0.458918860439956,80.63,2,32702.1479935482,1,0.44294859208894,6138,Minor_Damage_And_Injuries
1072,32.9223744292237,12,9,57.7484047402006,0.282214929679048,76.94,1,44502.4966181395,2,1.62466774612099,9464,Highly_Fatal_And_Damaging
3515,47.0319634703196,14,31,79.0337283500456,0.448821492967904,83.75,2,25265.936551665,1,0.339886381510903,10745,Minor_Damage_And_Injuries
1571,32.1461187214612,12,10,85.5970829535096,0.312146411828345,87.86,4,41697.1749234405,4,0.075850778236244,12462,Highly_Fatal_And_Damaging
7593,30.7762557077626,16,3,56.8824065633546,0.322243779300397,81.26,1,26930.3762347395,2,0.998432424921525,11781,Minor_Damage_And_Injuries
4094,13.7442922374429,17,5,70.7383773928897,0.324046880634692,77.92,3,31286.0968486773,3,0.155972033378461,4440,Highly_Fatal_And_Damaging
6781,70.5022831050228,7,44,64.9042844120328,0.588742156509196,79.49,5,33858.6794591848,1,0.0229899149310431,4929,Minor_Damage_And_Injuries
9951,25.2511415525114,17,8,20.9662716499544,0.774822214208438,86.59,5,44475.6870097684,0,0.0303240089034753,2819,Minor_Damage_And_Injuries
169,36.0730593607306,14,4,48.9061075660894,0.25264406779661,78.11,3,21369.8130817081,4,0.105891316867506,5662,Significant_Damage_And_Serious_Injuries
3020,19.9543378995434,16,13,72.0145852324522,0.302409664623152,76.9,7,30056.215219895,2,0.0029271050852218,4312,Highly_Fatal_And_Damaging
5032,42.9680365296804,9,4,82.3609845031905,0.44341218896502,80.15,4,12666.7712047322,2,0.0232000007272091,3607,Highly_Fatal_And_Damaging
8077,31.9634703196347,15,7,70.0091157702826,0.333062387306166,78.58,6,27480.0655746523,3,0.0064487124768548,3391,Significant_Damage_And_Serious_Injuries
4478,32.9223744292237,12,14,65.587967183227,0.329095564370718,82.02,4,31967.4549517257,0,0.0583819270530569,9087,Highly_Fatal_And_Damaging
6171,49.4520547945205,14,4,68.0948040109389,0.369845654525784,78.42,2,28208.2593702175,2,0.379538266965003,7771,Minor_Damage_And_Injuries
9338,26.7123287671233,13,1,72.0145852324522,0.453509556437072,76.94,2,28473.7861502813,0,0.38470284702586,6174,Highly_Fatal_And_Damaging
9232,60.1826484018265,10,5,49.5897903372835,0.444133429498738,83.22,2,20204.6489775497,1,0.277637542715051,10519,Highly_Fatal_And_Damaging
9537,28.2191780821918,13,20,87.6025524156791,0.302409664623152,80.8,2,29715.3910975432,2,0.403835478361829,4635,Highly_Fatal_And_Damaging
5961,58.1278538812785,11,5,64.0382862351869,0.429347998557519,78.52,2,26388.2532037129,3,0.35682265469168,1252,Minor_Damage_And_Injuries
9877,39.041095890411,10,2,72.6982680036463,0.219106382978723,83.63,1,47358.6935139444,2,1.74715565083698,6844,Highly_Fatal_And_Damaging
1906,42.7853881278539,12,6,80.5834092980857,0.396892174540209,78.83,3,33680.0996768755,1,0.168147873107599,7770,Significant_Damage_And_Serious_Injuries
2283,58.4931506849315,1,5,75.38742023701,0.245792282726289,76.11,6,16149.3177035064,3,0.0036785835627674,9705,Significant_Damage_And_Serious_Injuries
8709,24.7945205479452,14,16,62.0328167730173,0.456394518571944,77.52,6,19093.0822520948,2,0.0042783441701889,1603,Highly_Fatal_And_Damaging
488,41.324200913242,16,7,65.587967183227,0.261659574468085,81.34,2,31076.1432081348,1,0.420554790386963,9386,Minor_Damage_And_Injuries
8605,56.2100456621004,15,4,59.9817684594348,0.33883231157591,81.04,3,18915.5090248707,2,0.0947045760499578,1922,Significant_Damage_And_Fatalities
7902,62.7397260273973,6,4,80.4010938924339,0.308540209159754,80.07,6,22597.0959547712,3,0.0055955359961786,355,Significant_Damage_And_Serious_Injuries
958,27.8538812785388,13,1,72.0145852324522,0.346765957446808,81.39,4,43619.815305396,3,0.0799891900853305,12195,Highly_Fatal_And_Damaging
3373,43.6529680365297,15,4,53.0993618960802,0.311064551027768,77.33,4,24451.819618031,1,0.0447909407031703,5953,Highly_Fatal_And_Damaging
6230,54.8401826484018,9,9,78.5779398359162,0.391122250270465,81.73,2,42692.4127039013,2,0.577778976533685,8347,Significant_Damage_And_Serious_Injuries
5740,44.7945205479452,8,6,62.2607110300821,0.346405337179949,79.51,4,40156.8143732675,1,0.0744920387271988,365,Highly_Fatal_And_Damaging
7833,41.4155251141553,16,7,56.517775752051,0.322965019834114,79.73,4,50122.0197516808,3,0.090371602684173,6685,Highly_Fatal_And_Damaging
8768,52.283105022831,9,12,61.485870556062,0.418529390551749,82.45,4,36742.4965923887,1,0.0677114487516343,12434,Significant_Damage_And_Serious_Injuries
8759,41.689497716895,19,6,62.6253418413856,0.427184276956365,80.95,7,30627.0238895253,4,0.0025672836304489,10818,Significant_Damage_And_Fatalities
3464,62.7853881278539,6,5,80.0820419325433,0.413120086548864,78.44,2,23026.6296640072,2,0.315041983474647,6704,Significant_Damage_And_Serious_Injuries
7825,36.2100456621005,11,5,48.2224247948952,0.430069239091237,81.37,2,9666.94055790232,3,0.122686904109192,4011,Significant_Damage_And_Fatalities
6467,12.4657534246575,18,9,55.6973564266181,0.505799495131626,77.51,1,34469.924982876,2,1.2684727108881,11539,Highly_Fatal_And_Damaging
514,59.5890410958904,7,28,53.8742023701003,0.456033898305084,82.82,5,28540.5531641214,2,0.0185634424474068,11376,Minor_Damage_And_Injuries
2516,57.1232876712329,8,12,61.2123974475843,0.335947349441038,77.86,6,34199.8915692623,3,0.0089282704487646,29,Significant_Damage_And_Serious_Injuries
4065,49.5890410958904,10,3,88.6508659981769,0.17330760908763,80.98,6,46306.1920701527,2,0.0116993176601363,7028,Significant_Damage_And_Serious_Injuries
7775,47.3059360730593,7,0,58.7967183226983,0.412038225748287,82.8,4,43915.3628054386,1,0.0796140496419091,216,Highly_Fatal_And_Damaging
1460,28.8127853881279,16,2,47.9945305378305,0.407710782545979,83.22,1,11648.2642436251,1,0.428515694056208,4700,Minor_Damage_And_Injuries
4945,6.02739726027397,22,2,77.073837739289,0.32116191849982,82.08,3,21852.7135965614,1,0.107090687819435,10370,Significant_Damage_And_Serious_Injuries
6386,45.4794520547945,11,35,51.0483135824977,0.509766318067075,78.43,7,38382.6155037246,1,0.0036579562330693,3609,Minor_Damage_And_Injuries
5872,39.4520547945205,13,5,66.4995442114859,0.416726289217454,81.4,3,31193.4661135602,2,0.156343719423514,3601,Significant_Damage_And_Serious_Injuries
7277,29.9543378995434,16,5,85.278030993619,0.199632888568337,79.79,4,46306.1920701527,2,0.0847954319979528,7324,Significant_Damage_And_Serious_Injuries
8938,43.972602739726,12,2,66.7730173199635,0.375976199062387,81.2,3,37571.9051001859,1,0.187629659106472,2381,Significant_Damage_And_Serious_Injuries
1459,26.3013698630137,17,30,61.485870556062,0.364436350522899,83.28,3,38168.2845511766,2,0.190028699243352,10320,Significant_Damage_And_Serious_Injuries
5198,40.4109589041096,20,2,58.20419325433,0.4145625676163,79.01,7,31812.0039865495,3,0.0027893233991335,11167,Significant_Damage_And_Fatalities
4451,25.296803652968,14,4,58.2953509571559,0.330538045438154,81.71,4,32979.4479058636,1,0.0605695652954106,1544,Highly_Fatal_And_Damaging
914,64.6575342465753,12,16,67.0009115770283,0.276084385142445,77.27,5,32301.4341762744,1,0.0224080310777914,2188,Significant_Damage_And_Fatalities
3549,72.1461187214612,10,2,64.4029170464904,0.32080129823296,88.62,4,38007.5339374526,3,0.0692261856242846,5147,Significant_Damage_And_Fatalities
7998,50.2283105022831,16,5,55.6061987237922,0.374533717994951,81.7,3,23159.6988748288,1,0.115148815425775,9437,Significant_Damage_And_Serious_Injuries
5051,39.2694063926941,10,8,72.0145852324522,0.282214929679048,79.17,6,23733.486318278,0,0.0060888039470835,3683,Highly_Fatal_And_Damaging
9091,37.2146118721461,11,0,68.6417502278943,0.333062387306166,76.63,2,52239.3434352204,1,0.703340359053397,4410,Highly_Fatal_And_Damaging
3123,50.4109589041096,10,0,73.0628988149499,0.272117562206996,82.58,6,39280.6384452088,3,0.009670340175681,2053,Significant_Damage_And_Serious_Injuries
9299,73.1506849315069,10,13,57.5205104831358,0.727941579516768,78.5,7,36159.9008773321,2,0.0031434471531834,11623,Significant_Damage_And_Fatalities
6978,68.0365296803653,8,0,76.4813126709207,0.321522538766679,80.67,5,26328.7717447473,1,0.0169721831895714,9926,Minor_Damage_And_Injuries
4506,31.324200913242,15,2,71.1941659070192,0.438363505228994,79.31,7,35247.2887973971,3,0.0030754991689989,5553,Significant_Damage_And_Serious_Injuries
9161,1.14155251141552,21,1,62.0328167730173,0.452788315903353,79.39,7,23308.3336502321,2,0.0024140516354806,2404,Highly_Fatal_And_Damaging
9983,13.6986301369863,18,1,72.8350045578852,0.217303281644428,82.45,7,42627.7631749649,4,0.0041905570503344,11977,Highly_Fatal_And_Damaging
3583,36.986301369863,11,9,62.2607110300821,0.437281644428417,82.72,2,29839.6300435405,2,0.401586606844553,1396,Highly_Fatal_And_Damaging
6423,52.2374429223744,9,2,72.5615314494075,0.430069239091237,78.13,2,9023.69269986881,2,0.12212240073769,7002,Highly_Fatal_And_Damaging
7918,45.1598173515982,8,4,69.0063810391978,0.675651640822214,81.68,4,33143.6112412512,2,0.0611836711383713,4809,Highly_Fatal_And_Damaging
4239,29.3607305936073,13,13,78.3044667274385,0.243989181391994,84.32,1,32806.2895663649,1,1.21102426293125,11527,Highly_Fatal_And_Damaging
6630,44.5662100456621,8,6,49.6353691886965,0.471540569780022,77.25,1,21043.0745957428,3,0.776282603426491,8123,Significant_Damage_And_Fatalities
8466,19.5890410958904,16,0,74.1567912488605,0.335586729174179,79.42,4,23543.5817988608,2,0.044082859659204,3364,Highly_Fatal_And_Damaging
8005,35.296803652968,11,1,76.4813126709207,0.243989181391994,77.94,3,29572.3317315177,1,0.146661195079346,6380,Highly_Fatal_And_Damaging
6233,31.689497716895,19,6,61.485870556062,0.330898665705012,80.25,3,19201.5021304644,0,0.0970591864698041,8487,Minor_Damage_And_Injuries
3860,24.6118721461187,18,4,55.2871467639016,0.37128813559322,84.82,1,29321.8317268751,0,1.07538543423334,2228,Minor_Damage_And_Injuries
3062,30.9132420091324,15,3,57.1558796718323,0.502553912729895,81.45,2,36109.0128717011,3,0.488682348438616,681,Minor_Damage_And_Injuries
1946,52.4657534246575,13,2,68.1403828623519,0.21333645870898,84.43,7,27762.7996722579,2,0.0021251101298309,701,Minor_Damage_And_Injuries
6049,41.4155251141553,9,1,76.4357338195078,0.411316985214569,76.56,1,23350.8910565508,3,0.859539949194424,7876,Highly_Fatal_And_Damaging
8637,32.1004566210046,12,17,51.5952597994531,0.502193292463036,77.37,6,30281.730328791,3,0.0075137431053435,4003,Significant_Damage_And_Fatalities
6327,48.675799086758,7,10,76.9371011850502,0.397974035340786,79.79,4,14552.7349096771,3,0.0277814772558509,517,Highly_Fatal_And_Damaging
5398,26.3013698630137,14,2,82.0875113947128,0.199993508835196,87.72,4,45712.5484301237,3,0.083610549525106,460,Highly_Fatal_And_Damaging
7388,41.8264840182648,12,1,69.5077484047402,0.464328164442842,79.42,3,18784.4086840282,2,0.0941747741034185,8108,Significant_Damage_And_Serious_Injuries
3040,34.3835616438356,11,5,74.7493163172288,0.369485034258925,82.2,4,17417.2482375906,2,0.0320805077660302,2014,Highly_Fatal_And_Damaging
577,48.675799086758,10,7,61.2123974475843,0.448100252434187,81.45,7,42642.8090049298,3,0.0040045627353063,2986,Significant_Damage_And_Serious_Injuries
2882,45.7990867579909,11,24,63.9015496809481,0.387516047601875,79.59,3,22420.8488354324,2,0.111288342389772,1588,Significant_Damage_And_Serious_Injuries
5700,34.0182648401826,11,7,54.876937101185,0.256971510998918,79.89,4,27350.1299160024,1,0.0499952747001813,5390,Significant_Damage_And_Fatalities
7834,72.5570776255708,2,11,55.6061987237922,0.458918860439956,87.1,3,33757.0053641767,2,0.168760794490034,11991,Minor_Damage_And_Injuries
6553,41.7351598173516,16,0,64.4940747493163,0.274641904075009,75.88,4,30380.7345549793,2,0.055322645707744,7615,Minor_Damage_And_Injuries
3489,45.1598173515982,8,1,74.5214220601641,0.339192931842769,79.08,4,34971.7377869548,3,0.0637233304662383,2820,Highly_Fatal_And_Damaging
7837,14.0639269406393,17,9,66.7274384685506,0.268150739271547,75.34,4,21193.4253281044,2,0.0389899651600754,9739,Highly_Fatal_And_Damaging
9925,48.8584474885845,17,6,69.9179580674567,0.2923122971511,79.31,2,44762.5045506306,3,0.603490069579617,8919,Significant_Damage_And_Fatalities
8251,47.8995433789954,11,9,74.7037374658159,0.337029210241615,78.05,3,30361.8731058024,1,0.151103535537813,10997,Significant_Damage_And_Serious_Injuries
690,10.6392694063927,18,4,36.7821330902462,0.454952037504507,75.5,4,23042.462103486,2,0.0422835255042087,11182,Significant_Damage_And_Fatalities
2333,38.675799086758,14,2,68.049225159526,0.311064551027768,79.81,6,20231.0982565313,2,0.0053052138218597,11880,Significant_Damage_And_Serious_Injuries
6846,35.2511415525114,11,4,43.0720145852325,0.543304002884962,83.0,2,19136.0861004631,3,0.253283470951117,10533,Significant_Damage_And_Fatalities
9741,28.5388127853881,13,5,51.2762078395624,0.236055535521096,80.06,4,29133.3615239579,1,0.0528505428278382,4123,Significant_Damage_And_Fatalities
8535,36.7579908675799,10,5,61.2123974475843,0.264183916336098,81.1,4,47495.6595147704,2,0.0865139983925863,9862,Highly_Fatal_And_Damaging
1224,31.0958904109589,12,5,87.5569735642662,0.181241254958529,82.2,3,25712.689152338,2,0.128632296654614,545,Highly_Fatal_And_Damaging