,Safety_Score,Days_Since_Inspection,Total_Safety_Complaints,Control_Metric,Turbulence_In_gforces,Cabin_Temperature,Accident_Type_Code,Max_Elevation,Violations,Adverse_Weather_Metric,Accident_ID,Severity
8655,31.4155251141552,12,3,45.6700091157703,0.401219617742517,79.46,1,34417.3177764866,2,1.2684727108881,2843,Significant_Damage_And_Fatalities
807,54.3835616438356,9,2,62.8076572470374,0.279690587811035,81.59,6,15156.4469411159,2,0.0034058087230216,8218,Significant_Damage_And_Serious_Injuries
4311,20.958904109589,19,20,73.9744758432088,0.334865488640461,78.12,3,33896.0232636711,3,0.167893190363399,6112,Significant_Damage_And_Serious_Injuries
5433,24.0639269406393,18,8,52.5524156791249,0.382467363865849,80.92,6,38630.4756847112,2,0.0100809469366386,10914,Minor_Damage_And_Injuries
2826,47.4885844748858,14,2,41.841385597083,0.745972592859718,78.37,5,21876.099922363,2,0.0138046165219183,5157,Highly_Fatal_And_Damaging
5903,68.3561643835616,8,4,69.4621695533273,0.429347998557519,82.07,2,20514.7937829077,1,0.273757873803231,6106,Minor_Damage_And_Injuries
3958,41.3698630136986,9,0,47.1741112123974,0.456755138838803,82.08,1,38407.9547138139,2,1.40775526841574,1489,Significant_Damage_And_Fatalities
8546,18.1278538812785,16,5,73.1996353691887,0.204320952037505,77.74,4,31778.0561033887,3,0.0572107838399182,9,Highly_Fatal_And_Damaging
6990,27.4885844748858,20,17,66.5907019143118,0.380303642264695,77.3,4,37616.4149312029,2,0.0688968672168701,5925,Minor_Damage_And_Injuries
2160,36.1187214611872,14,3,62.7164995442115,0.443772809231878,80.62,3,25272.1248912302,2,0.125121485674668,5766,Significant_Damage_And_Serious_Injuries
7092,33.2420091324201,15,0,78.4867821330902,0.376336819329246,81.63,3,43072.4817444043,2,0.215610803030912,11965,Significant_Damage_And_Serious_Injuries
1126,36.8493150684931,14,4,51.0938924339107,0.575759826902272,77.33,3,32986.7833036824,3,0.163704050839188,5581,Significant_Damage_And_Serious_Injuries
6484,20.1826484018265,15,0,64.1294439380128,0.31358889289578,82.53,3,30363.1407518457,1,0.15173451332276,6478,Highly_Fatal_And_Damaging
5234,46.1187214611872,15,3,72.3336371923428,0.240743598990263,80.33,2,24487.7919532445,3,0.323437570988376,2972,Minor_Damage_And_Injuries
7948,46.8493150684931,7,4,77.1194165907019,0.232449332852506,80.2,4,35967.3755230484,0,0.0660394623674445,9105,Highly_Fatal_And_Damaging
9076,38.7214611872146,13,6,82.2242479489517,0.434036062026686,81.21,6,41695.975178656,3,0.0101185628153381,6727,Significant_Damage_And_Serious_Injuries
1344,30.5936073059361,19,3,62.2607110300821,0.307818968626037,78.31,4,40724.08357913,4,0.0736509209184376,1561,Minor_Damage_And_Injuries
586,39.8173515981735,13,30,69.4165907019143,0.249759105661738,78.2,6,34207.9443786107,1,0.0084705843858861,5632,Significant_Damage_And_Serious_Injuries
6707,38.310502283105,11,2,45.1686417502279,0.543304002884962,77.41,1,36638.3487690938,4,1.36336943621395,9921,Significant_Damage_And_Fatalities
4616,66.5753424657534,5,30,63.3090246125798,0.258413992066354,80.48,6,38341.4628028992,1,0.010121604078669,5264,Significant_Damage_And_Serious_Injuries
372,44.5662100456621,12,3,72.5159525979946,0.422135593220339,82.23,3,27584.056491732,4,0.138310049630407,8942,Significant_Damage_And_Serious_Injuries
5663,45.5707762557078,18,7,57.5660893345488,0.579366029570862,78.87,7,28354.1216769969,2,0.0027761853795938,10677,Significant_Damage_And_Fatalities
1520,28.4018264840183,13,12,46.718322698268,0.633098449332852,77.71,3,39222.4051184905,4,0.195609414135821,11157,Significant_Damage_And_Fatalities
2798,38.4018264840183,13,3,77.028258887876,0.297000360620267,76.89,6,29971.7444634365,2,0.0072220594099722,12456,Significant_Damage_And_Serious_Injuries
2247,37.6712328767123,14,16,59.0701914311759,0.44701839163361,83.92,7,35110.9406963034,1,0.0030220785773064,11021,Significant_Damage_And_Serious_Injuries
4293,30.7305936073059,19,2,59.3892433910666,0.427184276956365,79.66,1,32337.3176953635,1,1.18962343627537,12056,Minor_Damage_And_Injuries
1248,63.6529680365297,10,0,40.3372835004558,0.584414713306888,76.92,2,33751.1121700652,4,0.456771632508646,919,Highly_Fatal_And_Damaging
6917,36.0730593607306,18,1,72.4247948951687,0.287624233681933,77.96,1,25722.5280242184,2,0.936484556293277,3578,Minor_Damage_And_Injuries
2612,45.9817351598173,15,8,67.0920692798541,0.383549224666426,79.72,7,41508.6458682606,1,0.0038460374795458,11617,Minor_Damage_And_Injuries
296,52.3744292237443,6,4,80.0820419325433,0.292672917417959,77.63,4,9125.60962563028,2,0.016530971355129,3754,Highly_Fatal_And_Damaging
6424,69.8630136986301,8,1,45.3965360072927,0.476589253516048,77.46,3,46418.3805063549,2,0.231845913463668,4411,Significant_Damage_And_Serious_Injuries
3246,39.1780821917808,13,3,74.1567912488605,0.328734944103858,78.59,3,37415.3740987201,1,0.186511988073222,6002,Significant_Damage_And_Serious_Injuries
2224,29.1780821917808,12,2,82.3154056517776,0.177995672556798,82.38,6,26360.6831350803,1,0.0064487124768548,1574,Highly_Fatal_And_Damaging
9273,47.351598173516,11,1,77.073837739289,0.272117562206996,79.03,6,37541.6763730355,1,0.0099721074669589,9202,Significant_Damage_And_Serious_Injuries
6229,72.5570776255708,4,11,50.5925250683683,0.408071402812838,83.5,3,40844.1082299599,1,0.204090220888324,6373,Minor_Damage_And_Injuries
9512,46.3470319634703,11,1,72.3336371923428,0.386794807068157,81.56,3,30752.093089438,2,0.15277065974579,10439,Significant_Damage_And_Serious_Injuries
4865,39.4063926940639,10,1,53.9197812215132,0.510848178867652,79.53,1,22938.1779252997,1,0.845845626344203,11218,Significant_Damage_And_Fatalities
2628,12.4657534246575,18,1,75.432999088423,0.327292463036423,82.4,6,34952.1271101988,1,0.0085710624814404,1821,Highly_Fatal_And_Damaging
1989,59.3150684931507,7,0,54.9680948040109,0.25985647313379,88.71,2,29133.3615239579,1,0.395623222652356,10354,Minor_Damage_And_Injuries
1870,73.2876712328767,10,13,69.5533272561531,0.307097728092319,80.45,7,14993.6075495189,3,0.0012442451096944,2798,Significant_Damage_And_Fatalities
2577,46.4383561643836,11,0,52.5524156791249,0.393285971871619,77.93,1,36925.0352582009,1,1.3604017161145,5593,Minor_Damage_And_Injuries
9508,52.3744292237443,6,12,40.5651777575205,0.745972592859718,80.65,1,36463.5453790652,2,1.32312428555113,1300,Significant_Damage_And_Fatalities
5439,58.310502283105,11,5,49.6353691886965,0.336668589974756,79.21,2,37871.0557631729,1,0.510880290268532,6863,Highly_Fatal_And_Damaging
9221,48.675799086758,10,10,66.1349134001823,0.337750450775333,78.14,6,14532.7383864601,2,0.003602305690836,9545,Significant_Damage_And_Serious_Injuries
8094,20.5022831050228,19,2,77.3473108477666,0.355781464118283,76.75,3,15865.8721701261,1,0.0807340349465771,2891,Significant_Damage_And_Serious_Injuries
6073,42.2374429223744,9,8,58.7055606198724,0.29591849981969,80.55,4,22429.8625953409,3,0.040335527894257,3934,Highly_Fatal_And_Damaging
3670,24.703196347032,18,1,77.7575205104832,0.397613415073927,78.75,1,29232.0068446603,1,1.0902659809403,8360,Significant_Damage_And_Serious_Injuries
3218,29.4063926940639,13,5,52.3245214220602,0.280411828344753,77.92,4,18799.4895727458,4,0.0347244886933957,7556,Highly_Fatal_And_Damaging
9210,35.7077625570776,14,6,62.6253418413856,0.345323476379372,77.38,3,36708.9095506076,0,0.182599552806783,9860,Significant_Damage_And_Serious_Injuries
270,37.3972602739726,14,0,69.1431175934367,0.428626758023801,79.62,3,34176.1227163592,2,0.171753655949522,3377,Significant_Damage_And_Serious_Injuries
6250,36.4383561643836,14,2,49.9544211485871,0.354338983050847,80.71,2,36091.5527721269,1,0.493845717527548,7470,Minor_Damage_And_Injuries
2129,53.4703196347032,9,2,80.4466727438469,0.523469888207717,77.85,3,30187.3009874332,3,0.150293721810262,5858,Significant_Damage_And_Serious_Injuries
37,43.6529680365297,12,2,59.6627164995442,0.422135593220339,81.86,6,37571.9051001859,0,0.0096442306504532,382,Significant_Damage_And_Serious_Injuries
553,54.3835616438356,9,1,51.5952597994531,0.564580598629643,78.76,3,33372.8197860987,2,0.164857538935295,11570,Minor_Damage_And_Injuries
6889,40.8675799086758,13,2,55.9252506836828,0.550877028489001,81.72,4,45002.0079321222,3,0.0813389577595862,4349,Minor_Damage_And_Injuries
5424,1.14155251141552,23,4,68.7784867821331,0.197108546700325,79.05,6,16238.5861110973,3,0.0030318920040189,205,Highly_Fatal_And_Damaging
564,38.675799086758,14,11,63.3546034639927,0.36046952758745,76.4,3,40698.9993170453,2,0.200329336130819,7612,Significant_Damage_And_Serious_Injuries
1671,33.7442922374429,11,3,60.3463992707384,0.231728092318788,77.8,4,31624.1853039844,4,0.058088147653132,4289,Highly_Fatal_And_Damaging
9635,52.8767123287671,9,6,84.5487693710119,0.275363144608727,77.08,3,38210.2878344268,1,0.190936989659089,9184,Significant_Damage_And_Serious_Injuries
9671,31.0958904109589,12,13,61.3491340018232,0.556646952758745,75.94,2,42394.6313282581,0,0.573748943852159,7911,Highly_Fatal_And_Damaging
3678,29.1324200913242,16,14,72.3792160437557,0.324046880634692,79.73,1,29978.3820723515,3,1.10323463410754,10044,Significant_Damage_And_Serious_Injuries
9613,22.2831050228311,15,6,92.1148587055606,0.185208077893978,81.03,4,21267.7043733175,1,0.0389531593294036,2902,Highly_Fatal_And_Damaging
2830,43.2420091324201,19,4,62.5797629899727,0.28870609448251,80.96,2,37967.5513248833,1,0.512288112606264,7833,Significant_Damage_And_Fatalities
8547,58.7671232876712,14,9,81.2670920692799,0.30313090515687,82.53,7,26993.9576251546,4,0.0021726582981774,11318,Significant_Damage_And_Fatalities
7004,46.4840182648402,15,3,71.1941659070192,0.386073566534439,79.45,2,41118.8952653631,1,0.55559389881049,1979,Minor_Damage_And_Injuries
3430,37.3059360730594,14,2,55.2415679124886,0.502914532996754,77.04,4,29541.1841118771,1,0.0536168001945233,932,Minor_Damage_And_Injuries
2532,28.675799086758,13,1,62.2607110300821,0.325128741435269,80.53,3,41432.7487139018,2,0.205151045690906,5550,Highly_Fatal_And_Damaging
7322,48.4474885844749,11,19,62.1695533272562,0.525272989542012,77.98,3,50882.1687686303,2,0.253669022423938,647,Significant_Damage_And_Serious_Injuries
2592,49.1780821917808,11,1,79.7629899726527,0.295197259285972,82.19,3,26346.5048146761,1,0.131340504997494,8209,Significant_Damage_And_Serious_Injuries
6187,49.7260273972603,10,11,77.5296262534184,0.31394951316264,84.8,6,53200.8631540441,2,0.0130417779497398,1887,Significant_Damage_And_Serious_Injuries
5654,44.5662100456621,8,3,52.5979945305378,0.417808150018031,77.25,1,26949.9557733894,2,0.999891644482845,11696,Significant_Damage_And_Fatalities
4845,14.2009132420091,17,1,57.8851412944394,0.285821132347638,76.61,4,47507.7168742865,3,0.0865139983925863,10482,Highly_Fatal_And_Damaging
3946,21.8721461187215,15,0,55.1959890610757,0.240743598990263,76.49,1,47507.7168742865,2,1.74851946088815,1744,Significant_Damage_And_Fatalities
2533,44.2009132420091,15,2,51.2306289881495,0.58369347277317,76.27,4,25727.7349879248,2,0.0468091662274168,434,Highly_Fatal_And_Damaging
5483,44.6575342465753,12,3,65.1321786690975,0.265265777136675,79.64,3,37318.5134929379,2,0.18564707587063,7676,Significant_Damage_And_Serious_Injuries
6539,35.2511415525114,11,6,54.876937101185,0.448100252434187,81.84,1,36512.1429761624,2,1.34320667540424,6426,Significant_Damage_And_Fatalities
6065,41.9634703196347,12,12,62.2607110300821,0.403022719076812,78.85,6,38068.0704053001,0,0.0093996944699357,10806,Significant_Damage_And_Serious_Injuries
34,54.7488584474886,9,28,60.6198723792161,0.527436711143166,79.42,7,52249.6101461372,3,0.004602863448925,9173,Significant_Damage_And_Serious_Injuries
1176,38.4474885844749,10,8,61.2579762989973,0.360830147854309,77.79,1,20142.4706831629,1,0.747757022448862,570,Highly_Fatal_And_Damaging
2314,48.4931506849315,14,4,66.9097538742024,0.450263974035341,76.92,4,42708.8544741583,2,0.0791311957739559,5792,Minor_Damage_And_Injuries
4937,59.8173515981735,14,0,73.0173199635369,0.290148575549946,76.33,7,33425.2255805168,3,0.0031685186781987,3858,Significant_Damage_And_Fatalities
535,42.1004566210046,12,2,74.5214220601641,0.402301478543094,77.59,7,41724.5687249952,0,0.0037904672809397,4879,Significant_Damage_And_Serious_Injuries
1325,67.4885844748858,12,6,59.6627164995442,0.365878831590335,83.12,4,20739.6318796237,1,0.0375914964961934,6559,Significant_Damage_And_Fatalities
3534,52.5114155251141,13,7,85.0957155879672,0.260217093400649,77.22,2,40311.896520282,2,0.545562193337738,10961,Minor_Damage_And_Injuries
3827,27.4885844748858,16,0,76.5268915223336,0.228843130183916,80.98,3,29033.7904189909,1,0.144784763505103,5493,Significant_Damage_And_Serious_Injuries
3885,52.9223744292237,9,0,82.0875113947128,0.271756941940137,77.8,3,37541.6763730355,4,0.187059500793385,12180,Significant_Damage_And_Serious_Injuries
6147,21.2785388127854,15,11,74.7493163172288,0.428266137756942,81.15,1,22087.4860136636,3,0.815759669125553,8917,Highly_Fatal_And_Damaging
3700,60.5479452054795,7,21,49.9544211485871,0.357223945185719,75.94,2,12502.1817547009,1,0.141934384599612,354,Minor_Damage_And_Injuries
3387,25.2511415525114,17,0,76.8003646308113,0.202157230436351,80.78,4,29033.7904189909,0,0.0528517114582186,12187,Significant_Damage_And_Serious_Injuries
6894,35.5251141552511,14,2,64.9954421148587,0.502193292463036,78.97,1,30513.4373016453,2,1.1292636605,11655,Significant_Damage_And_Serious_Injuries
6821,42.0547945205479,16,1,64.4940747493163,0.246513523260007,78.43,2,27255.6195552223,1,0.367828469510984,12364,Minor_Damage_And_Injuries
3025,36.027397260274,14,3,48.9061075660894,0.662308690948431,79.14,6,38304.3259164758,2,0.0101532118856562,3352,Significant_Damage_And_Serious_Injuries
5622,75.296803652968,6,9,66.4995442114859,0.338471691309052,78.37,2,22913.2170491522,0,0.3116315447563,3251,Minor_Damage_And_Injuries
7180,58.2191780821918,8,7,80.7657247037375,0.413120086548864,81.73,3,30641.6477227636,3,0.152703287141862,1924,Significant_Damage_And_Serious_Injuries
7595,31.3698630136986,15,2,65.1321786690975,0.438724125495853,78.67,4,26433.2861366269,3,0.0480000313191448,2052,Significant_Damage_And_Serious_Injuries
7761,52.5570776255708,13,4,58.0218778486782,0.287263613415074,81.92,5,44502.4966181395,1,0.0306133067658192,4619,Minor_Damage_And_Injuries
3735,61.4155251141552,10,1,57.2470373746582,0.421053732419762,80.47,2,47324.952775233,2,0.640473588799548,3782,Minor_Damage_And_Injuries
2552,24.8858447488584,14,22,47.0829535095716,0.448460872701046,76.95,7,45290.8914732731,2,0.0040094168155501,10250,Significant_Damage_And_Fatalities
7516,20.8219178082192,15,2,44.7584320875114,0.727941579516768,77.64,3,14274.0590139556,1,0.074467276235794,8849,Significant_Damage_And_Fatalities
4211,57.8995433789954,11,1,74.8860528714676,0.334504868373603,88.47,1,24312.5763266109,0,0.905184703862421,1029,Minor_Damage_And_Injuries
8138,15.4337899543379,17,2,63.9015496809481,0.401580238009376,79.94,1,28677.9558577841,3,1.05500303749009,9024,Highly_Fatal_And_Damaging
9573,50.7762557077626,7,6,85.4147675478578,0.484522899386945,79.79,3,31974.0624100752,3,0.158556470241347,4250,Highly_Fatal_And_Damaging
1788,40.7762557077626,13,6,79.0337283500456,0.205402812838081,78.38,5,42630.0016766009,2,0.0281059369478195,3034,Significant_Damage_And_Serious_Injuries
3900,33.972602739726,15,2,68.3226982680037,0.134,82.97,3,26859.1915363265,4,0.134611369951369,3310,Significant_Damage_And_Serious_Injuries
8329,31.9634703196347,19,10,76.5268915223336,0.317555715831229,81.29,5,39152.7700279413,2,0.0257192489346566,5738,Minor_Damage_And_Injuries
8677,30.7762557077626,12,2,76.4813126709207,0.264905156869816,79.8,7,35683.7717435303,2,0.0032646245817578,3087,Highly_Fatal_And_Damaging
6910,45.296803652968,15,1,71.0574293527803,0.28149368914533,78.02,2,20020.2701860792,1,0.266623438582304,3115,Minor_Damage_And_Injuries
9431,45.0684931506849,15,3,68.6417502278943,0.374533717994951,81.43,2,43094.6610782697,1,0.582155821255315,856,Minor_Damage_And_Injuries
1414,33.7899543378995,15,2,61.2123974475843,0.318276956364948,80.27,4,33538.2092577659,4,0.061124830982299,3507,Significant_Damage_And_Serious_Injuries
2989,42.1917808219178,16,7,72.7894257064722,0.317195095564371,77.17,7,29454.4715561768,2,0.0025965984876385,11279,Minor_Damage_And_Injuries
4286,22.9680365296804,15,0,66.5451230628988,0.306737107825459,78.36,4,30605.4321457317,2,0.0560106003796652,10475,Highly_Fatal_And_Damaging
7252,29.3607305936073,13,5,75.3418413855971,0.271035701406419,85.13,4,27603.7846761579,2,0.0507105431114939,4212,Highly_Fatal_And_Damaging
6164,43.2876712328767,9,24,83.7739288969918,0.433675441759827,86.36,7,25796.9485308804,2,0.0024140516354806,750,Highly_Fatal_And_Damaging
5436,60.5479452054795,11,25,69.8723792160438,0.335586729174179,77.05,2,36247.5362907565,3,0.490533993778691,1392,Minor_Damage_And_Injuries
6282,38.310502283105,13,54,87.4658158614403,0.257692751532636,78.33,7,40762.8132780568,0,0.0035994803487155,8508,Significant_Damage_And_Serious_Injuries
5115,36.7579908675799,10,4,56.1531449407475,0.453509556437072,76.48,4,37570.1218919881,3,0.0686361610266386,2975,Significant_Damage_And_Fatalities
6232,56.5753424657534,12,1,74.567000911577,0.344241615578795,80.53,2,35354.6491535324,4,0.47876329269109,4421,Minor_Damage_And_Injuries
4728,44.4292237442922,15,3,48.2224247948952,0.660144969347277,78.52,2,22332.0856885042,2,0.306829680399169,10148,Highly_Fatal_And_Damaging
2828,38.8584474885845,10,7,54.3299908842297,0.261659574468085,77.13,4,18614.2680854717,2,0.0344048446195062,7283,Significant_Damage_And_Fatalities
8369,39.1324200913242,13,3,69.0063810391978,0.203960331770645,81.39,3,33523.7023387974,2,0.167563588643247,4069,Significant_Damage_And_Serious_Injuries
5629,62.1461187214612,10,15,84.2752962625342,0.346405337179949,83.19,2,25814.2775225024,1,0.348598243853363,4820,Minor_Damage_And_Injuries
1817,67.6712328767123,11,3,59.024612579763,0.360108907320591,82.81,4,35634.8941329161,2,0.065604908734878,4680,Significant_Damage_And_Fatalities
2746,68.2648401826484,8,8,40.5195989061076,0.63742589253516,76.59,2,42041.4474613388,2,0.571545575989688,6406,Highly_Fatal_And_Damaging
3843,36.2557077625571,11,5,48.2224247948952,0.680339704291381,79.74,1,29433.3007197522,1,1.0902659809403,3675,Significant_Damage_And_Fatalities
9578,45.2054794520548,11,28,55.6061987237922,0.72758095924991,77.08,6,40193.9641196735,2,0.010121604078669,10140,Minor_Damage_And_Injuries
7785,28.2191780821918,13,0,64.9954421148587,0.422856833754057,77.32,7,49951.1427599292,3,0.004602863448925,6387,Highly_Fatal_And_Damaging
240,62.5570776255708,10,4,54.2844120328168,0.456394518571944,78.96,2,17506.1009664625,4,0.249915956802835,2332,Highly_Fatal_And_Damaging
9112,36.62100456621,10,11,73.6098450319052,0.386073566534439,81.44,4,47147.8297247954,2,0.0865139983925863,5999,Highly_Fatal_And_Damaging
6952,46.2100456621004,15,15,83.8195077484048,0.263823296069239,78.92,2,25487.6050171112,3,0.347029390462293,9238,Minor_Damage_And_Injuries
4923,64.9315068493151,9,0,78.0765724703738,0.207205914172377,82.69,5,30882.7263765865,2,0.0199959371191929,7957,Minor_Damage_And_Injuries
9818,49.2237442922374,10,1,68.5050136736554,0.359748287053732,77.02,3,31688.288371221,1,0.157836605440154,8036,Significant_Damage_And_Serious_Injuries
1043,60.365296803653,14,11,76.9826800364631,0.3785005409304,77.62,7,40757.0937838523,2,0.0035397863540265,1314,Significant_Damage_And_Fatalities
1536,35.9817351598173,11,1,74.2935278030994,0.368763793725207,84.4,4,831.69555342133,3,0.0202641811876667,11010,Highly_Fatal_And_Damaging
4317,34.4292237442922,15,1,68.3226982680037,0.258774612333213,76.93,3,29763.1841640457,2,0.147969484951643,3279,Significant_Damage_And_Serious_Injuries
6387,47.0319634703196,14,31,78.4867821330902,0.396170934006491,78.47,2,39506.6914240772,0,0.532383164557223,9579,Minor_Damage_And_Injuries
8788,52.5114155251141,13,15,58.0218778486782,0.511208799134511,83.6,5,43319.3836375384,1,0.0302813990715271,1381,Minor_Damage_And_Injuries
7015,62.5114155251141,13,29,78.0309936189608,0.271035701406419,80.09,3,45294.8304706165,2,0.222453976681263,272,Significant_Damage_And_Fatalities
4221,15.8904109589041,17,0,51.9143117593437,0.49353840605842,79.81,1,13860.5783162698,2,0.518572471316774,8400,Significant_Damage_And_Fatalities
681,13.6529680365297,18,1,73.792160437557,0.217303281644428,77.58,6,28461.5695826522,2,0.0074532797569949,8296,Highly_Fatal_And_Damaging
6674,42.648401826484,8,0,69.8723792160438,0.355060223584565,77.02,4,28529.8656412909,4,0.0519373150685612,847,Highly_Fatal_And_Damaging
2457,33.6073059360731,18,1,55.0136736554239,0.384631085467003,83.57,1,27379.9200368358,2,0.997980574484882,3919,Highly_Fatal_And_Damaging
1399,74.2009132420091,10,3,66.9097538742024,0.427905517490083,78.9,7,36281.1594419216,2,0.0030807226467931,3915,Significant_Damage_And_Fatalities
8463,52.3744292237443,16,6,46.2625341841386,0.568186801298233,82.27,6,48338.7786128591,4,0.0117567892943136,7224,Highly_Fatal_And_Damaging
4159,28.7214611872146,20,5,56.563354603464,0.351093400649116,88.39,4,18640.0725275241,2,0.0338942196143558,4412,Highly_Fatal_And_Damaging
218,20.2283105022831,15,4,55.6973564266181,0.311425171294627,79.31,4,36228.3812559605,3,0.0660557335830439,11966,Significant_Damage_And_Fatalities
8707,57.0776255707762,8,12,61.2123974475843,0.341356653443924,77.03,6,33284.9308408919,2,0.0085101685179203,351,Significant_Damage_And_Serious_Injuries
1094,64.5662100456621,9,18,58.7511394712853,0.377418680129823,78.75,5,52418.715099566,3,0.0340042459384705,11714,Minor_Damage_And_Injuries
3507,55.662100456621,12,4,51.5496809480401,0.380303642264695,80.13,7,28392.9148036082,3,0.0028844082789833,4075,Highly_Fatal_And_Damaging
5796,64.0182648401826,13,5,75.8432087511395,0.28149368914533,78.35,7,26291.7035321627,2,0.0025001614479847,5734,Significant_Damage_And_Fatalities
1626,16.1187214611872,20,19,74.2023701002735,0.206484673638658,76.8,3,30476.691698662,3,0.15193198627823,3986,Significant_Damage_And_Serious_Injuries
2837,72.4657534246575,10,10,60.5742935278031,0.474064911648034,78.31,7,29171.2113721281,2,0.0028252370061434,5727,Significant_Damage_And_Fatalities
4067,46.4840182648402,11,13,45.8523245214221,0.355781464118283,78.68,3,24518.0124669493,4,0.121332213492387,7031,Minor_Damage_And_Injuries
5463,22.9680365296804,15,1,62.9443938012762,0.57648106743599,79.8,1,33313.7192567944,2,1.22297120835898,812,Highly_Fatal_And_Damaging
6537,82.5114155251141,7,11,82.1786690975388,0.28509989181392,78.47,7,42961.728774049,1,0.0038047881740863,8469,Significant_Damage_And_Fatalities
2116,93.7899543378995,4,2,63.9015496809481,0.24543166245943,79.72,7,47715.8314627323,4,0.0043585994435759,11475,Significant_Damage_And_Fatalities
6031,47.0319634703196,14,13,76.9826800364631,0.315752614496934,79.99,2,44315.605350123,2,0.601349976963937,3576,Minor_Damage_And_Injuries
6726,32.8767123287671,15,5,79.2616226071103,0.224876307248467,79.2,3,30586.407239901,2,0.151672484406703,1617,Significant_Damage_And_Serious_Injuries
9643,19.1780821917808,21,9,57.0191431175934,0.695485755499459,82.96,4,36354.4884269448,1,0.0660394623674445,3764,Highly_Fatal_And_Damaging
4504,38.4474885844749,17,18,56.6545123062899,0.404104579877389,77.01,2,46974.390404833,1,0.637457086688145,1722,Minor_Damage_And_Injuries
2569,30.1369863013699,12,0,51.1850501367366,0.59415146051208,77.71,4,38800.9673142313,3,0.0704870568565678,2104,Significant_Damage_And_Fatalities
3474,58.7671232876712,14,6,69.4165907019143,0.2923122971511,77.89,7,27295.816524348,2,0.0021242575860258,2247,Significant_Damage_And_Fatalities
828,59.2694063926941,14,1,65.1321786690975,0.368403173458348,77.32,7,47673.7542926758,2,0.0049496849695316,964,Significant_Damage_And_Fatalities
5055,58.1278538812785,8,1,75.38742023701,0.245792282726289,81.04,3,26266.3679590952,3,0.131340504997494,2803,Significant_Damage_And_Serious_Injuries
120,58.2648401826484,11,7,68.915223336372,0.284739271547061,81.92,3,38968.236520878,3,0.196274796736334,9005,Minor_Damage_And_Injuries
2962,33.2876712328767,15,0,80.355515041021,0.196387306166606,80.54,3,34791.7595740731,2,0.172539381894356,4701,Significant_Damage_And_Serious_Injuries
6985,81.4611872146119,8,0,68.7329079307201,0.199632888568337,81.62,7,21703.2159005865,3,0.0017017280266771,9650,Significant_Damage_And_Fatalities
6900,22.9680365296804,15,8,67.7757520510483,0.375254958528669,82.34,1,38266.75565052,2,1.4126370085277,5816,Highly_Fatal_And_Damaging
2455,40.365296803653,10,7,69.1886964448496,0.24543166245943,79.37,4,48088.2017203851,1,0.0883594086111667,2560,Highly_Fatal_And_Damaging
6460,48.6301369863014,17,1,63.6736554238833,0.379221781464118,81.27,7,45031.0840390284,2,0.0039777870168328,9971,Significant_Damage_And_Fatalities
4754,7.99086757990868,19,0,67.7301731996354,0.203960331770645,76.28,1,35067.7050829379,4,1.29301476392542,5282,Highly_Fatal_And_Damaging
7242,28.7671232876712,13,12,63.7648131267092,0.383188604399567,78.7,4,37949.724386184,3,0.0698193987426945,8962,Highly_Fatal_And_Damaging
6962,76.3926940639269,10,1,55.9252506836828,0.456394518571944,85.02,7,50713.1701646172,2,0.0044929035955593,6010,Significant_Damage_And_Serious_Injuries
3409,63.1963470319635,13,3,58.7511394712853,0.388237288135593,76.26,7,27034.8776966234,2,0.0024837755547159,6701,Significant_Damage_And_Fatalities
1068,19.6803652968037,15,44,44.7128532360985,0.771576631806707,80.9,1,38538.5523033851,1,1.41153842752558,10317,Significant_Damage_And_Fatalities
4725,1.14155251141552,21,14,66.9097538742024,0.352175261449693,82.93,7,49433.3029790945,2,0.004934218620801,2487,Highly_Fatal_And_Damaging
6768,58.4018264840183,11,3,71.1030082041933,0.467573746844573,78.12,5,36617.7244387796,3,0.0253444907773519,4308,Minor_Damage_And_Injuries
9077,68.1278538812785,8,11,49.1340018231541,0.422496213487198,87.43,2,17182.4727749403,2,0.232539481970194,10654,Highly_Fatal_And_Damaging
4972,38.1278538812785,10,1,66.4539653600729,0.460721961774252,77.87,1,33745.4930288049,1,1.23976926623189,828,Highly_Fatal_And_Damaging
392,29.3607305936073,16,15,61.5314494074749,0.533927875946628,79.39,3,39380.2913549638,2,0.195534413037663,3813,Significant_Damage_And_Serious_Injuries
4362,34.7945205479452,14,0,72.5615314494075,0.312146411828345,78.03,3,28770.8750092367,1,0.143241752108814,7017,Significant_Damage_And_Serious_Injuries
8650,18.7214611872146,19,11,70.9206927985415,0.382467363865849,78.42,6,41232.8372944868,2,0.0104388918436821,8364,Significant_Damage_And_Serious_Injuries
957,52.6027397260274,13,7,51.4129443938013,0.462885683375405,75.97,7,37072.399785034,2,0.003439050879663,3393,Highly_Fatal_And_Damaging
4739,40.6392694063927,13,1,79.0337283500456,0.372730616660656,75.95,3,29428.5998046567,4,0.146630034655966,2965,Significant_Damage_And_Serious_Injuries
3308,80.3196347031963,8,20,53.0082041932544,0.481998557518932,78.33,7,39867.4739975014,3,0.0036652151004875,10449,Significant_Damage_And_Serious_Injuries