,Safety_Score,Days_Since_Inspection,Total_Safety_Complaints,Control_Metric,Turbulence_In_gforces,Cabin_Temperature,Accident_Type_Code,Max_Elevation,Violations,Adverse_Weather_Metric,Accident_ID,Severity
5332,42.8767123287671,15,9,57.4749316317229,0.309622069960331,80.14,6,22841.7634088089,1,0.0052241104458536,10916,Minor_Damage_And_Injuries
5948,24.8858447488584,14,19,59.4804010938925,0.40374395961053,78.7,1,38266.75565052,0,1.4126370085277,10170,Highly_Fatal_And_Damaging
2322,32.648401826484,15,1,35.6882406563355,0.611100613054453,82.2,7,13528.4162077142,2,0.0005027740120415,2225,Minor_Damage_And_Injuries
3492,60.1826484018265,7,28,38.1494986326345,0.759315542733501,86.52,2,24285.8919300678,3,0.325277767406605,5106,Minor_Damage_And_Injuries
6302,12.9223744292237,17,5,71.3764813126709,0.35686332491886,82.66,4,34711.1482249364,3,0.0630931292208833,2701,Highly_Fatal_And_Damaging
6388,44.7945205479452,8,8,62.2607110300821,0.330898665705012,78.47,4,22288.6163690367,3,0.0408942878895581,4872,Highly_Fatal_And_Damaging
6604,44.1552511415525,12,7,70.0091157702826,0.421414352686621,81.15,4,24783.1501492149,3,0.0453050042984426,4031,Significant_Damage_And_Serious_Injuries
4762,49.2237442922374,14,6,67.1376481312671,0.417086909484313,80.91,2,35676.3730916699,2,0.481719619088506,6155,Minor_Damage_And_Injuries
5146,27.3059360730594,13,9,79.2160437556974,0.283657410746484,76.89,4,31758.9281763219,3,0.0566664273024785,531,Highly_Fatal_And_Damaging
8974,40.365296803653,10,1,62.2607110300821,0.267790119004688,79.85,4,36375.38646361,1,0.0664714737763402,2174,Highly_Fatal_And_Damaging
7348,53.1963470319635,16,7,36.7365542388332,0.662308690948431,84.51,4,44475.6870097684,1,0.082036560492673,2946,Significant_Damage_And_Serious_Injuries
9481,50.7305936073059,13,8,72.971741112124,0.352535881716553,78.2,2,25723.8293580535,2,0.35017958188076,3612,Minor_Damage_And_Injuries
2710,27.4885844748858,20,17,72.6526891522334,0.19494482509917,77.13,7,30271.1947677453,3,0.0026276268449775,11,Minor_Damage_And_Injuries
2107,24.1552511415525,18,3,72.0601640838651,0.319358817165525,77.36,2,46240.755011011,0,0.620903116405641,3917,Significant_Damage_And_Serious_Injuries
5746,72.4657534246575,10,8,66.3172288058341,0.32116191849982,79.96,7,12090.3041953085,3,0.0014189109008129,1007,Significant_Damage_And_Fatalities
5434,11.8264840182648,18,7,47.7666362807658,0.484883519653804,79.36,4,32187.5437770809,3,0.0592496949826449,4762,Significant_Damage_And_Fatalities
9181,19.2237442922374,16,7,73.2452142206017,0.306015867291742,84.53,3,29660.9634883589,2,0.147692401293215,7390,Highly_Fatal_And_Damaging
7407,40.4566210045662,16,8,62.7164995442115,0.375254958528669,80.25,2,35666.043399659,1,0.483125215393737,5201,Minor_Damage_And_Injuries
5898,48.4931506849315,14,4,67.9124886052872,0.352535881716553,81.82,2,16099.4774068421,2,0.219247711929046,458,Minor_Damage_And_Injuries
3082,51.3698630136986,17,5,55.9708295350957,0.462525063108547,77.4,7,31087.6739161044,2,0.0026708705218668,2358,Significant_Damage_And_Serious_Injuries
289,22.8310502283105,18,6,66.2716499544212,0.366239451857194,79.53,3,19201.5021304644,2,0.0955874383678995,7679,Significant_Damage_And_Serious_Injuries
4022,62.7853881278539,6,4,80.0820419325433,0.502914532996754,79.28,3,33346.7855725603,3,0.166023869314956,5413,Significant_Damage_And_Serious_Injuries
9706,45.9817351598173,15,2,62.4886052871468,0.28870609448251,78.95,2,21693.8235763697,1,0.300683552375606,4384,Minor_Damage_And_Injuries
9780,78.2191780821918,8,3,61.485870556062,0.344962856112513,77.09,2,28929.7446693501,2,0.391140729739186,9772,Significant_Damage_And_Fatalities
2799,45.7077625570776,11,9,59.5715587967183,0.473704291381176,81.06,3,32509.9312590937,1,0.162233572925457,4500,Significant_Damage_And_Serious_Injuries
5116,76.8493150684932,9,0,73.7010027347311,0.201435989902632,79.85,7,22336.4072040184,2,0.0020724634618585,2468,Significant_Damage_And_Fatalities
8149,48.7214611872146,10,1,61.2123974475843,0.368042553191489,77.3,3,22475.1258704004,2,0.112244853314345,192,Significant_Damage_And_Serious_Injuries
7041,25.2511415525114,18,17,52.9626253418414,0.509045077533357,80.67,6,47124.2411106397,2,0.0114943524785138,955,Minor_Damage_And_Injuries
2331,61.324200913242,10,1,65.3600729261623,0.54763144608727,82.19,2,32702.1479935482,2,0.444536318527391,9621,Minor_Damage_And_Injuries
9783,51.9178082191781,13,7,82.1786690975388,0.262020194734944,80.03,3,40745.7685865635,2,0.20122391367316,4795,Minor_Damage_And_Injuries
8647,22.7397260273973,15,8,76.7092069279854,0.412759466282005,81.15,4,49077.6388789282,3,0.0902752849258249,9590,Highly_Fatal_And_Damaging
4604,45.8904109589041,11,1,55.6517775752051,0.578644789037144,83.72,6,8645.35570372917,3,0.0027925418240612,4265,Minor_Damage_And_Injuries
7520,30.7305936073059,19,2,48.6782133090247,0.691158312297151,76.64,2,26816.7519798023,0,0.362925272467254,9472,Highly_Fatal_And_Damaging
2097,37.4885844748858,17,0,96.8094804010939,0.211172737107825,76.8,1,37268.6477821181,2,1.37237416777423,3166,Minor_Damage_And_Injuries
2744,53.8356164383562,5,4,60.0273473108478,0.407710782545979,77.55,6,32266.1362314826,2,0.0080090773789413,544,Significant_Damage_And_Serious_Injuries
5111,19.1324200913242,16,6,74.61257976299,0.222351965380454,79.32,4,20146.9172518634,2,0.0378292648966444,11819,Highly_Fatal_And_Damaging
4462,31.9178082191781,15,3,58.9334548769371,0.609658131987018,79.09,3,34587.8862136885,1,0.172818256004364,9630,Significant_Damage_And_Serious_Injuries
6864,46.8036529680365,14,3,48.0856882406563,0.516618103137396,83.28,3,31908.0400117333,1,0.159540451910571,678,Highly_Fatal_And_Damaging
8322,47.8995433789954,7,6,67.5022789425707,0.257332131265777,75.35,5,21524.2012567384,3,0.0140645549945742,8014,Highly_Fatal_And_Damaging
3896,47.4429223744292,11,0,60.4375569735643,0.503635773530472,82.81,1,17786.0713596076,3,0.619400816440287,11545,Significant_Damage_And_Serious_Injuries
3974,26.7123287671233,13,25,63.9015496809481,0.264183916336098,80.96,1,23362.5382988508,2,0.859867417828303,6001,Highly_Fatal_And_Damaging
3952,39.4520547945205,17,2,59.9361896080219,0.349290299314821,84.1,1,29033.2942473191,3,1.06635953548775,7045,Minor_Damage_And_Injuries
6778,43.7899543378995,12,10,71.6955332725615,0.314310133429499,80.03,6,33980.6616754711,1,0.0085981238758746,7737,Significant_Damage_And_Serious_Injuries
9125,38.0365296803653,17,0,78.4867821330902,0.276805625676163,78.48,1,17081.9051054416,1,0.655500113007298,11864,Minor_Damage_And_Injuries
926,29.0867579908676,16,2,68.5961713764813,0.308540209159754,78.3,5,40821.1958847229,3,0.0273062158003251,7317,Significant_Damage_And_Serious_Injuries
4164,40.6392694063927,9,6,54.0565177757521,0.551958889289578,75.9,4,37524.2542206559,2,0.0682294487333802,7787,Significant_Damage_And_Fatalities
9395,37.5342465753425,10,1,79.3983591613491,0.360830147854309,82.73,1,22938.1779252997,1,0.845845626344203,6477,Highly_Fatal_And_Damaging
1568,54.5205479452055,9,1,66.362807657247,0.368763793725207,75.27,3,33573.2699399035,2,0.167541354018373,5483,Significant_Damage_And_Serious_Injuries
8303,54.8401826484018,9,0,87.2835004557885,0.277526866209881,79.54,2,28707.3418656464,2,0.38932566963731,8636,Significant_Damage_And_Serious_Injuries
2691,59.8173515981735,14,5,92.9352780309936,0.162489001081861,80.44,7,45084.6916396853,3,0.0039599033288306,970,Significant_Damage_And_Fatalities
4205,33.972602739726,11,4,69.5533272561531,0.324046880634692,77.2,4,32150.910882931,2,0.0592496949826449,455,Highly_Fatal_And_Damaging
7992,51.9634703196347,13,8,69.4165907019143,0.298803461954562,80.03,2,32990.9149372376,2,0.446483481726605,9735,Minor_Damage_And_Injuries
9198,62.7853881278539,9,4,57.1558796718323,0.308900829426614,78.06,1,50122.0197516808,3,1.84388606166323,10389,Highly_Fatal_And_Damaging
6909,39.9543378995434,13,4,64.5852324521422,0.246513523260007,77.8,6,40686.3843910211,1,0.010108419161522,4484,Significant_Damage_And_Serious_Injuries
6457,84.3835616438356,7,1,42.9808568824066,0.505078254597908,79.6,7,16039.4043850768,2,0.0011026362175773,10788,Significant_Damage_And_Fatalities
9704,71.5981735159817,7,0,59.2980856882407,0.414201947349441,75.7,2,34354.1112213822,2,0.465168245339577,4130,Minor_Damage_And_Injuries
65,25.296803652968,14,3,83.8195077484048,0.301327803822575,81.94,4,25111.1749048795,2,0.0460458912336435,7285,Highly_Fatal_And_Damaging
4289,65.4337899543379,12,12,77.7575205104832,0.308179588892896,76.56,2,32690.6257735184,1,0.442575446115247,6880,Minor_Damage_And_Injuries
2643,37.4885844748858,10,6,76.8915223336372,0.28870609448251,80.96,5,19325.7037704099,1,0.0133018956111364,7309,Highly_Fatal_And_Damaging
6301,31.8264840182648,19,0,53.2360984503191,0.492817165524703,79.72,2,37999.3671044333,2,0.515354630386689,4355,Highly_Fatal_And_Damaging
1486,30.0913242009132,16,3,41.6590701914312,0.497505228993869,81.74,6,28014.7185262694,3,0.0067948210839351,114,Minor_Damage_And_Injuries
2637,35.4337899543379,18,17,47.0829535095716,0.351454020915975,78.76,2,41045.6940016465,2,0.553451830919128,5718,Highly_Fatal_And_Damaging
8086,53.8812785388128,12,7,66.9553327256153,0.302770284890011,77.03,2,42734.0613091042,2,0.579515445156363,1507,Minor_Damage_And_Injuries
1600,46.1643835616438,11,4,73.8833181403829,0.214418319509556,81.1,3,39961.8207622236,1,0.198336004530739,9677,Significant_Damage_And_Serious_Injuries
9590,42.3744292237443,12,19,58.6144029170465,0.606412549585286,79.21,2,35004.0541195592,3,0.473685158656965,5663,Significant_Damage_And_Serious_Injuries
4632,33.2420091324201,11,1,67.4111212397448,0.368042553191489,81.86,1,33766.6231497173,3,1.23980426124456,7386,Highly_Fatal_And_Damaging
3480,24.8401826484018,14,22,74.3391066545123,0.300606563288856,80.55,7,28855.4186664743,1,0.0026681802404638,5791,Highly_Fatal_And_Damaging
9865,18.3561643835616,20,5,59.6171376481313,0.273560043274432,75.05,3,21193.4253281044,2,0.105891316867506,7265,Significant_Damage_And_Serious_Injuries
1712,43.4703196347032,12,3,82.0419325432999,0.317195095564371,78.36,3,40088.6022764906,2,0.198336004530739,1683,Significant_Damage_And_Serious_Injuries
6761,53.6529680365297,9,10,66.3172288058341,0.413841327082582,76.96,3,26277.0351261399,3,0.131036027894853,5851,Significant_Damage_And_Serious_Injuries
1149,33.1050228310502,15,3,52.461257976299,0.40735016227912,83.72,4,28716.2754578791,2,0.0528505428278382,163,Minor_Damage_And_Injuries
7030,50.7305936073059,13,0,54.8313582497721,0.462525063108547,78.47,2,33905.3514045601,2,0.458227397462646,1698,Highly_Fatal_And_Damaging
1511,20.2283105022831,15,1,53.9197812215132,0.551598269022719,76.43,4,36683.4599205663,3,0.0670328004795129,3797,Significant_Damage_And_Fatalities
3683,95.2511415525114,6,17,81.2215132178669,0.234252434186801,80.54,2,36962.1315429362,2,0.501428821012912,9110,Significant_Damage_And_Fatalities
615,1.41552511415525,21,3,61.8505013673656,0.307097728092319,82.6,4,47893.7179720062,1,0.0884428179454737,4258,Highly_Fatal_And_Damaging
3674,39.7260273972603,13,7,69.8268003646308,0.394007212405337,78.55,3,35704.4771368743,1,0.177465946816613,9676,Significant_Damage_And_Serious_Injuries
7861,55.7990867579909,15,11,62.3974475843209,0.431511720158673,79.6,7,33387.8483064781,3,0.0033277485797254,5849,Significant_Damage_And_Fatalities
2936,59.8173515981735,14,1,59.7538742023701,0.474786152181753,76.19,6,30982.4858135607,2,0.0076727967046501,484,Significant_Damage_And_Fatalities
9926,48.9041095890411,10,1,73.4275296262534,0.419971871619185,76.19,3,58393.7562511413,3,0.27447787565096,8321,Significant_Damage_And_Serious_Injuries
9859,78.675799086758,8,1,75.8432087511395,0.238940497655968,79.42,7,25964.2580811227,4,0.0021251101298309,8878,Significant_Damage_And_Fatalities
4015,51.324200913242,13,0,54.2844120328168,0.467213126577713,75.97,3,37599.7096257826,3,0.187522601295637,5912,Highly_Fatal_And_Damaging
9045,49.2237442922374,14,6,57.1103008204193,0.372009376126938,79.99,2,28208.2593702175,3,0.382297819488116,6805,Minor_Damage_And_Injuries
2585,64.1552511415525,6,11,52.6435733819508,0.450263974035341,77.8,3,40844.1082299599,1,0.204090220888324,6285,Minor_Damage_And_Injuries
7511,41.1415525114155,13,2,69.1431175934367,0.320080057699243,81.23,3,28510.1224862741,4,0.142232506047654,3270,Significant_Damage_And_Serious_Injuries
5272,15.8904109589041,17,12,80.2187784867822,0.323686260367832,83.54,4,34977.6810000549,2,0.0637233304662383,8248,Highly_Fatal_And_Damaging
8509,36.4383561643836,11,7,68.5050136736554,0.23100685178507,80.96,5,27416.8061676674,1,0.0189897737507901,2261,Highly_Fatal_And_Damaging
4692,41.324200913242,16,5,71.1485870556062,0.423938694554634,76.96,7,42912.5244287391,3,0.0041299947138364,9482,Minor_Damage_And_Injuries
1001,41.7351598173516,13,11,71.8778486782133,0.380303642264695,77.46,6,33680.0996768755,2,0.008357925668864,12424,Significant_Damage_And_Serious_Injuries
1498,28.2191780821918,13,6,66.5451230628988,0.298803461954562,79.51,4,41982.5624801639,3,0.0776870335053078,1457,Highly_Fatal_And_Damaging
8081,27.1232876712329,20,2,62.0328167730173,0.452067075369635,79.72,4,12598.3641491423,2,0.0217637427833155,10001,Minor_Damage_And_Injuries
5216,47.9908675799087,17,19,55.6517775752051,0.568186801298233,76.04,3,23099.2468389868,4,0.1151390279243,11738,Significant_Damage_And_Serious_Injuries
990,32.9223744292237,11,7,54.6946216955333,0.448100252434187,78.65,5,15252.2217803697,2,0.0108072656643546,776,Significant_Damage_And_Fatalities
2938,45.7990867579909,15,0,83.5460346399271,0.346405337179949,80.14,4,34727.7751753632,2,0.0644981911503426,289,Minor_Damage_And_Injuries
8513,69.8630136986301,8,2,56.7000911577028,0.469376848178867,79.33,7,26661.0134029026,0,0.0024890562823637,560,Significant_Damage_And_Serious_Injuries
5230,42.1004566210046,16,15,72.2424794895169,0.27788748647674,76.75,5,31335.4768243775,2,0.0195516826413514,2407,Minor_Damage_And_Injuries
1434,53.972602739726,12,12,44.7128532360985,0.705583122971511,79.53,2,33768.9628637163,1,0.453246293181655,11673,Highly_Fatal_And_Damaging
1816,53.1050228310502,16,0,32.7256153144941,0.682864046159394,78.23,6,38537.3634081449,0,0.0095556224164005,6248,Highly_Fatal_And_Damaging
808,43.3333333333333,16,21,70.2825888787603,0.394007212405337,77.27,2,36883.7899744297,3,0.499470695720181,5541,Minor_Damage_And_Injuries
6677,62.3744292237443,13,13,69.5077484047402,0.246874143526866,78.11,7,46564.1105882428,3,0.0038640515777902,439,Significant_Damage_And_Fatalities
3191,48.8127853881278,10,7,68.3226982680037,0.16284962134872,79.08,3,25093.1260664619,3,0.12399500240157,2676,Significant_Damage_And_Serious_Injuries
3303,22.7397260273973,15,4,47.2196900638104,0.610739992787594,79.46,1,42565.8507122876,2,1.57697331933714,4758,Significant_Damage_And_Fatalities
8661,44.4748858447489,8,6,60.5742935278031,0.324768121168409,79.56,4,46540.2720370916,1,0.0847856393439959,1711,Highly_Fatal_And_Damaging
8507,46.8949771689498,11,1,76.8003646308113,0.281854309412189,75.78,6,16837.0598386233,0,0.0044624450415269,3009,Significant_Damage_And_Serious_Injuries
10,36.6666666666667,11,11,80.2187784867822,0.452788315903353,81.15,2,31463.5685651779,2,0.424911513212429,3789,Highly_Fatal_And_Damaging
2164,23.8356164383562,14,0,72.7438468550593,0.219106382978723,77.91,5,32944.3336789672,3,0.0215533582053583,5820,Highly_Fatal_And_Damaging
4959,58.4931506849315,7,3,34.9134001823154,0.668078615218175,79.25,3,25644.4684192504,0,0.128439069282741,8000,Minor_Damage_And_Injuries
1108,62.0547945205479,13,20,60.8477666362808,0.362272628921745,88.27,7,26017.6846879558,3,0.0023076679920551,3130,Significant_Damage_And_Fatalities
7630,4.29223744292237,21,4,55.6973564266181,0.418529390551749,80.86,2,10923.0194874701,0,0.134834939340907,6205,Significant_Damage_And_Fatalities
5701,49.3150684931507,14,6,59.9817684594348,0.409874504147133,79.56,5,27686.2413636474,3,0.0184283725792126,6878,Minor_Damage_And_Injuries
8935,16.1187214611872,17,10,59.5715587967183,0.476589253516048,81.44,5,33635.2346432366,3,0.0238725883088484,12221,Highly_Fatal_And_Damaging
3414,35.296803652968,11,1,62.5797629899727,0.37128813559322,82.12,3,21200.8828158285,2,0.106394034490747,1051,Highly_Fatal_And_Damaging
8,54.8401826484018,5,40,69.2342752962625,0.335586729174179,78.24,2,45751.9834127951,0,0.619185763380743,8179,Highly_Fatal_And_Damaging
2805,11.5068493150685,18,0,64.5396536007293,0.256610890732059,78.99,6,23081.8398280032,3,0.0053269775279318,10789,Highly_Fatal_And_Damaging
6005,18.3561643835616,19,8,67.0920692798541,0.504717634331049,80.51,1,24135.4433661131,2,0.898387825256726,3998,Significant_Damage_And_Serious_Injuries
4288,55.662100456621,12,21,55.5150410209663,0.568186801298233,83.71,2,20204.6489775497,0,0.273440189207303,10459,Highly_Fatal_And_Damaging
5058,34.8401826484018,15,0,32.7256153144941,0.640310854670032,78.55,3,33315.568355075,3,0.166305014653227,3048,Minor_Damage_And_Injuries
2265,60.0913242009132,10,5,70.4193254329991,0.325849981968986,76.45,2,44265.5437755615,2,0.59741302238325,4248,Minor_Damage_And_Injuries
4427,37.4885844748858,10,3,51.7775752051048,0.606412549585286,79.37,5,28875.5800147687,1,0.0195220582116127,1707,Significant_Damage_And_Fatalities
6557,36.027397260274,14,3,48.9061075660894,0.408432023079697,82.66,5,23011.5147890298,0,0.0151993568543735,2283,Significant_Damage_And_Serious_Injuries
6094,38.5844748858447,13,5,65.587967183227,0.31358889289578,76.49,4,47507.7168742865,2,0.086532665384485,7958,Significant_Damage_And_Serious_Injuries
652,36.4383561643836,14,26,65.4056517775752,0.293394157951677,81.8,7,33401.0255544809,2,0.0029809992085563,710,Significant_Damage_And_Serious_Injuries
6581,34.3835616438356,18,1,73.4731084776664,0.311064551027768,78.48,4,28852.4655752009,2,0.0527454649500691,3488,Minor_Damage_And_Injuries
2641,44.0639269406393,12,14,66.7730173199635,0.344602235845654,79.17,1,17807.7400752802,1,0.636699054619635,10435,Significant_Damage_And_Serious_Injuries
6922,37.1689497716895,14,7,62.1239744758432,0.42177497295348,78.09,4,30858.5431373534,3,0.0566664273024785,11381,Significant_Damage_And_Serious_Injuries
404,42.8767123287671,12,8,74.2023701002735,0.283657410746484,87.47,6,25080.5824492383,2,0.0061963971400548,508,Significant_Damage_And_Serious_Injuries
318,57.8995433789954,7,2,79.1704649042844,0.21333645870898,77.95,6,32880.837576059,0,0.0081464216070828,4969,Significant_Damage_And_Serious_Injuries
3811,44.0639269406393,8,6,85.1868732907931,0.212254597908403,76.3,4,48820.2733551817,1,0.0888961552082543,2672,Highly_Fatal_And_Damaging
1277,41.1415525114155,12,3,73.8377392889699,0.35686332491886,81.27,6,34987.9832316897,3,0.0083608226783814,12171,Significant_Damage_And_Serious_Injuries
9551,39.1324200913242,10,3,60.2552415679125,0.375615578795528,77.16,4,14251.9158934857,2,0.0269899858625471,2366,Highly_Fatal_And_Damaging
4801,41.1872146118721,13,2,69.1431175934367,0.315752614496934,81.46,6,36790.5008094017,3,0.0083289969480363,8570,Significant_Damage_And_Serious_Injuries
5553,62.3287671232877,13,0,66.4995442114859,0.317916336098088,85.98,4,23998.3048588661,1,0.0431418920641042,3268,Significant_Damage_And_Fatalities
2138,40.7762557077626,16,8,55.6973564266181,0.317555715831229,79.73,2,48722.4847633761,3,0.664582259241775,2362,Highly_Fatal_And_Damaging
2781,31.1415525114155,12,8,86.052871467639,0.294115398485395,82.53,4,32951.9888222322,0,0.0599545335214721,2993,Highly_Fatal_And_Damaging
2147,39.1324200913242,13,0,66.9097538742024,0.294476018752254,84.74,3,11938.9093113064,4,0.0578625828464421,11034,Significant_Damage_And_Serious_Injuries
1318,69.8630136986301,8,2,45.897903372835,0.657981247746123,79.74,7,38888.7530091818,2,0.0036652151004875,5296,Significant_Damage_And_Serious_Injuries
4730,48.8584474885845,14,23,66.7730173199635,0.417808150018031,78.64,1,22550.623318695,1,0.840694950949006,6860,Minor_Damage_And_Injuries
8095,40.3196347031963,13,13,71.8778486782133,0.355420843851424,78.93,6,53323.6708564959,1,0.0121013358844603,10995,Significant_Damage_And_Serious_Injuries
5712,24.2922374429224,14,2,73.8833181403829,0.29591849981969,79.47,4,29123.2583793699,2,0.0531772420885427,9216,Highly_Fatal_And_Damaging
7455,47.4885844748858,11,3,73.9744758432088,0.335226108907321,78.03,3,24203.6895848125,3,0.120541261122413,9824,Significant_Damage_And_Serious_Injuries
1928,50.7762557077626,10,0,79.7174111212398,0.333423007573026,82.19,3,28759.0997547688,2,0.143183126568889,12092,Significant_Damage_And_Serious_Injuries
3957,47.8995433789954,18,2,46.0346399270738,0.495702127659574,81.55,7,30664.9684488475,3,0.0029087794693287,8087,Significant_Damage_And_Serious_Injuries
8254,53.2876712328767,16,0,88.0127620783956,0.258774612333213,78.23,7,24842.6498966652,2,0.0024140516354806,2484,Significant_Damage_And_Fatalities
6752,49.9086757990868,10,1,41.2488605287147,0.505078254597908,80.09,5,36061.4324647463,3,0.0245406632757047,10912,Minor_Damage_And_Injuries
9226,30.7305936073059,12,1,54.6490428441203,0.448100252434187,77.99,4,48814.0867809123,2,0.0884973764056748,10450,Significant_Damage_And_Fatalities
86,54.2465753424657,5,4,73.2907930720146,0.244349801658853,77.95,3,34497.643982666,1,0.170265585090925,9071,Significant_Damage_And_Serious_Injuries
8711,49.4520547945205,14,4,68.0948040109389,0.240022358456545,80.84,1,43568.4879176962,1,1.62917056541141,1709,Minor_Damage_And_Injuries
4696,42.9680365296804,9,6,75.432999088423,0.244349801658853,77.6,4,39024.0290886163,2,0.0713789477305042,10068,Highly_Fatal_And_Damaging
3703,21.2785388127854,15,7,67.6845943482224,0.505078254597908,79.06,4,54914.7987552472,1,0.100005416841789,9743,Highly_Fatal_And_Damaging
5399,37.2146118721461,11,3,57.8395624430264,0.29591849981969,81.8,3,32108.8944544788,1,0.160821287549669,276,Highly_Fatal_And_Damaging
162,57.1689497716895,8,5,88.8787602552416,0.213697078975838,80.16,6,14287.4754585327,2,0.0034145154117973,253,Significant_Damage_And_Serious_Injuries
4655,55.9360730593607,12,1,84.6855059252507,0.151670393076091,84.83,2,17287.2556177208,1,0.231292269047612,8127,Minor_Damage_And_Injuries
5142,30.7762557077626,12,0,73.3363719234275,0.43259358095925,82.21,1,29989.0265842119,2,1.10131814762192,10762,Highly_Fatal_And_Damaging
9958,30.8219178082192,19,3,62.6253418413856,0.427184276956365,82.2,4,40669.4425991241,2,0.0745197124194174,7467,Minor_Damage_And_Injuries
3685,32.3744292237443,12,11,62.9443938012762,0.312507032095204,78.38,4,25989.3630647294,1,0.0480482439830435,1769,Highly_Fatal_And_Damaging
8775,71.7808219178082,11,7,69.5533272561531,0.238940497655968,75.13,7,32421.108118941,1,0.003309240658801,5380,Significant_Damage_And_Fatalities
3011,46.6666666666667,11,0,69.8723792160438,0.417808150018031,79.32,3,40619.7789673451,3,0.202036111336748,2919,Significant_Damage_And_Serious_Injuries
866,57.1232876712329,11,17,58.0674567000912,0.377418680129823,79.62,2,32215.0676113939,4,0.437330248263288,995,Minor_Damage_And_Injuries
9089,34.4748858447488,15,23,68.003646308113,0.345684096646231,79.06,3,10813.8493443795,2,0.0558255168288564,2582,Significant_Damage_And_Serious_Injuries
7887,31.5981735159817,15,2,61.5770282588879,0.368763793725207,83.57,3,37550.3987735086,2,0.186909000822854,10599,Significant_Damage_And_Serious_Injuries
370,32.9223744292237,12,1,69.5077484047402,0.311425171294627,79.21,4,47572.0590615232,4,0.0865963416873615,8674,Highly_Fatal_And_Damaging
9739,51.689497716895,9,3,71.4220601640839,0.322604399567255,79.36,5,64297.6512179186,2,0.0336210417064479,9510,Significant_Damage_And_Serious_Injuries
2111,42.3744292237443,12,19,35.2780309936189,0.754627479264334,77.64,6,24798.3540796078,1,0.0060510874598754,9752,Significant_Damage_And_Serious_Injuries
9944,57.7168949771689,11,9,83.9106654512306,0.242907320591417,82.26,5,34177.244084915,2,0.0228367689591343,11371,Minor_Damage_And_Injuries
6161,39.6803652968037,20,3,61.6226071103008,0.444133429498738,81.06,7,13790.8744728662,3,0.0014597965734335,10278,Significant_Damage_And_Fatalities
6602,42.283105022831,12,24,60.665451230629,0.413120086548864,79.59,6,38068.0704053001,1,0.0096442306504532,7381,Significant_Damage_And_Serious_Injuries
6105,25.9817351598173,17,4,59.6171376481313,0.52960043274432,80.19,3,24122.306625314,1,0.120097892914509,10299,Significant_Damage_And_Serious_Injuries
8283,53.8812785388128,12,17,73.7010027347311,0.294836639019113,75.33,5,42688.6369208672,1,0.0284866706906088,789,Minor_Damage_And_Injuries
3923,36.1643835616438,11,0,79.8997265268915,0.355060223584565,76.89,4,41401.7229807727,2,0.0760172273487276,8503,Highly_Fatal_And_Damaging
6819,37.8082191780822,17,0,77.1649954421149,0.336307969707898,78.59,1,22938.1779252997,0,0.853373916211143,5743,Minor_Damage_And_Injuries
1630,54.2465753424657,12,1,78.6235186873291,0.390761630003606,87.51,2,35859.4447962179,2,0.485116943649484,1332,Minor_Damage_And_Injuries
5281,20.4109589041096,19,4,71.1941659070192,0.438002884962135,82.38,3,36967.4489018541,1,0.184654979230829,12296,Significant_Damage_And_Serious_Injuries
5690,38.9954337899543,10,4,62.1695533272562,0.493899026325279,75.58,1,34809.4451899238,2,1.27724201743561,4646,Highly_Fatal_And_Damaging
9598,36.7123287671233,14,8,55.0592525068368,0.539697800216372,85.91,2,48525.8603425376,2,0.653900333012144,1634,Minor_Damage_And_Injuries
5255,32.8310502283105,15,1,86.2351868732908,0.280051208077894,78.42,4,38631.0171950936,3,0.0703800483391097,6135,Significant_Damage_And_Serious_Injuries
2907,49.2694063926941,13,2,45.4876937101185,0.38210674359899,76.12,2,30732.5345449627,1,0.414941704093137,6181,Highly_Fatal_And_Damaging
4581,46.5753424657534,11,2,53.6007292616226,0.621558600793364,78.73,3,27053.4458792123,2,0.133099569852491,2626,Significant_Damage_And_Serious_Injuries
9005,40.6392694063927,9,4,54.0565177757521,0.551958889289578,78.08,1,19662.846046713,1,0.717630663700448,10423,Significant_Damage_And_Fatalities
8842,38.5388127853881,10,4,54.0565177757521,0.592348359177785,77.21,7,27036.9607376737,4,0.0022223944288631,1420,Significant_Damage_And_Fatalities
6786,45.1598173515982,11,6,60.1185050136736,0.329095564370718,78.52,4,29545.4263401468,3,0.0526430497150514,11930,Significant_Damage_And_Serious_Injuries
7790,27.945205479452,13,3,67.2743846855059,0.355420843851424,80.14,4,35662.4808598967,2,0.0653570076442063,12084,Highly_Fatal_And_Damaging
2442,33.7899543378995,11,5,72.8805834092981,0.406989542012261,82.21,4,25564.9443067169,2,0.0471571412717711,11395,Highly_Fatal_And_Damaging
5718,16.4840182648402,16,2,71.1941659070192,0.582250991705733,82.25,7,25175.0086940981,3,0.0024330782068533,3437,Highly_Fatal_And_Damaging
5620,33.2420091324201,11,4,65.6791248860529,0.269953840605842,77.26,4,39103.4153008276,3,0.0714234557381285,1436,Highly_Fatal_And_Damaging
4026,12.6940639269406,18,6,55.3783044667274,0.309982690227191,82.81,4,36830.544529354,3,0.0673084209630457,3054,Significant_Damage_And_Fatalities