,Safety_Score,Days_Since_Inspection,Total_Safety_Complaints,Control_Metric,Turbulence_In_gforces,Cabin_Temperature,Accident_Type_Code,Max_Elevation,Violations,Adverse_Weather_Metric,Accident_ID,Severity
6432,68.6301369863014,11,1,52.8258887876026,0.363354489722322,82.81,7,36104.8569903325,3,0.0030225303488482,155,Significant_Damage_And_Serious_Injuries
1307,51.0045662100457,10,1,62.2607110300821,0.525272989542012,83.85,3,34165.5287762916,4,0.170714949985897,2383,Significant_Damage_And_Serious_Injuries
2515,30.9132420091324,12,0,64.0382862351869,0.368042553191489,80.2,4,41578.7169861032,1,0.0763205990087241,4697,Highly_Fatal_And_Damaging
4425,41.0958904109589,16,5,55.1048313582498,0.309982690227191,77.27,3,35794.8363803313,2,0.1788416951388,10277,Highly_Fatal_And_Damaging
7603,33.2420091324201,11,8,76.6180492251596,0.371648755860079,79.83,2,25605.0986574627,0,0.344926674199494,11415,Highly_Fatal_And_Damaging
3729,38.4474885844749,17,9,66.4995442114859,0.416726289217454,79.23,2,32739.2459757613,2,0.444553307539715,11367,Minor_Damage_And_Injuries
395,46.1187214611872,15,1,59.9817684594348,0.412038225748287,79.83,2,27752.7367849651,2,0.37781960523515,8153,Minor_Damage_And_Injuries
6989,13.7899543378995,17,5,65.7247037374658,0.193502344031734,77.36,7,27607.9009089188,2,0.0024777451291183,8384,Highly_Fatal_And_Damaging
9358,15.7534246575342,20,23,82.1330902461258,0.434396682293545,84.33,1,34289.9002369057,2,1.26145493369774,8,Significant_Damage_And_Serious_Injuries
841,43.1963470319635,12,21,45.4421148587056,0.675651640822214,78.61,2,20799.9255916983,2,0.279104058078208,3722,Minor_Damage_And_Injuries
4992,26.5753424657534,17,9,79.2160437556974,0.217663901911287,77.26,3,37623.173029289,3,0.187059500793385,11631,Significant_Damage_And_Serious_Injuries
1033,42.0547945205479,19,6,65.587967183227,0.268150739271547,79.65,2,37787.3407630363,1,0.512298964759858,5932,Significant_Damage_And_Fatalities
7843,37.1689497716895,14,14,84.8678213309025,0.255529029931482,83.32,3,24101.1426632183,3,0.118795587606853,3178,Significant_Damage_And_Serious_Injuries
6921,38.7671232876712,17,2,68.003646308113,0.253004688063469,83.6,7,33951.338673945,3,0.003118626434593,4686,Minor_Damage_And_Injuries
901,36.3926940639269,11,1,73.746581586144,0.300967183555716,81.76,5,29518.3315276388,1,0.0198462668231589,564,Highly_Fatal_And_Damaging
5765,46.4383561643836,11,0,52.6891522333637,0.410235124413992,76.96,4,41643.7682906453,0,0.0760172273487276,4907,Minor_Damage_And_Injuries
8887,40.0913242009132,10,5,66.5907019143118,0.474064911648034,78.68,1,19662.846046713,3,0.716017500261531,6798,Highly_Fatal_And_Damaging
5843,60.1369863013699,10,3,72.7438468550593,0.18052001442481,80.03,5,31149.0488689414,3,0.0204566081770176,7005,Minor_Damage_And_Injuries
7815,33.0593607305936,15,15,51.640838650866,0.368042553191489,78.83,3,32746.0286654764,2,0.163704050839188,3170,Minor_Damage_And_Injuries
4448,31.5981735159817,12,3,54.6946216955333,0.478392354850342,77.75,4,15949.8073396295,3,0.0284279690986392,8902,Significant_Damage_And_Fatalities
5082,48.2648401826484,7,18,71.9690063810392,0.3785005409304,77.42,1,20400.0810537287,3,0.741000085873413,980,Highly_Fatal_And_Damaging
6867,60.2739726027397,7,19,56.3354603463993,0.397252794807068,80.47,5,28540.5531641214,1,0.0193100351190768,2080,Minor_Damage_And_Injuries
7908,43.6529680365297,8,6,68.3682771194166,0.277526866209881,79.26,4,42166.4188785278,3,0.0775283006898538,11079,Highly_Fatal_And_Damaging
2597,61.324200913242,10,1,61.2579762989973,0.395449693472773,81.76,2,30028.2840811135,2,0.405867133723055,3229,Minor_Damage_And_Injuries
3525,39.3607305936073,17,4,67.4111212397448,0.37489433826181,80.96,2,38934.8959159034,2,0.529397252616345,7555,Minor_Damage_And_Injuries
3552,11.5981735159817,18,3,89.6080218778487,0.219827623512441,77.63,1,36409.5677758811,1,1.32312428555113,8196,Highly_Fatal_And_Damaging
8386,55.0684931506849,9,1,68.1403828623519,0.213697078975838,81.59,6,22389.3806337181,2,0.0053839919649068,6652,Significant_Damage_And_Serious_Injuries
3890,60.1369863013699,7,20,67.4567000911577,0.409513883880274,84.03,3,11265.9177885903,3,0.0540905537896018,9671,Significant_Damage_And_Serious_Injuries
2964,30.7762557077626,20,2,56.2898814949863,0.633098449332852,80.13,4,24371.5142179798,1,0.0443025905213973,1558,Highly_Fatal_And_Damaging
2294,54.7488584474886,9,28,82.0875113947128,0.395810313739632,76.56,2,25019.9299511302,3,0.336595105059082,12447,Significant_Damage_And_Serious_Injuries
3002,14.337899543379,17,1,69.1431175934367,0.290148575549946,75.07,3,26009.2327462011,2,0.128453568773262,9863,Highly_Fatal_And_Damaging
9015,15.7534246575342,20,7,48.9516864175023,0.68430652722683,80.16,3,40671.2750670239,0,0.199929006263749,10429,Minor_Damage_And_Injuries
8962,17.4885844748858,16,5,62.8988149498633,0.47911359538406,77.48,4,40808.477420646,4,0.0748983296849029,5878,Highly_Fatal_And_Damaging
6489,22.2374429223744,15,7,70.3281677301732,0.379582401730977,77.03,3,27897.8067021377,1,0.138981059396441,6057,Highly_Fatal_And_Damaging
1830,51.8264840182648,13,12,83.4092980856883,0.265987017670393,79.62,2,40745.7685865635,3,0.552348029450647,1894,Minor_Damage_And_Injuries
4970,52.5114155251141,13,2,60.4831358249772,0.526354850342589,86.51,5,32908.2936804925,0,0.0215533582053583,8523,Minor_Damage_And_Injuries
9827,16.3470319634703,16,2,71.1941659070192,0.582250991705733,82.71,7,31647.884323696,1,0.0027780566142464,6915,Highly_Fatal_And_Damaging
7681,47.5799086757991,11,6,69.9179580674567,0.228482509917057,81.09,6,28586.8716057328,1,0.0074532797569949,9902,Significant_Damage_And_Serious_Injuries
5681,28.4931506849315,16,17,60.3008204193255,0.582250991705733,79.06,3,28547.658421273,3,0.142409709799009,8546,Significant_Damage_And_Serious_Injuries
1062,52.4200913242009,16,5,32.7256153144941,0.584054093040028,84.87,1,28498.6715449159,2,1.04600375319121,7471,Significant_Damage_And_Serious_Injuries
6091,28.5844748858447,20,1,73.6554238833182,0.384270465200144,81.15,4,26274.6928894615,2,0.0478716294768382,10872,Minor_Damage_And_Injuries
617,56.2100456621004,8,0,78.0765724703738,0.354699603317706,81.13,6,26501.859027862,0,0.0065128452190992,5651,Significant_Damage_And_Serious_Injuries
5315,27.2602739726027,20,3,71.1030082041933,0.480556076451497,78.25,4,39215.0592883377,4,0.0714058753183895,5248,Minor_Damage_And_Injuries
2348,62.1004566210046,14,0,45.6244302643574,0.52238802740714,79.22,7,29656.9767538356,0,0.0028558607640553,3890,Significant_Damage_And_Serious_Injuries
2848,72.5570776255708,7,19,47.4020054694622,0.438724125495853,83.5,6,39964.6882619404,1,0.0095785530675441,5496,Highly_Fatal_And_Damaging
6402,46.8493150684931,7,10,45.3965360072927,0.745972592859718,76.48,7,35644.9882739355,2,0.0032192666671433,3553,Significant_Damage_And_Fatalities
5972,55.1598173515982,5,0,63.6736554238833,0.289427335016228,81.26,1,30706.3547663233,2,1.12805616120711,5186,Highly_Fatal_And_Damaging
8333,25.1141552511416,14,5,66.8641750227894,0.478031734583483,78.1,4,24068.4258556326,1,0.0435695366800226,9217,Highly_Fatal_And_Damaging
4545,53.9269406392694,12,7,61.9416590701914,0.352175261449693,75.33,2,46273.2400084029,0,0.623420577171322,2110,Minor_Damage_And_Injuries
9677,46.027397260274,15,0,64.6308113035552,0.389679769203029,76.02,3,29428.5998046567,2,0.147269092453377,10191,Minor_Damage_And_Injuries
3455,54.5205479452055,9,5,61.485870556062,0.33883231157591,77.17,6,26915.0922973571,2,0.006527849331634,12331,Significant_Damage_And_Serious_Injuries
6214,32.5570776255708,12,3,57.0191431175934,0.399777136675081,80.27,7,25794.580871847,3,0.0022816943729445,347,Significant_Damage_And_Fatalities
4526,59.1324200913242,11,10,59.0701914311759,0.335947349441038,80.26,2,37411.153141132,1,0.504146550036542,8234,Minor_Damage_And_Injuries
7549,69.2694063926941,11,10,83.5460346399271,0.37128813559322,79.02,2,31865.4133969239,3,0.432637459972526,2802,Significant_Damage_And_Fatalities
1473,38.7214611872146,14,5,71.9234275296263,0.27788748647674,76.3,5,26538.322262979,2,0.0193100351190768,4917,Significant_Damage_And_Serious_Injuries
224,20.958904109589,15,9,80.6289881494986,0.321883159033537,78.24,1,25187.7119180336,0,0.928940177563604,1428,Highly_Fatal_And_Damaging
6316,40.7305936073059,13,4,56.517775752051,0.48632600072124,79.99,4,28454.4613989612,1,0.0516703891898946,5781,Minor_Damage_And_Injuries
1798,60.0,10,1,70.3281677301732,0.318637576631806,77.82,2,19783.4713532385,2,0.272305673247602,10933,Minor_Damage_And_Injuries
1575,17.4429223744292,16,3,68.6417502278943,0.174750090155067,82.75,1,24534.8445012301,2,0.890281948019857,7259,Highly_Fatal_And_Damaging
942,69.9086757990868,8,1,45.897903372835,0.63021348719798,86.3,7,34791.9975752394,2,0.0030004852635937,7439,Significant_Damage_And_Serious_Injuries
4025,38.0821917808219,13,3,65.9525979945305,0.33883231157591,75.68,3,36742.9903189402,1,0.182502202884981,7606,Significant_Damage_And_Serious_Injuries
8574,39.7260273972603,13,7,66.4995442114859,0.346405337179949,81.4,3,40698.9993170453,3,0.201830705207261,3147,Significant_Damage_And_Serious_Injuries
7003,28.4018264840183,13,14,51.5952597994531,0.785640822214209,82.27,1,48583.5486330922,2,1.79913125355139,9678,Significant_Damage_And_Fatalities
3584,42.3287671232877,9,3,81.7228805834093,0.29555787955283,79.51,4,20238.6378843825,2,0.037029030621957,2714,Highly_Fatal_And_Damaging
4895,46.8949771689498,11,1,52.6891522333637,0.426823656689506,80.55,2,40360.6120851516,3,0.546221486814704,263,Minor_Damage_And_Injuries
5203,38.0365296803653,13,0,71.285323609845,0.246874143526866,84.51,3,39835.7183100935,0,0.198468024369016,9995,Significant_Damage_And_Serious_Injuries
1159,39.3607305936073,13,0,56.1531449407475,0.372369996393797,77.53,6,33718.2786869177,3,0.0082722949686286,8731,Minor_Damage_And_Injuries
1206,18.4931506849315,16,12,65.4512306289882,0.274641904075009,80.27,3,38399.455104896,1,0.190986047416388,3453,Highly_Fatal_And_Damaging
2668,68.9954337899543,11,12,40.5195989061076,0.693322033898305,76.63,2,31925.2755538881,2,0.433461888131798,3598,Highly_Fatal_And_Damaging
1057,49.3607305936073,13,2,54.8313582497721,0.28149368914533,79.09,2,30190.7653146865,1,0.408642256373192,4079,Highly_Fatal_And_Damaging
3237,6.98630136986301,19,5,69.644484958979,0.199632888568337,79.07,6,38288.4040060295,3,0.0097799367878918,1182,Highly_Fatal_And_Damaging
3705,35.7534246575342,18,8,80.9480401093892,0.298803461954562,80.43,2,41697.1749234405,4,0.564465085482382,11525,Minor_Damage_And_Injuries
2199,18.9041095890411,19,9,70.9206927985415,0.424299314821493,78.42,1,22087.4860136636,5,0.819092324798317,11589,Significant_Damage_And_Serious_Injuries
2146,57.6712328767123,11,0,76.8915223336372,0.426823656689506,77.81,1,41139.7992021811,3,1.52687530274715,5535,Minor_Damage_And_Injuries
5912,54.1095890410959,12,6,49.3163172288059,0.444133429498738,87.23,5,20186.4970862225,1,0.0125144123549024,2396,Minor_Damage_And_Injuries
9504,71.2785388127854,10,7,60.6198723792161,0.220548864046159,78.52,7,33393.2531864311,2,0.0031154929534734,2542,Significant_Damage_And_Fatalities
357,49.0867579908676,7,2,73.6554238833182,0.386073566534439,82.26,4,20795.1241990163,2,0.0373909164244532,9596,Highly_Fatal_And_Damaging
580,18.7671232876712,16,2,70.1914311759344,0.279690587811035,78.11,4,32890.0789181408,3,0.0601777442176999,7377,Highly_Fatal_And_Damaging
2904,53.7442922374429,16,15,48.9061075660894,0.374533717994951,76.18,6,21287.7996759686,0,0.0052558210895087,2390,Significant_Damage_And_Fatalities
3023,56.2557077625571,12,13,62.7620783956244,0.46829498737829,76.48,5,32937.2182500384,0,0.0212246538797448,1017,Minor_Damage_And_Injuries
7087,54.5205479452055,9,0,66.362807657247,0.419611251352326,76.13,3,42123.0103504445,2,0.209340192839862,11934,Significant_Damage_And_Serious_Injuries
7490,50.9132420091324,10,10,54.9680948040109,0.605691309051569,77.55,6,34887.2172055117,1,0.0087699826048748,12467,Minor_Damage_And_Injuries
6844,68.675799086758,11,7,44.9407474931632,0.382467363865849,79.3,7,37495.8584854302,3,0.0034339365830663,3120,Significant_Damage_And_Serious_Injuries
6028,61.7808219178082,13,13,66.4995442114859,0.376336819329246,79.42,7,45795.5029606522,4,0.0039774698185757,4043,Significant_Damage_And_Fatalities
7218,41.689497716895,13,2,69.5077484047402,0.317195095564371,81.46,5,34207.9443786107,3,0.0232444911274353,5862,Significant_Damage_And_Serious_Injuries
9041,54.703196347032,12,2,45.5332725615314,0.52238802740714,80.44,5,35903.2114970254,2,0.0245406632757047,7025,Highly_Fatal_And_Damaging
9342,42.1917808219178,12,0,76.9371011850502,0.381746123332131,78.09,3,32825.2372071523,1,0.163604816192789,9164,Significant_Damage_And_Serious_Injuries
1930,28.9497716894977,13,0,62.7620783956244,0.329095564370718,78.66,4,44040.9929536786,1,0.0805377053035853,601,Highly_Fatal_And_Damaging
4058,40.7762557077626,13,0,70.1914311759344,0.546188965019834,78.23,3,29683.2963574721,4,0.14794422081512,11513,Significant_Damage_And_Serious_Injuries
4196,67.5342465753425,12,8,80.0364630811304,0.34965091958168,78.47,1,34183.3511992209,3,1.24852838980663,6191,Significant_Damage_And_Fatalities
6472,27.4429223744292,13,6,55.5150410209663,0.418529390551749,80.0,7,32002.9157562489,3,0.0028844082789833,6109,Significant_Damage_And_Fatalities
4629,35.9360730593607,11,3,86.918869644485,0.198911648034619,78.54,2,46043.9858100506,0,0.62216520436786,7812,Highly_Fatal_And_Damaging
9048,45.8904109589041,11,0,57.9762989972653,0.43259358095925,80.66,3,41187.0679632975,2,0.203121083428734,9161,Significant_Damage_And_Serious_Injuries
1721,73.607305936073,10,19,71.4676390154968,0.388958528669311,76.56,7,42910.6380157239,1,0.0039729318398627,9425,Significant_Damage_And_Fatalities
2305,36.0730593607306,11,3,62.5797629899727,0.480556076451497,77.65,2,40813.3057574463,3,0.55117256042946,12302,Highly_Fatal_And_Damaging
7915,25.5707762557078,14,9,83.3637192342753,0.255529029931482,80.09,1,37558.9268302818,0,1.37759041351401,5007,Highly_Fatal_And_Damaging
8821,42.1461187214612,12,0,43.8468550592525,0.707386224305806,80.13,7,44090.8496133004,3,0.0037612590456911,11732,Minor_Damage_And_Injuries
9950,29.4977168949772,16,10,76.7547857793984,0.301688424089434,80.79,3,41468.3975005761,3,0.205377510323715,12019,Significant_Damage_And_Serious_Injuries
1854,37.2602739726027,14,19,60.2552415679125,0.299524702488279,79.45,7,20692.5240026338,1,0.0019810719425106,878,Significant_Damage_And_Serious_Injuries
3,48.0821917808219,11,9,74.7037374658159,0.337029210241615,81.79,3,42771.4992003673,1,0.211728167404242,5946,Significant_Damage_And_Serious_Injuries
7935,41.0502283105023,12,21,69.9635369188697,0.425020555355211,75.84,3,46415.1734269839,1,0.23187073722273,1792,Significant_Damage_And_Serious_Injuries
4813,15.8904109589041,17,2,45.3965360072927,0.514093761269383,76.89,1,30233.1910796089,3,1.11360026590412,3480,Significant_Damage_And_Fatalities
9146,44.1552511415525,12,2,69.5533272561531,0.381746123332131,86.31,6,36468.4292231444,2,0.008268865439556,9848,Significant_Damage_And_Serious_Injuries
6835,38.6301369863014,13,14,45.4421148587056,0.543664623151821,78.61,1,45350.2702396058,2,1.67536847267879,11086,Minor_Damage_And_Injuries
7712,40.9132420091324,13,0,63.8559708295351,0.271396321673278,78.76,4,38550.1322252062,2,0.0710959797816375,7096,Significant_Damage_And_Serious_Injuries
1779,40.2283105022831,13,2,82.2242479489517,0.238940497655968,79.43,3,21156.477787046,2,0.105814390731254,10290,Significant_Damage_And_Serious_Injuries
5565,24.0639269406393,14,1,69.644484958979,0.30313090515687,79.28,4,40401.4218160128,2,0.0740408460528916,6554,Highly_Fatal_And_Damaging
2755,29.4977168949772,13,13,78.5779398359162,0.338471691309052,84.32,2,12444.521332321,2,0.167498543894157,11514,Highly_Fatal_And_Damaging
5798,36.027397260274,14,2,29.4439380127621,0.774822214208438,79.66,6,28014.7185262694,4,0.0068433144471171,6890,Minor_Damage_And_Injuries
8966,32.6027397260274,12,33,75.2506836827712,0.467213126577713,77.49,4,46623.751002758,2,0.0847717786435794,6592,Highly_Fatal_And_Damaging
2072,47.1232876712329,11,7,66.40838650866,0.287263613415074,77.23,7,34655.4612574307,2,0.0030566967414967,7940,Significant_Damage_And_Serious_Injuries
5227,21.2785388127854,15,7,65.587967183227,0.362272628921745,78.52,2,30826.090107085,3,0.417827928336965,2583,Highly_Fatal_And_Damaging
9881,59.3607305936073,11,3,71.285323609845,0.265626397403534,80.37,7,38405.2090260466,3,0.0037170874293526,373,Minor_Damage_And_Injuries
9317,51.0045662100457,10,1,40.1093892433911,0.505078254597908,79.35,3,22921.0773301534,1,0.114860898932605,6967,Minor_Damage_And_Injuries
2840,59.8173515981735,14,15,48.8149498632635,0.560613775694194,79.54,7,28245.641261576,3,0.0029008792723482,3351,Significant_Damage_And_Serious_Injuries
9695,18.9041095890411,19,1,59.1157702825889,0.471179949513162,79.03,3,28887.1389583202,2,0.141359970316363,6555,Significant_Damage_And_Serious_Injuries
4148,57.1232876712329,8,10,77.4384685505925,0.414201947349441,78.05,3,31378.0428279788,2,0.155473833405764,259,Significant_Damage_And_Serious_Injuries
7791,40.9132420091324,16,23,67.6390154968095,0.375615578795528,79.06,2,54788.2470429217,3,0.773009611486721,11688,Minor_Damage_And_Injuries
4464,45.2054794520548,11,5,67.0920692798541,0.413120086548864,82.73,6,14632.5824363256,2,0.0034145154117973,10239,Significant_Damage_And_Serious_Injuries
4046,50.5022831050228,13,9,47.7210574293528,0.351454020915975,77.92,2,29368.1675507863,2,0.399359325657671,7579,Highly_Fatal_And_Damaging
5727,32.8767123287671,15,2,77.6207839562443,0.276805625676163,78.03,3,41991.870913776,3,0.209489040782661,1644,Significant_Damage_And_Serious_Injuries
970,33.1050228310502,15,2,47.9033728350046,0.429708618824378,79.46,1,29989.0265842119,2,1.10713322942273,5777,Minor_Damage_And_Injuries
249,51.8721461187215,6,1,72.5615314494075,0.373451857194374,78.27,1,27910.317545628,1,1.02676320216031,4035,Highly_Fatal_And_Damaging
6260,79.5433789954338,8,0,70.0091157702826,0.35325712225027,82.2,3,34142.8282653348,0,0.172001299953239,2351,Significant_Damage_And_Fatalities
6478,39.3150684931507,13,13,71.8778486782133,0.314310133429499,79.53,6,38733.2954698762,2,0.0102283737080731,4299,Significant_Damage_And_Serious_Injuries
1240,19.1780821917808,16,6,74.61257976299,0.204320952037505,77.1,1,24200.372415075,2,0.894409699247168,7464,Highly_Fatal_And_Damaging
4863,29.7716894977169,12,2,68.6417502278943,0.255889650198341,76.13,6,33414.3928579992,1,0.0086081548306711,1549,Highly_Fatal_And_Damaging
8726,42.1004566210046,20,9,69.1886964448496,0.331980526505589,77.07,2,23214.4912184096,2,0.3116315447563,5472,Significant_Damage_And_Fatalities
6276,29.1324200913242,16,3,78.8058340929809,0.205402812838081,78.84,6,42630.0016766009,2,0.0105823276581405,5745,Significant_Damage_And_Serious_Injuries
8984,41.7351598173516,9,6,58.5232452142206,0.28870609448251,80.49,1,26226.1962177896,3,0.957063791121957,11616,Highly_Fatal_And_Damaging
1768,19.5433789954338,19,12,48.9516864175023,0.590545257843491,80.53,3,45290.8837505859,2,0.224640366202277,6686,Minor_Damage_And_Injuries
3928,26.2557077625571,17,4,78.7602552415679,0.398334655607645,78.54,6,21680.6165955373,2,0.0050097972833765,5300,Significant_Damage_And_Serious_Injuries
4702,31.1872146118721,16,5,57.5660893345488,0.328734944103858,80.8,3,35862.1682875726,2,0.179528293028085,4982,Significant_Damage_And_Serious_Injuries
759,31.5525114155251,19,3,68.7784867821331,0.174750090155067,81.26,2,30479.9802452678,2,0.408642256373192,1630,Minor_Damage_And_Injuries
3179,78.675799086758,9,5,63.2634457611668,0.498947710061305,77.62,3,23340.3470114836,3,0.11615420110311,3932,Significant_Damage_And_Fatalities
8622,73.1050228310502,10,7,63.9015496809481,0.387516047601875,80.83,2,48274.055452493,1,0.656726105375763,8082,Significant_Damage_And_Fatalities
5218,56.0730593607306,15,16,73.2907930720146,0.352175261449693,75.29,7,45795.5029606522,0,0.0042971745609235,6944,Significant_Damage_And_Fatalities
9164,36.7123287671233,10,7,65.0865998176846,0.31358889289578,76.49,1,30918.2798878022,3,1.13345920902134,7827,Highly_Fatal_And_Damaging
3453,38.4931506849315,17,13,52.4156791248861,0.461803822574828,79.39,1,21865.1119571099,2,0.799697655984931,3237,Highly_Fatal_And_Damaging
82,51.689497716895,10,1,72.5615314494075,0.387155427335016,78.56,3,45213.5076682407,1,0.224051804560772,7291,Significant_Damage_And_Serious_Injuries
7459,30.1369863013699,13,10,53.7830446672744,0.421414352686621,83.97,2,27549.6797423815,3,0.373623459926084,12411,Significant_Damage_And_Fatalities
3153,55.9360730593607,12,1,88.6052871467639,0.151670393076091,82.45,2,12091.874378794,2,0.163093375665196,323,Minor_Damage_And_Injuries
2608,23.6986301369863,18,7,80.4466727438469,0.308900829426614,79.98,6,40445.1366875436,3,0.0100247500426134,7765,Significant_Damage_And_Serious_Injuries
4938,42.0547945205479,16,0,57.5205104831358,0.356502704652002,83.22,2,28957.808823458,2,0.392319835029806,7145,Minor_Damage_And_Injuries
7054,55.662100456621,5,4,57.5205104831358,0.296279120086549,81.93,1,40114.3609726391,2,1.48431579962055,10805,Highly_Fatal_And_Damaging
5592,36.027397260274,14,4,48.9061075660894,0.687191489361702,78.52,5,30889.1456903206,1,0.0199701051798232,3287,Significant_Damage_And_Serious_Injuries
8285,58.7214611872146,14,7,79.9908842297174,0.308900829426614,82.53,2,8232.84365471706,3,0.116198848524886,10877,Significant_Damage_And_Fatalities
3319,21.2328767123288,15,4,62.1695533272562,0.380303642264695,81.0,6,28465.3542383815,3,0.007428355588859,8119,Highly_Fatal_And_Damaging
8188,61.324200913242,10,9,67.4111212397448,0.24543166245943,80.84,2,23787.7963047131,3,0.319962377604897,10906,Minor_Damage_And_Injuries
4209,20.4566210045662,15,8,63.947128532361,0.199632888568337,81.86,1,20584.3239850503,2,0.754724921194724,6194,Highly_Fatal_And_Damaging
2467,50.2739726027397,17,0,80.1276207839562,0.358305805986296,79.67,6,28529.8656412909,1,0.0070378999371346,7115,Significant_Damage_And_Fatalities
8907,34.8858447488584,11,5,55.1959890610757,0.240382978723404,78.43,1,35098.2780197552,3,1.29384557291003,655,Significant_Damage_And_Fatalities
8389,41.7351598173516,16,6,72.5615314494075,0.268150739271547,77.36,5,30465.0899917416,2,0.0203538907847209,5747,Minor_Damage_And_Injuries
9360,22.2831050228311,18,8,67.9124886052872,0.330538045438154,76.79,3,19201.5021304644,3,0.0945616410103572,7750,Significant_Damage_And_Serious_Injuries
4809,54.1095890410959,16,20,60.7566089334549,0.419971871619185,78.5,1,22550.623318695,3,0.83130070319387,4132,Significant_Damage_And_Fatalities
530,59.4063926940639,7,6,92.3883318140383,0.185208077893978,79.79,2,42650.426860511,3,0.576823927713424,12468,Highly_Fatal_And_Damaging
5401,51.5981735159817,13,13,52.3245214220602,0.579366029570862,83.71,2,33167.2769169269,2,0.448870281573947,3560,Highly_Fatal_And_Damaging
4706,31.5525114155251,19,9,74.1567912488605,0.232809953119365,79.88,4,25245.6347673321,2,0.0454098325116744,9203,Minor_Damage_And_Injuries
3095,11.8721461187215,18,4,61.3035551504102,0.40735016227912,78.96,7,31647.884323696,2,0.0028710089971136,2127,Highly_Fatal_And_Damaging
741,30.9132420091324,12,16,69.2342752962625,0.474425531914894,79.88,6,8652.45594797107,3,0.0026577756240715,11391,Highly_Fatal_And_Damaging
1437,31.5525114155251,12,2,62.7164995442115,0.424299314821493,82.73,4,21651.0494588669,1,0.0400939791939182,7600,Highly_Fatal_And_Damaging
3847,33.2420091324201,12,9,65.587967183227,0.193502344031734,78.71,4,27140.4145321285,3,0.0502229972557038,634,Highly_Fatal_And_Damaging
6679,64.9315068493151,9,3,82.1786690975388,0.248316624594302,80.26,2,31326.1114601091,2,0.424712504159189,718,Minor_Damage_And_Injuries
8577,52.7397260273972,6,20,82.0875113947128,0.395810313739632,81.91,4,36384.8862884969,1,0.0660557335830439,7731,Highly_Fatal_And_Damaging
7139,18.310502283105,16,9,62.5341841385597,0.39292535160476,78.0,6,40951.9163301119,3,0.0100523656008629,4030,Highly_Fatal_And_Damaging
5935,36.7579908675799,10,13,56.9279854147676,0.366960692390912,77.24,2,30232.1460175973,3,0.412117131132194,2671,Significant_Damage_And_Fatalities
4268,56.6666666666667,11,1,55.9708295350957,0.335226108907321,85.61,5,49270.6706051278,3,0.0324373855024073,11871,Highly_Fatal_And_Damaging
8807,56.7123287671233,15,2,66.5451230628988,0.423217454020916,77.32,6,27034.8776966234,4,0.006916603702244,6560,Significant_Damage_And_Fatalities
8323,39.3607305936073,13,0,45.4421148587056,0.698731337901189,78.87,5,24600.5650962669,1,0.0176558251102843,3332,Minor_Damage_And_Injuries
1642,21.0045662100457,15,1,80.6289881494986,0.308900829426614,78.84,4,23639.8520973668,3,0.0438556546147655,10477,Highly_Fatal_And_Damaging
1127,33.0593607305936,11,11,63.6736554238833,0.32116191849982,76.56,2,51846.7692000809,0,0.69735889274579,2603,Highly_Fatal_And_Damaging
2003,38.7671232876712,10,4,41.6134913400182,0.558089433826181,80.46,1,36638.3487690938,3,1.35127487616787,7580,Significant_Damage_And_Fatalities
6967,30.5022831050228,12,1,56.8824065633546,0.555204471691309,78.63,3,38800.9673142313,2,0.192477284009883,10890,Highly_Fatal_And_Damaging
8640,45.9817351598173,11,3,85.5970829535096,0.351093400649116,78.03,6,28520.1977697407,3,0.0072220594099722,2397,Significant_Damage_And_Serious_Injuries
555,47.8995433789954,7,8,86.0072926162261,0.24543166245943,77.27,1,13214.8518929535,3,0.506265395614168,9397,Highly_Fatal_And_Damaging
1556,29.3607305936073,16,10,82.8623518687329,0.211893977641543,79.58,3,33137.9077443779,2,0.166293914283771,6993,Significant_Damage_And_Serious_Injuries
1003,46.8949771689498,11,1,67.9580674567001,0.395810313739632,81.2,3,37860.2182562856,0,0.189029307357235,8339,Significant_Damage_And_Serious_Injuries
720,31.5525114155251,19,7,62.2607110300821,0.379943021997836,80.26,1,29232.0068446603,2,1.07538543423334,6690,Minor_Damage_And_Injuries
3467,32.5570776255708,15,1,64.7219690063811,0.438724125495853,77.63,4,30685.6982213411,2,0.0552675261246095,8079,Significant_Damage_And_Serious_Injuries
8538,37.4429223744292,14,2,46.1713764813127,0.633098449332852,78.37,6,28014.7185262694,4,0.0067074906177912,8975,Minor_Damage_And_Injuries
3814,18.310502283105,16,0,54.3299908842297,0.527797331410025,81.05,1,45027.3857299155,2,1.68272487532654,7142,Significant_Damage_And_Fatalities
246,35.9817351598173,11,12,54.3755697356427,0.466852506310854,82.54,5,31461.1256384743,4,0.0214505158063771,2877,Significant_Damage_And_Fatalities
6401,68.7671232876712,8,15,61.6226071103008,0.532124774612333,77.62,2,29071.495945068,1,0.396597669651901,2795,Minor_Damage_And_Injuries
9270,34.6118721461187,15,0,68.3226982680037,0.258774612333213,75.01,3,38277.0201603213,1,0.189891852323305,5297,Significant_Damage_And_Serious_Injuries
9991,52.4657534246575,9,0,73.8377392889699,0.369845654525784,81.02,4,37351.5074719711,2,0.0679868152263464,12323,Highly_Fatal_And_Damaging
4187,32.2374429223744,12,4,66.2260711030082,0.463967544175982,81.76,4,27511.8404672498,3,0.0502229972557038,7357,Highly_Fatal_And_Damaging