,Safety_Score,Days_Since_Inspection,Total_Safety_Complaints,Control_Metric,Turbulence_In_gforces,Cabin_Temperature,Accident_Type_Code,Max_Elevation,Violations,Adverse_Weather_Metric,Accident_ID,Severity
2289,54.703196347032,12,1,43.6645396536007,0.485965380454381,78.94,3,22564.4372023181,3,0.112198793945968,127,Highly_Fatal_And_Damaging
8511,68.675799086758,8,7,52.5524156791249,0.480556076451497,82.96,7,25859.179796715,3,0.002378405075128,1667,Significant_Damage_And_Serious_Injuries
183,67.9452054794521,12,35,60.665451230629,0.416726289217454,78.56,4,27289.1165348178,1,0.0502229972557038,2426,Significant_Damage_And_Fatalities
8470,39.634703196347,10,0,57.4749316317229,0.385352326000721,80.19,7,41643.7682906453,2,0.0039725312065608,12363,Highly_Fatal_And_Damaging
7056,14.2465753424657,17,0,80.4466727438469,0.249398485394879,76.61,4,27464.488778077,1,0.0497908075164823,10160,Highly_Fatal_And_Damaging
2359,34.7488584474886,15,8,62.7164995442115,0.425020555355211,77.38,7,32624.8226188518,3,0.0030117400096788,11065,Significant_Damage_And_Serious_Injuries
7012,66.8036529680365,9,2,72.7438468550593,0.18052001442481,76.64,5,47141.2263132954,2,0.0311311252022979,2248,Minor_Damage_And_Injuries
5310,28.675799086758,20,0,53.2360984503191,0.542582762351244,79.64,4,25762.3181919827,0,0.0468091662274168,6720,Highly_Fatal_And_Damaging
7552,24.703196347032,18,7,61.2123974475843,0.381024882798413,79.22,3,26501.394552042,4,0.132616661769745,10616,Significant_Damage_And_Serious_Injuries
7981,43.4703196347032,12,3,66.8641750227894,0.251201586729174,82.66,6,36191.0322150455,2,0.0089742084780501,2586,Significant_Damage_And_Serious_Injuries
3324,44.3835616438356,15,1,48.0401093892434,0.516618103137396,78.29,2,27716.3461658188,2,0.375592449338442,786,Highly_Fatal_And_Damaging
3707,42.3287671232877,12,1,57.4293527803099,0.466491886043996,84.8,1,42866.579179189,1,1.57829054095739,3173,Significant_Damage_And_Serious_Injuries
2299,58.1278538812785,11,5,81.5405651777575,0.296279120086549,77.56,2,12595.428881436,1,0.134834939340907,7656,Minor_Damage_And_Injuries
5873,59.8173515981735,14,0,56.1531449407475,0.320440677966102,79.22,7,37177.3789253251,4,0.0037340888678924,6846,Significant_Damage_And_Serious_Injuries
4445,69.9086757990868,8,2,37.2835004557886,0.694764514965741,79.56,7,29654.872160627,3,0.0027759536961866,9467,Significant_Damage_And_Serious_Injuries
3940,33.7442922374429,15,6,79.8541476754786,0.31358889289578,81.08,3,30317.4037657127,1,0.15210902545666,8528,Significant_Damage_And_Serious_Injuries
5020,20.5479452054795,15,2,45.8067456700091,0.409874504147133,81.91,4,20862.6343445671,2,0.0388307713777085,820,Significant_Damage_And_Fatalities
1593,66.5753424657534,5,3,50.5925250683683,0.476949873782906,80.17,2,31738.5463084419,1,0.428493550267488,667,Minor_Damage_And_Injuries
1369,52.5114155251141,13,7,69.9179580674567,0.426102416155788,84.2,2,37251.6714030235,3,0.505377819866193,1020,Minor_Damage_And_Injuries
805,70.0913242009132,11,7,62.3974475843209,0.336668589974756,77.97,6,40833.4652166856,5,0.010121604078669,6442,Significant_Damage_And_Fatalities
313,48.1735159817352,10,0,58.158614402917,0.39292535160476,79.56,5,36560.9267531553,1,0.0240955544858232,3402,Significant_Damage_And_Serious_Injuries
6159,54.4292237442922,12,4,56.9735642661805,0.542582762351244,81.72,2,37342.6506214657,2,0.50630490065634,3585,Highly_Fatal_And_Damaging
5369,54.2922374429224,9,23,65.0865998176846,0.293394157951677,87.05,6,31541.6998361538,2,0.0082036562864502,6582,Significant_Damage_And_Serious_Injuries
1109,58.0365296803653,11,2,50.0911577028259,0.754627479264334,79.03,3,29407.4053655072,3,0.147352118771716,12429,Highly_Fatal_And_Damaging
6189,49.3150684931507,14,6,37.6481312670921,0.54041904075009,77.9,3,46367.3704328815,2,0.231087541271551,8682,Minor_Damage_And_Injuries
3983,18.1278538812785,16,5,57.8395624430264,0.330538045438154,78.0,5,31647.884323696,3,0.0217919427663462,12049,Highly_Fatal_And_Damaging
2255,3.28767123287671,23,3,64.1294439380128,0.406628921745402,78.84,3,24998.0502221417,3,0.124336649713543,1572,Significant_Damage_And_Serious_Injuries
7115,53.5616438356164,9,0,74.2935278030994,0.264905156869816,81.62,6,21852.7135965614,5,0.0056665603554568,12232,Significant_Damage_And_Serious_Injuries
2842,45.5251141552511,8,3,69.7356426618049,0.305294626758024,82.37,7,38872.6795592111,2,0.0034535908318688,8514,Highly_Fatal_And_Damaging
9653,76.62100456621,9,12,59.1613491340018,0.433314821492968,84.27,7,39189.4780352356,2,0.0035540175873783,8850,Significant_Damage_And_Fatalities
1175,31.0958904109589,16,3,81.4038286235187,0.242186080057699,76.64,3,29575.3516590254,3,0.147316875425451,12132,Significant_Damage_And_Serious_Injuries
5812,36.3013698630137,14,1,78.8058340929809,0.376336819329246,80.64,3,41727.7322607161,2,0.208475823050671,9849,Significant_Damage_And_Serious_Injuries
1829,66.2557077625571,12,5,62.306289881495,0.314670753696357,79.88,7,38466.937091707,2,0.0035272332548214,9680,Significant_Damage_And_Fatalities
4495,50.5022831050228,10,7,66.9097538742024,0.417086909484313,77.4,4,20637.7837001384,1,0.0373628855614637,3677,Significant_Damage_And_Serious_Injuries
2315,29.4063926940639,16,19,87.5569735642662,0.302409664623152,82.37,6,26959.5819051962,0,0.0065690389430568,9473,Significant_Damage_And_Serious_Injuries
7458,50.8675799086758,13,0,69.9635369188697,0.351454020915975,85.64,2,40898.7067220507,1,0.555493062335617,9981,Minor_Damage_And_Injuries
3385,39.4977168949772,13,0,76.2989972652689,0.335226108907321,77.83,3,13134.8047602592,2,0.0639965250235573,12466,Significant_Damage_And_Serious_Injuries
1255,56.027397260274,12,3,57.4749316317229,0.416726289217454,76.09,5,28287.9926044483,3,0.0179458235336835,1788,Minor_Damage_And_Injuries
5593,20.2283105022831,15,2,66.9097538742024,0.460361341507393,82.19,4,21564.025038109,2,0.0398611264038201,6132,Highly_Fatal_And_Damaging
8183,41.0958904109589,9,11,61.485870556062,0.352535881716553,86.58,4,33184.1078820385,1,0.0607198408414015,11229,Highly_Fatal_And_Damaging
6226,55.5707762557078,12,2,64.9954421148587,0.289787955283087,83.83,2,40981.1689324739,2,0.556483733711453,12218,Minor_Damage_And_Injuries
7667,28.6301369863014,20,1,56.8368277119417,0.364436350522899,83.72,4,41920.2471614135,2,0.0765664060964708,8062,Highly_Fatal_And_Damaging
1278,27.2602739726027,20,3,71.2397447584321,0.438002884962135,80.13,4,16252.9008928241,2,0.0299230513834068,4054,Minor_Damage_And_Injuries
7984,29.5433789954338,13,7,73.3819507748405,0.25264406779661,77.09,7,23568.4726202252,2,0.0024589552523909,8406,Highly_Fatal_And_Damaging
327,62.7397260273973,13,26,72.3792160437557,0.423938694554634,86.11,2,23513.7633170546,1,0.31714926711129,5944,Significant_Damage_And_Fatalities
1275,48.7214611872146,11,2,79.7629899726527,0.29555787955283,88.47,3,40757.3230112037,1,0.205286208938162,3930,Significant_Damage_And_Serious_Injuries
1666,38.7214611872146,13,0,56.1531449407475,0.556646952758745,77.19,3,33315.568355075,4,0.165002363929807,6133,Minor_Damage_And_Injuries
5911,34.4748858447488,15,5,72.5159525979946,0.413480706815723,76.79,6,21257.7006915419,1,0.0053269775279318,8493,Significant_Damage_And_Serious_Injuries
604,43.3333333333333,15,10,65.9525979945305,0.300967183555716,78.05,2,43264.2646498793,4,0.586145251799055,10965,Minor_Damage_And_Injuries
3727,91.2328767123288,6,3,32.7256153144941,0.564219978362784,80.12,3,38888.7530091818,1,0.192011668107536,3787,Significant_Damage_And_Serious_Injuries
250,29.7716894977169,12,6,66.6818596171377,0.344241615578795,80.14,1,23454.2840475312,2,0.857006082600877,2125,Highly_Fatal_And_Damaging
3332,22.1917808219178,18,4,68.049225159526,0.240022358456545,80.98,6,42760.6401322885,3,0.0105823276581405,12359,Significant_Damage_And_Serious_Injuries
3155,44.0639269406393,12,4,66.7730173199635,0.246513523260007,82.53,1,23291.3274000395,1,0.862834890848204,12226,Significant_Damage_And_Serious_Injuries
4003,20.958904109589,15,9,70.5560619872379,0.308900829426614,79.58,1,36818.9843862443,3,1.34784952706186,9927,Highly_Fatal_And_Damaging
1181,27.1689497716895,13,7,64.3573381950775,0.444133429498738,79.77,6,38081.2358451794,1,0.0096442306504532,1028,Highly_Fatal_And_Damaging
483,57.0776255707762,15,9,53.3728350045579,0.42177497295348,83.26,7,37900.1071623146,2,0.0036173616998907,3709,Significant_Damage_And_Serious_Injuries
768,38.4018264840183,13,10,61.2123974475843,0.438363505228994,76.8,3,29640.2094341724,3,0.147692401293215,10775,Significant_Damage_And_Serious_Injuries
8548,24.8858447488584,18,17,52.9626253418414,0.48632600072124,77.3,4,27487.6888024332,2,0.0503793565096615,7125,Minor_Damage_And_Injuries
7937,21.5068493150685,15,2,59.4348222424795,0.382827984132708,76.49,1,38752.9477457052,2,1.41869503093969,7905,Highly_Fatal_And_Damaging
3929,36.2557077625571,11,5,52.9626253418414,0.286181752614497,76.35,3,34748.4877263288,2,0.173410918167831,11364,Significant_Damage_And_Fatalities
3730,40.6392694063927,13,1,76.6636280765725,0.272117562206996,76.2,3,17927.3384159879,2,0.0920649095425722,11761,Significant_Damage_And_Serious_Injuries
9424,37.8082191780822,17,0,59.1157702825889,0.302409664623152,76.96,2,26701.6443692776,1,0.362071260670276,6382,Minor_Damage_And_Injuries
8193,36.4383561643836,18,1,72.4247948951687,0.351093400649116,78.83,2,25114.395402466,2,0.339886381510903,3129,Minor_Damage_And_Injuries
3144,40.6392694063927,9,3,41.02096627165,0.543304002884962,80.15,1,34325.6150767811,3,1.26365508201826,8159,Significant_Damage_And_Fatalities
1104,50.2283105022831,13,12,77.1649954421149,0.240743598990263,78.02,2,33791.6194215827,3,0.456318241492659,966,Minor_Damage_And_Injuries
3454,52.9223744292237,9,6,51.5041020966272,0.488850342589253,79.33,6,12660.9802816625,1,0.0038892846748957,2296,Minor_Damage_And_Injuries
7888,7.44292237442922,19,9,29.8997265268915,0.818096646231518,78.9,4,29692.0223611367,2,0.0543242124048425,7882,Significant_Damage_And_Fatalities
6067,53.9269406392694,12,23,63.6736554238833,0.258774612333213,77.94,3,10850.5497369271,3,0.0512797929867638,10778,Minor_Damage_And_Injuries
8367,70.0,8,2,72.7438468550593,0.427905517490083,80.85,5,24664.5289303028,2,0.0166996848599072,7409,Minor_Damage_And_Injuries
3142,44.0182648401826,15,3,67.6845943482224,0.262741435268662,76.93,2,20061.5449045476,2,0.270944893610654,5431,Minor_Damage_And_Injuries
9786,24.6575342465753,14,31,53.1905195989061,0.510848178867652,86.43,7,28451.0147010119,2,0.0029121853389128,7498,Significant_Damage_And_Fatalities
4491,47.5342465753425,17,12,49.0428441203282,0.687191489361702,76.34,6,47156.9384261401,4,0.0115992727931572,3696,Significant_Damage_And_Serious_Injuries
5308,39.4520547945205,13,0,54.7402005469462,0.456033898305084,84.87,6,3855.7438170101,2,0.0026577756240715,9190,Minor_Damage_And_Injuries
3790,57.0319634703196,11,5,63.7192342752963,0.225236927515326,79.22,2,30194.8055673512,3,0.411084650236287,10721,Minor_Damage_And_Injuries
9370,15.2054794520548,21,3,84.8678213309025,0.434396682293545,80.76,2,25688.5204959083,2,0.344926674199494,8452,Minor_Damage_And_Injuries
8281,40.8675799086758,13,1,69.8268003646308,0.416005048683736,75.95,3,19872.4691787797,4,0.0989432469809368,7325,Significant_Damage_And_Serious_Injuries
6727,30.958904109589,16,0,82.9079307201459,0.337750450775333,86.96,6,37974.1941935799,1,0.0095755375689134,2335,Significant_Damage_And_Serious_Injuries
6410,41.7351598173516,16,6,81.0391978122151,0.365157591056617,78.32,2,9023.69269986881,1,0.122686904109192,609,Minor_Damage_And_Injuries
6897,39.1780821917808,10,1,69.1431175934367,0.262020194734944,83.63,2,33523.7023387974,2,0.454618023939776,419,Highly_Fatal_And_Damaging
8000,35.7077625570776,11,8,69.2342752962625,0.276084385142445,81.44,2,33523.7023387974,1,0.453693975116104,11932,Highly_Fatal_And_Damaging
2415,54.4292237442922,16,33,44.8951686417502,0.621919221060224,80.9,7,43993.907529507,2,0.0041155334855378,11446,Highly_Fatal_And_Damaging
2189,45.1598173515982,11,4,68.7329079307201,0.276084385142445,82.73,3,36790.5008094017,2,0.183423033462332,7465,Significant_Damage_And_Serious_Injuries
1476,38.8127853881278,20,2,51.5496809480401,0.491014064190407,81.42,7,35247.2887973971,1,0.0030058698569469,10073,Significant_Damage_And_Serious_Injuries
4995,52.9223744292237,9,0,79.8997265268915,0.234252434186801,77.08,2,38210.2878344268,1,0.514732243183487,2580,Significant_Damage_And_Serious_Injuries
5773,30.8675799086758,16,5,54.5578851412944,0.410235124413992,85.97,2,32417.9301673667,3,0.437800105252872,6612,Minor_Damage_And_Injuries
9767,34.7488584474886,14,9,58.7511394712853,0.445936530833032,81.02,6,32666.8093913512,3,0.0078722512345648,3224,Significant_Damage_And_Serious_Injuries
5634,44.4748858447489,15,2,49.4530537830446,0.526354850342589,77.92,2,27506.8489311607,4,0.372844371101317,3254,Highly_Fatal_And_Damaging
3593,69.3607305936073,8,4,75.38742023701,0.354699603317706,76.28,2,31396.9500820815,2,0.427712027840683,10127,Minor_Damage_And_Injuries
4355,51.689497716895,9,4,71.3764813126709,0.322604399567255,80.03,6,52189.5365431102,3,0.0127939398824036,6790,Significant_Damage_And_Serious_Injuries
4342,45.0684931506849,11,6,75.8432087511395,0.376697439596105,78.09,3,21154.8577344722,3,0.106394034490747,4318,Significant_Damage_And_Serious_Injuries
7058,33.1963470319635,12,6,50.7748404740201,0.553401370357014,82.53,1,32227.7131370942,2,1.19173458023308,6403,Significant_Damage_And_Fatalities
48,19.4063926940639,15,3,53.327256153145,0.266708258204111,75.2,4,19484.2436106125,3,0.0356172029643824,7290,Significant_Damage_And_Fatalities
8979,43.1963470319635,12,21,62.0328167730173,0.264905156869816,79.99,6,17354.6545912252,2,0.0047760663608893,12414,Significant_Damage_And_Serious_Injuries
2578,42.8767123287671,12,14,67.9124886052872,0.352535881716553,78.86,3,24975.9113640849,2,0.124868867310607,3584,Significant_Damage_And_Serious_Injuries
9525,42.3744292237443,12,2,59.845031905196,0.375254958528669,82.81,6,32349.2373608048,3,0.0079727137937773,1366,Significant_Damage_And_Serious_Injuries
4439,46.6666666666667,18,4,71.8778486782133,0.362272628921745,77.27,7,28356.8132043199,3,0.0028524364653323,7280,Significant_Damage_And_Fatalities
4347,13.37899543379,17,14,71.3764813126709,0.419611251352326,79.63,4,15175.1319946798,2,0.0263158471738954,463,Highly_Fatal_And_Damaging
6833,58.8584474885845,7,3,45.3965360072927,0.478392354850342,77.74,2,22443.8935714049,4,0.302231914191802,7136,Minor_Damage_And_Injuries
290,15.8904109589041,17,10,59.9817684594348,0.242907320591417,79.17,3,20584.3239850503,2,0.101519827745638,3363,Highly_Fatal_And_Damaging
6137,28.9041095890411,13,0,48.7237921604376,0.51156941940137,81.05,1,29636.502041771,3,1.0963361566327,5081,Significant_Damage_And_Fatalities
2397,41.5525114155251,13,2,66.9553327256153,0.450263974035341,81.78,4,32791.0147436882,1,0.05994597155975,8964,Significant_Damage_And_Serious_Injuries
6060,38.1278538812785,10,2,65.9981768459435,0.547992066354129,77.34,1,24314.5667574427,4,0.905640293986369,9156,Highly_Fatal_And_Damaging
9233,72.3287671232876,10,10,67.4567000911577,0.463246303642264,76.96,7,39189.4780352356,2,0.003682045589079,10646,Significant_Damage_And_Fatalities
4471,44.4748858447489,12,2,56.4721969006381,0.466491886043996,79.29,6,38671.1085004594,2,0.0103007561471358,5998,Minor_Damage_And_Injuries
2300,6.57534246575342,19,6,75.7976298997265,0.201435989902632,80.83,5,23270.1330877074,4,0.0153906591214204,2033,Highly_Fatal_And_Damaging
8823,71.5981735159817,7,19,70.510483135825,0.555925712225027,77.02,3,34820.3795626492,3,0.17306668059366,579,Minor_Damage_And_Injuries
2340,12.1917808219178,18,4,61.3035551504102,0.395089073205914,82.39,5,25175.0086940981,0,0.0170823495653645,748,Highly_Fatal_And_Damaging
821,35.0684931506849,11,12,52.3245214220602,0.405186440677966,81.89,4,25131.3222040264,3,0.045349159176968,2333,Significant_Damage_And_Fatalities
4994,24.6575342465753,18,16,41.0665451230629,0.473704291381176,78.57,7,45599.3677907389,2,0.0039777870168328,418,Significant_Damage_And_Serious_Injuries
7660,29.5890410958904,13,12,62.2607110300821,0.247234763793725,81.1,4,35920.1462391505,2,0.0665314538675571,6874,Highly_Fatal_And_Damaging
4947,37.5342465753425,14,9,62.9443938012762,0.312507032095204,80.9,4,25989.3630647294,2,0.0481186113732843,5028,Significant_Damage_And_Serious_Injuries
7342,46.1187214611872,15,3,70.6472196900638,0.205402812838081,77.56,2,38369.5421594542,2,0.517879251431761,3520,Minor_Damage_And_Injuries
6208,54.4292237442922,12,8,44.8951686417502,0.621197980526505,80.25,4,45343.9869773539,3,0.0838515457532471,4490,Highly_Fatal_And_Damaging
783,30.0913242009132,16,9,54.4667274384686,0.303491525423729,78.35,3,37007.7751444517,0,0.185150092325395,8614,Minor_Damage_And_Injuries
6011,70.5022831050228,4,30,77.848678213309,0.35325712225027,80.45,2,30068.5787324876,2,0.405598313032733,5370,Significant_Damage_And_Serious_Injuries
6947,58.4018264840183,11,4,71.7411121239745,0.354699603317706,78.03,2,25723.8293580535,3,0.348853856288148,2851,Minor_Damage_And_Injuries
4480,55.1141552511415,8,13,61.485870556062,0.443051568698161,84.19,3,36056.3247444592,2,0.179225376528475,11212,Significant_Damage_And_Serious_Injuries
4116,29.3150684931507,16,5,74.3391066545123,0.232809953119365,76.16,3,35317.9119389435,3,0.175319533122878,8910,Significant_Damage_And_Serious_Injuries
9687,43.1506849315068,12,4,67.7301731996354,0.313228272628922,78.63,3,20231.0982565313,3,0.0983522686654718,2310,Significant_Damage_And_Serious_Injuries
5549,21.8721461187215,15,13,54.2844120328168,0.392564731337901,79.54,4,36626.3024878979,2,0.0677898381193723,3508,Significant_Damage_And_Fatalities
5518,30.9132420091324,12,3,76.4813126709207,0.271035701406419,76.35,2,48882.9969470896,2,0.653014214204056,6519,Highly_Fatal_And_Damaging
1757,64.9315068493151,9,15,54.2388331814038,0.458918860439956,79.22,2,26637.374687927,1,0.359258711215434,4853,Highly_Fatal_And_Damaging
5962,33.7899543378995,15,1,67.2743846855059,0.387516047601875,82.08,3,26977.6134522676,1,0.134484836771453,6214,Significant_Damage_And_Serious_Injuries
4413,36.8949771689498,14,0,70.8751139471286,0.205402812838081,83.03,1,47358.6935139444,2,1.73952817986032,6038,Significant_Damage_And_Serious_Injuries
6454,50.4109589041096,13,20,66.7730173199635,0.417808150018031,86.36,2,32017.1188487045,1,0.432637459972526,8694,Minor_Damage_And_Injuries
4149,40.6392694063927,13,8,65.9070191431176,0.309982690227191,78.29,2,23123.3779300365,0,0.309756512735612,2464,Significant_Damage_And_Serious_Injuries
8331,43.1050228310502,9,9,66.1349134001823,0.317916336098088,80.36,4,37123.4671202188,1,0.0679868152263464,1445,Highly_Fatal_And_Damaging
3745,26.2100456621005,14,0,82.4521422060164,0.174389469888207,79.7,4,32222.0358753946,1,0.0594145703785473,10349,Highly_Fatal_And_Damaging
291,41.324200913242,16,18,66.9097538742024,0.324768121168409,80.7,2,38934.8959159034,1,0.528165792722769,5209,Minor_Damage_And_Injuries
6576,28.4931506849315,16,4,65.1321786690975,0.549434547421565,81.76,3,25740.8803418544,1,0.128439069282741,7477,Significant_Damage_And_Serious_Injuries
7661,63.013698630137,6,11,33.6827711941659,0.564219978362784,76.63,1,35305.1741362138,4,1.29880477316908,2555,Minor_Damage_And_Injuries
4076,68.2648401826484,12,1,73.746581586144,0.351454020915975,81.46,2,29887.8059671659,0,0.406933961928359,3713,Significant_Damage_And_Fatalities
8672,32.8767123287671,15,2,77.6207839562443,0.298442841687703,81.32,3,26632.0129708879,2,0.132439526769857,8328,Significant_Damage_And_Serious_Injuries
1356,55.0228310502283,15,9,80.355515041021,0.247234763793725,81.35,3,31177.1180134519,1,0.155972033378461,7922,Significant_Damage_And_Fatalities
1456,61.4611872146119,10,1,57.2470373746582,0.244349801658853,81.16,2,37177.3789253251,1,0.501262149716751,2363,Minor_Damage_And_Injuries
1945,32.1461187214612,12,7,73.5186873290793,0.30313090515687,76.99,1,31180.8011630734,2,1.14214380855523,4813,Highly_Fatal_And_Damaging
1162,48.1278538812785,11,2,72.4247948951687,0.307097728092319,81.55,6,36551.1605068481,1,0.0083170757330415,2312,Significant_Damage_And_Serious_Injuries
1257,50.5022831050228,10,3,78.714676390155,0.232088712585647,80.98,3,26266.3679590952,1,0.131340504997494,10201,Significant_Damage_And_Serious_Injuries
330,42.9680365296804,16,1,74.0200546946217,0.250119725928597,80.06,2,42329.0179287936,1,0.570660424199921,5093,Minor_Damage_And_Injuries
1028,44.1095890410959,15,4,69.4165907019143,0.323686260367832,78.03,2,32990.9149372376,3,0.44742024933316,1953,Minor_Damage_And_Injuries
665,38.7214611872146,13,4,74.1567912488605,0.388958528669311,77.25,2,19525.85738177,2,0.253283470951117,7635,Significant_Damage_And_Serious_Injuries
8059,31.5981735159817,19,9,69.3254329990884,0.380303642264695,78.27,5,31041.7385112057,2,0.0210028454861726,10871,Minor_Damage_And_Injuries
7835,74.6575342465753,6,6,74.3391066545123,0.478392354850342,76.18,6,26733.763247326,2,0.0066870818066071,5539,Minor_Damage_And_Injuries
4569,42.5570776255708,9,1,63.947128532361,0.264183916336098,79.26,4,37065.4837499923,2,0.0673084209630457,4941,Highly_Fatal_And_Damaging
1070,42.3744292237443,12,4,78.3956244302644,0.381024882798413,78.83,6,26954.6667963309,2,0.0066870818066071,10580,Significant_Damage_And_Serious_Injuries
6535,52.7397260273972,6,1,63.6736554238833,0.301688424089434,74.85,4,18426.2771409882,2,0.0345989099006415,3685,Highly_Fatal_And_Damaging
735,19.9086757990868,16,10,76.9371011850502,0.28870609448251,78.24,1,30017.3106085214,1,1.10323463410754,7884,Highly_Fatal_And_Damaging
5453,57.4885844748858,15,7,69.5077484047402,0.2923122971511,79.22,7,49422.6277653414,3,0.0051054697277921,10356,Significant_Damage_And_Fatalities
8946,59.8173515981735,14,0,67.6390154968095,0.294476018752254,78.92,6,19406.5744440946,2,0.0042155123075014,6660,Significant_Damage_And_Fatalities
4999,45.7990867579909,11,2,78.3956244302644,0.331980526505589,75.41,3,40645.7172863603,2,0.200329336130819,6314,Significant_Damage_And_Serious_Injuries
6771,18.3561643835616,19,7,59.9817684594348,0.286181752614497,77.02,3,28554.7773720691,0,0.141294025778415,9507,Significant_Damage_And_Serious_Injuries
7770,51.6438356164384,10,1,48.7237921604376,0.42898737829066,84.52,3,31228.5093177424,2,0.156147792298604,2661,Minor_Damage_And_Injuries
1623,51.5525114155251,10,0,60.3463992707384,0.444133429498738,87.43,5,20265.0426177619,2,0.0139893150588248,9959,Significant_Damage_And_Serious_Injuries
1218,36.2557077625571,11,5,45.1686417502279,0.476228633249188,77.46,1,34595.3633432901,2,1.28056792439571,11818,Significant_Damage_And_Fatalities
9320,46.1643835616438,8,1,72.2880583409298,0.324046880634692,79.06,4,39615.1050970733,2,0.0732355607136367,3730,Highly_Fatal_And_Damaging
7183,49.5890410958904,7,8,70.0091157702826,0.251562206996033,83.19,4,26338.7273242953,4,0.0484091511222673,8811,Highly_Fatal_And_Damaging
658,27.5799086757991,13,30,75.2506836827712,0.532124774612333,81.3,1,31619.82941596,1,1.16144504554138,10767,Highly_Fatal_And_Damaging
1555,43.013698630137,12,0,48.1312670920693,0.589824017309773,81.15,6,40797.9602108571,0,0.0092927954481451,3896,Minor_Damage_And_Injuries
1640,48.2648401826484,7,6,82.9535095715588,0.484522899386945,78.47,2,28523.7110261133,3,0.385110181691383,2318,Highly_Fatal_And_Damaging
2336,50.7762557077626,13,8,70.4193254329991,0.572153624233682,77.61,7,25200.2492305379,3,0.0023540093308862,12344,Minor_Damage_And_Injuries
5030,53.7442922374429,9,17,61.485870556062,0.387876667868734,82.66,1,32176.8739290162,1,1.18433439338999,2409,Significant_Damage_And_Serious_Injuries
815,27.7168949771689,13,5,65.1321786690975,0.549434547421565,78.66,5,32429.458723446,2,0.0222599212440119,9880,Highly_Fatal_And_Damaging
3078,37.9908675799087,13,1,77.028258887876,0.294476018752254,81.25,3,22597.0959547712,1,0.111428701057596,6017,Significant_Damage_And_Serious_Injuries
585,50.5936073059361,13,15,77.1649954421149,0.240743598990263,80.77,2,23442.862111339,1,0.316500708900476,9262,Minor_Damage_And_Injuries
1583,39.1324200913242,13,0,76.7547857793984,0.346405337179949,79.03,6,40619.7789673451,5,0.0103007561471358,1280,Significant_Damage_And_Serious_Injuries
4474,37.9908675799087,13,7,61.2579762989973,0.355781464118283,75.94,4,18673.766897687,3,0.0340977244601301,4528,Significant_Damage_And_Serious_Injuries
9411,44.4292237442922,8,0,52.8714676390155,0.426823656689506,75.98,2,47324.952775233,0,0.643975973223763,1802,Significant_Damage_And_Fatalities
985,37.2146118721461,10,1,52.5979945305378,0.629852866931121,77.93,4,38800.9673142313,2,0.0707412082678978,11704,Significant_Damage_And_Fatalities
693,46.1187214611872,8,3,67.5022789425707,0.257332131265777,82.14,2,47814.2311228711,2,0.64817098869959,320,Highly_Fatal_And_Damaging
5724,73.37899543379,6,1,73.6554238833182,0.448821492967904,83.13,5,8645.35570372917,2,0.0025979797481065,3281,Minor_Damage_And_Injuries
2967,52.648401826484,6,4,80.0364630811304,0.224876307248467,79.76,1,9125.60962563028,2,0.387799082295146,5845,Highly_Fatal_And_Damaging
9453,75.5707762557078,10,11,66.9553327256153,0.377779300396682,76.37,7,39189.4780352356,1,0.0037063710924721,2660,Significant_Damage_And_Fatalities
6030,66.2557077625571,9,2,48.9061075660894,0.556286332491886,78.08,7,38888.7530091818,0,0.0036610210060419,6146,Significant_Damage_And_Serious_Injuries
1749,75.662100456621,9,15,66.9553327256153,0.557368193292463,78.67,7,20654.0788047055,0,0.0017317806329348,4993,Significant_Damage_And_Fatalities
4641,70.5022831050228,7,0,68.4594348222425,0.422496213487198,78.46,4,23692.0970279195,3,0.044082859659204,8418,Minor_Damage_And_Injuries
7367,37.3972602739726,10,21,87.4658158614403,0.24543166245943,78.33,6,30445.2991443066,3,0.0074307343167388,1000,Highly_Fatal_And_Damaging
8263,31.689497716895,19,0,74.9316317228806,0.337750450775333,79.42,5,24905.0619902748,2,0.0165265950657187,2776,Minor_Damage_And_Injuries
7813,34.1095890410959,15,1,70.464904284412,0.331259285971872,84.1,3,47530.9062148968,4,0.236847335689612,4122,Significant_Damage_And_Serious_Injuries
9049,62.3287671232877,13,7,65.8158614402917,0.261659574468085,78.11,7,19742.2730195278,3,0.0017909804617597,9792,Significant_Damage_And_Fatalities
7917,21.2328767123288,15,2,65.587967183227,0.553401370357014,78.41,4,32734.2222720854,3,0.060013008820757,2807,Highly_Fatal_And_Damaging
2149,28.9497716894977,20,7,68.5505925250684,0.443772809231878,79.88,6,25239.6627058985,3,0.0063805263176679,7898,Significant_Damage_And_Fatalities
8941,75.9817351598173,6,11,65.9070191431176,0.298803461954562,78.37,2,35730.8971408857,2,0.482865676422502,6569,Minor_Damage_And_Injuries
8510,22.8310502283105,15,3,70.1914311759344,0.368042553191489,76.05,4,31346.7953386373,3,0.0573584079476259,3356,Highly_Fatal_And_Damaging