,Safety_Score,Days_Since_Inspection,Total_Safety_Complaints,Control_Metric,Turbulence_In_gforces,Cabin_Temperature,Accident_Type_Code,Max_Elevation,Violations,Adverse_Weather_Metric,Accident_ID,Severity
992,46.5753424657534,14,21,78.4867821330902,0.450263974035341,79.22,5,52023.4605639422,2,0.036830045683054,3649,Minor_Damage_And_Injuries
3204,27.8538812785388,13,5,67.2743846855059,0.304212765957447,76.33,4,34218.5019171156,1,0.0626562639126589,12176,Highly_Fatal_And_Damaging
8877,17.0776255707763,16,2,90.975387420237,0.287263613415074,82.5,4,16355.890560807,2,0.0290802124759881,4393,Highly_Fatal_And_Damaging
9847,29.7716894977169,12,3,66.9097538742024,0.304212765957447,79.68,1,40524.8951127185,2,1.49336645053839,3793,Highly_Fatal_And_Damaging
454,33.972602739726,11,2,67.3655423883318,0.397252794807068,79.61,4,29660.0149931199,3,0.0549022562338552,8871,Highly_Fatal_And_Damaging
9279,26.986301369863,17,8,56.9279854147676,0.466131265777136,77.44,1,37225.9862790392,3,1.37530557650739,5765,Minor_Damage_And_Injuries
1243,28.7214611872146,13,0,71.8778486782133,0.409874504147133,82.43,4,33053.916313277,1,0.0599545335214721,3077,Highly_Fatal_And_Damaging
6937,31.1415525114155,15,0,84.8678213309025,0.203960331770645,76.41,4,35535.2005207219,0,0.0651636744257849,11958,Significant_Damage_And_Serious_Injuries
6027,52.4657534246575,9,1,53.0993618960802,0.325849981968986,80.03,3,29213.8409826863,3,0.1454599700403,1210,Minor_Damage_And_Injuries
4505,54.8401826484018,9,40,73.1540565177758,0.337750450775333,77.85,6,45751.9834127951,2,0.0119400602625915,12172,Significant_Damage_And_Serious_Injuries
3173,4.65753424657534,20,0,65.3144940747493,0.312507032095204,83.73,4,25287.0457895987,3,0.045618295027618,1815,Highly_Fatal_And_Damaging
9403,12.4657534246575,18,0,59.0701914311759,0.392204111071042,78.46,4,43915.3628054386,3,0.0803192879709049,2202,Highly_Fatal_And_Damaging
8021,73.5159817351598,10,1,65.9070191431176,0.298803461954562,77.66,7,22925.9320383748,0,0.0022016488687736,7121,Significant_Damage_And_Fatalities
7432,48.7214611872146,17,13,68.5050136736554,0.502553912729895,77.78,7,19804.4945726575,3,0.0015592742448195,8664,Significant_Damage_And_Fatalities
5268,15.2054794520548,20,31,76.7547857793984,0.327653083303281,76.35,3,19201.5021304644,3,0.0945616410103572,3661,Significant_Damage_And_Serious_Injuries
258,38.8127853881278,17,2,52.3245214220602,0.416365668950595,80.24,2,47423.3860641993,2,0.641805738503765,2443,Highly_Fatal_And_Damaging
5878,47.7625570776256,14,1,71.0118505013674,0.427184276956365,77.69,6,40674.112655783,3,0.0101310412085936,10125,Minor_Damage_And_Injuries
624,41.7351598173516,16,9,76.253418413856,0.387876667868734,81.86,7,19804.4945726575,1,0.0015850531502364,9059,Minor_Damage_And_Injuries
9853,38.4474885844749,13,1,53.281677301732,0.250119725928597,80.06,3,26187.9483800894,3,0.131603582407155,5931,Minor_Damage_And_Injuries
4432,76.6666666666667,6,21,65.0865998176846,0.46108258204111,75.41,2,43310.6014766505,4,0.587649264666186,3386,Minor_Damage_And_Injuries
8147,50.5022831050228,13,13,69.644484958979,0.425020555355211,83.97,3,39759.020002548,3,0.197414518704467,12160,Minor_Damage_And_Injuries
6450,45.7534246575342,11,17,69.9179580674567,0.354699603317706,79.86,3,28555.3581071901,1,0.142969916949184,4623,Significant_Damage_And_Serious_Injuries
3654,47.4885844748858,14,2,65.0865998176846,0.354699603317706,78.42,5,49250.6938900351,3,0.0331635429635031,4822,Minor_Damage_And_Injuries
9267,36.8493150684931,14,2,55.2415679124886,0.488489722322394,77.17,2,25806.0480465467,3,0.349996580988271,9120,Minor_Damage_And_Injuries
6879,17.2602739726027,16,11,79.0337283500456,0.394367832672196,76.65,1,36698.1710217348,2,1.34636408457868,9116,Highly_Fatal_And_Damaging
5506,51.1872146118721,10,6,65.9981768459435,0.381746123332131,79.56,3,17267.0045345224,0,0.086846843745868,5222,Significant_Damage_And_Serious_Injuries
5692,58.0365296803653,11,7,76.8915223336372,0.426823656689506,78.48,5,18965.2829541948,3,0.0125144123549024,4335,Minor_Damage_And_Injuries
279,37.3059360730594,14,0,51.3673655423883,0.553401370357014,76.27,4,33315.568355075,3,0.0613171683544181,1764,Minor_Damage_And_Injuries
1755,25.8904109589041,14,1,73.1084776663628,0.268150739271547,77.07,5,30693.4025236395,4,0.0202077464979155,10665,Highly_Fatal_And_Damaging
4612,70.5479452054795,7,44,62.5341841385597,0.352535881716553,79.49,2,34608.2943986072,1,0.469625726447576,912,Minor_Damage_And_Injuries
3029,22.0091324200913,15,10,65.3600729261623,0.316473855030653,76.79,4,32342.1093451256,2,0.0594585122059251,9608,Highly_Fatal_And_Damaging
308,9.31506849315068,19,9,54.0109389243391,0.551598269022719,78.9,1,14007.557424659,1,0.51302895528027,9891,Significant_Damage_And_Fatalities
7805,41.0958904109589,9,12,32.4977210574293,0.542582762351244,77.95,2,25662.0840183609,1,0.347029390462293,3459,Highly_Fatal_And_Damaging
1013,24.9315068493151,14,3,54.8313582497721,0.340996033177064,81.71,4,42483.5374360881,1,0.0774424735192348,11249,Significant_Damage_And_Fatalities
5331,36.027397260274,14,3,62.1695533272562,0.232088712585647,83.85,7,23770.0939561432,1,0.002304927725523,7399,Significant_Damage_And_Serious_Injuries
8131,42.1917808219178,12,0,63.8559708295351,0.302770284890011,84.48,3,30580.7516297544,4,0.150239798754167,1351,Significant_Damage_And_Serious_Injuries
1953,32.0547945205479,15,3,62.0783956244303,0.368763793725207,81.0,4,37550.3987735086,0,0.0679645047747395,10530,Significant_Damage_And_Serious_Injuries
975,22.7397260273973,15,7,92.1148587055606,0.179438153624233,78.58,4,28994.8333817836,2,0.0536168001945233,12482,Highly_Fatal_And_Damaging
1619,58.0365296803653,11,10,64.5852324521422,0.388237288135593,83.01,2,36844.4611648139,2,0.50266644592326,3080,Minor_Damage_And_Injuries
9398,22.9680365296804,15,0,67.4567000911577,0.306737107825459,82.26,1,45120.2236979424,2,1.66043195531517,4465,Highly_Fatal_And_Damaging
5678,36.1643835616438,14,1,72.7438468550593,0.231728092318788,81.1,3,25252.7452231213,1,0.125660881272039,8191,Significant_Damage_And_Serious_Injuries
6804,25.662100456621,17,5,62.1695533272562,0.509405697800216,77.4,3,34979.6483447085,3,0.175089764842475,2513,Significant_Damage_And_Serious_Injuries
3613,32.8767123287671,15,8,65.587967183227,0.362272628921745,77.35,6,45290.8914732731,0,0.0119400602625915,8279,Significant_Damage_And_Serious_Injuries
4144,24.8401826484018,14,21,62.0328167730173,0.527797331410025,76.07,4,21212.0283049257,3,0.0383477654432181,8992,Highly_Fatal_And_Damaging
3789,77.3059360730594,4,2,88.4685505925251,0.28509989181392,75.96,7,40762.8132780568,4,0.0037170874293526,8258,Significant_Damage_And_Serious_Injuries
6207,39.5433789954338,21,11,68.5505925250684,0.23100685178507,77.86,7,26992.7869170996,2,0.0021435192920443,1154,Significant_Damage_And_Fatalities
6056,55.0684931506849,12,0,78.7602552415679,0.308179588892896,84.46,2,24784.6638712105,3,0.335627808937991,5008,Minor_Damage_And_Injuries
8837,24.9771689497717,14,0,63.7192342752963,0.401940858276235,80.42,1,33951.8558365343,2,1.2490580969436,5449,Highly_Fatal_And_Damaging
8657,19.4977168949772,16,1,74.1567912488605,0.325849981968986,82.44,4,33053.916313277,2,0.0602782872200922,4727,Highly_Fatal_And_Damaging
9040,41.4155251141553,19,11,45.897903372835,0.623001081860801,76.12,7,32944.2751416848,2,0.003044113240825,2743,Significant_Damage_And_Serious_Injuries
1410,48.1278538812785,17,1,57.7484047402006,0.395810313739632,78.88,7,28203.4891265458,2,0.0028844082789833,488,Significant_Damage_And_Fatalities
6211,54.5205479452055,9,3,76.2989972652689,0.258774612333213,79.47,3,27417.5994528457,0,0.135850462114308,9548,Significant_Damage_And_Serious_Injuries
8648,71.4611872146119,11,17,96.0346399270739,0.217663901911287,78.43,5,35847.895873568,2,0.0248162256986244,9488,Significant_Damage_And_Fatalities
7614,60.0,10,4,70.4193254329991,0.390401009736747,76.27,2,33309.9400006456,2,0.451609331339098,340,Minor_Damage_And_Injuries
1266,55.2511415525114,12,2,50.9571558796719,0.507602596465921,77.93,2,42036.9652735589,3,0.570660424199921,4199,Minor_Damage_And_Injuries
4395,37.5342465753425,11,3,49.4530537830446,0.515536242336819,80.07,4,29518.6129237704,2,0.0525367024728564,8837,Significant_Damage_And_Fatalities
6555,30.4566210045662,16,9,70.464904284412,0.417086909484313,78.58,1,24605.471319083,3,0.88583863584684,4324,Significant_Damage_And_Serious_Injuries
6800,56.2557077625571,12,13,55.8340929808569,0.378139920663541,75.8,7,43425.6129456688,2,0.0039571065728607,6600,Highly_Fatal_And_Damaging
8505,53.8812785388128,12,11,70.6927985414767,0.297000360620267,79.17,2,24211.3595104184,2,0.328620657287925,346,Minor_Damage_And_Injuries
3263,48.8584474885845,14,1,68.7784867821331,0.274641904075009,77.01,7,39093.6178901909,1,0.0034939020081888,3478,Minor_Damage_And_Injuries
1563,41.0045662100457,16,5,58.8422971741112,0.388237288135593,79.72,3,51754.9703998605,3,0.26381468661784,11592,Minor_Damage_And_Injuries
5540,17.5799086757991,16,3,58.6144029170465,0.491014064190407,78.72,3,34800.646575157,1,0.17306668059366,3257,Highly_Fatal_And_Damaging
6288,34.6118721461187,14,6,62.0783956244303,0.330898665705012,78.31,7,22736.3823339225,4,0.0016662571566624,3073,Significant_Damage_And_Serious_Injuries
2699,30.5936073059361,12,0,67.0464904284412,0.462885683375405,79.61,5,41373.2348849062,3,0.0273168021552321,6134,Highly_Fatal_And_Damaging
5789,59.4063926940639,11,32,76.9371011850502,0.381746123332131,80.83,2,32584.0146079089,2,0.440815074578912,7251,Minor_Damage_And_Injuries
4807,18.9497716894977,16,1,89.1978122151322,0.271396321673278,82.97,4,23511.5711458984,2,0.0435688687075891,11511,Highly_Fatal_And_Damaging
8736,33.0593607305936,12,3,82.1786690975388,0.434757302560403,80.66,1,24605.471319083,0,0.905184703862421,4121,Highly_Fatal_And_Damaging
3755,23.6986301369863,18,15,74.7493163172288,0.532124774612333,81.82,3,34305.0853441854,0,0.170645148830517,1376,Significant_Damage_And_Serious_Injuries
6017,58.0821917808219,11,8,48.6782133090247,0.598839523981248,80.17,6,33579.7049880148,4,0.0089903548639397,6229,Highly_Fatal_And_Damaging
9992,32.1461187214612,12,2,74.7037374658159,0.245071042192571,75.89,1,31531.7961960508,1,1.15647808158358,9869,Highly_Fatal_And_Damaging
268,56.5296803652968,8,5,62.2151321786691,0.332701767039307,77.98,5,29267.9599316394,1,0.0195220582116127,3176,Significant_Damage_And_Serious_Injuries
4199,37.5799086757991,14,6,72.4247948951687,0.294836639019113,79.99,1,28770.8750092367,3,1.05885006874956,12175,Significant_Damage_And_Serious_Injuries
7567,26.2100456621005,14,5,40.5651777575205,0.735153984853949,80.52,1,37764.967026453,3,1.39011858032607,7956,Significant_Damage_And_Fatalities
6459,33.9269406392694,11,1,55.1048313582498,0.38931914893617,79.4,7,49219.0617824752,3,0.0048048082941201,5469,Significant_Damage_And_Fatalities
8452,9.90867579908676,19,10,29.8997265268915,0.804753696357736,80.34,1,46768.8221857607,2,1.72052881699442,6372,Significant_Damage_And_Fatalities
9576,36.5753424657534,14,11,63.3546034639927,0.453509556437072,76.4,6,31239.8537935055,2,0.0076857571275459,1591,Significant_Damage_And_Serious_Injuries
8051,38.7671232876712,14,5,59.4804010938925,0.47190119004688,83.92,1,43419.8755634569,1,1.62366182311179,8427,Significant_Damage_And_Serious_Injuries
9423,41.1415525114155,13,3,90.154968094804,0.286902993148215,79.09,6,27724.2560137305,2,0.0067684136153349,6877,Significant_Damage_And_Serious_Injuries
311,19.041095890411,16,1,89.5168641750228,0.230646231518211,80.98,4,30415.652244998,2,0.055322645707744,683,Highly_Fatal_And_Damaging
9197,51.6438356164384,13,5,57.8851412944394,0.413480706815723,81.43,3,47462.7280298216,2,0.237190414799633,2656,Minor_Damage_And_Injuries
197,12.4657534246575,18,9,73.3363719234275,0.316113234763794,78.6,2,21259.7296655558,0,0.286821821953301,2715,Highly_Fatal_And_Damaging
6811,20.5479452054795,15,2,55.6973564266181,0.311425171294627,76.3,5,24613.5488916701,2,0.0164689122872173,10014,Significant_Damage_And_Fatalities
4543,40.6849315068493,16,7,60.1640838650866,0.315752614496934,79.56,2,28787.1727151921,3,0.388261185483228,10105,Minor_Damage_And_Injuries
9140,47.5342465753425,18,0,64.9042844120328,0.403022719076812,79.66,7,40657.7633959541,1,0.0036579562330693,61,Significant_Damage_And_Fatalities
1921,77.8538812785388,3,2,71.3764813126709,0.304573386224305,79.58,3,32463.032918282,2,0.161821162714402,10546,Highly_Fatal_And_Damaging
4032,34.9315068493151,14,13,62.0783956244303,0.456033898305084,80.35,6,18816.7236153139,1,0.0042800625074455,3926,Significant_Damage_And_Serious_Injuries
7491,63.1963470319635,13,16,85.5970829535096,0.306737107825459,83.29,6,32184.4664342672,2,0.0077248954002457,2417,Significant_Damage_And_Fatalities
6938,20.2283105022831,15,3,66.9097538742024,0.416365668950595,80.85,4,24651.9666266097,2,0.046132903592417,4702,Highly_Fatal_And_Damaging
5502,82.7853881278539,7,1,59.3892433910666,0.289066714749369,77.98,6,27518.7235157539,3,0.0064913434049572,11858,Significant_Damage_And_Fatalities
7609,69.3607305936073,8,1,74.6581586144029,0.306015867291742,77.52,2,28185.910470363,2,0.379276810633701,8667,Minor_Damage_And_Injuries
3241,22.9223744292237,15,0,59.3892433910666,0.391482870537324,83.41,1,26365.3863181768,2,0.978454626515347,1019,Highly_Fatal_And_Damaging
2242,24.703196347032,17,12,41.0665451230629,0.578284168770285,77.4,7,21720.5738257697,2,0.0019491457967351,7752,Significant_Damage_And_Serious_Injuries
7629,19.6803652968037,16,11,61.9872379216044,0.556646952758745,77.39,1,29430.8034286226,2,1.08279062206135,10164,Highly_Fatal_And_Damaging
5575,21.2785388127854,15,17,75.2506836827712,0.494980887125856,85.02,6,29975.6162301416,3,0.0075034789920839,7393,Highly_Fatal_And_Damaging
6483,53.7442922374429,9,6,73.8833181403829,0.369485034258925,81.02,3,5573.65221329357,3,0.0447153366816364,7364,Significant_Damage_And_Serious_Injuries
1213,47.8995433789954,14,3,56.9735642661805,0.542582762351244,83.28,2,32272.8250191819,3,0.436714350501206,5070,Highly_Fatal_And_Damaging
1883,48.9954337899543,14,6,64.3573381950775,0.45387017670393,81.75,2,39207.8409430981,3,0.525000448580524,9564,Minor_Damage_And_Injuries
3708,36.3926940639269,14,13,63.3546034639927,0.460000721240533,77.78,6,34120.059024156,3,0.0083289969480363,1663,Significant_Damage_And_Serious_Injuries
7290,37.9908675799087,13,8,69.1431175934367,0.320080057699243,84.3,3,26062.3673281312,5,0.128032619795491,9950,Significant_Damage_And_Serious_Injuries
7758,26.7123287671233,13,25,63.9015496809481,0.199632888568337,77.16,1,22730.4709071459,1,0.83130070319387,10042,Highly_Fatal_And_Damaging
2214,13.6986301369863,18,17,70.3281677301732,0.333423007573026,78.93,4,26501.394552042,2,0.0484619583526901,5167,Highly_Fatal_And_Damaging
722,39.634703196347,17,2,74.3391066545123,0.328734944103858,76.93,1,23350.8910565508,2,0.859539949194424,4513,Minor_Damage_And_Injuries
8195,24.8858447488584,18,7,75.8887876025524,0.229564370717634,77.93,3,37964.2880886999,2,0.189062380253031,7185,Significant_Damage_And_Serious_Injuries
4328,56.027397260274,12,2,88.6052871467639,0.289066714749369,76.18,5,24842.6498966652,2,0.0164689122872173,12489,Minor_Damage_And_Injuries
1591,50.5022831050228,13,3,84.0929808568824,0.25985647313379,84.4,2,50545.0702257023,2,0.691152160528896,10726,Minor_Damage_And_Injuries
5537,49.3150684931507,14,6,72.0145852324522,0.315752614496934,79.22,5,41247.2138694394,3,0.0273062158003251,1231,Minor_Damage_And_Injuries
5404,64.8401826484018,9,15,41.5223336371923,0.438724125495853,81.62,2,26385.9208020125,1,0.357126172144394,1548,Highly_Fatal_And_Damaging
7600,29.8173515981735,16,3,42.5706472196901,0.608215650919581,81.74,3,32655.8419309908,4,0.162085006509895,11822,Minor_Damage_And_Injuries
1214,57.0776255707762,15,0,73.0173199635369,0.29591849981969,80.45,7,29454.4715561768,4,0.0027787403957701,1429,Significant_Damage_And_Fatalities
4470,42.648401826484,9,0,58.7055606198724,0.502553912729895,81.8,4,33758.5844534383,1,0.0619950696061957,11753,Highly_Fatal_And_Damaging
8473,82.2374429223744,8,12,58.9334548769371,0.495702127659574,78.25,4,29260.1492435623,2,0.0533411083739841,1837,Significant_Damage_And_Fatalities
8676,63.8812785388128,13,4,78.669097538742,0.308900829426614,79.83,2,29157.1074392488,3,0.395623222652356,1797,Significant_Damage_And_Fatalities
2341,13.37899543379,18,1,53.7374658158614,0.273199423007573,75.61,2,28475.1600066966,1,0.385350791346705,2997,Highly_Fatal_And_Damaging
9760,52.9223744292237,9,7,62.5341841385597,0.317916336098088,77.36,3,27432.9987675072,3,0.135850462114308,12417,Significant_Damage_And_Serious_Injuries
1081,31.2328767123288,12,12,66.4995442114859,0.463967544175982,77.87,6,36305.7929992729,2,0.0088051895081175,7834,Highly_Fatal_And_Damaging
4533,82.7853881278539,8,11,62.5341841385597,0.278608727010458,77.05,3,18924.3797701407,1,0.0945616410103572,8535,Significant_Damage_And_Fatalities
5833,59.7716894977169,10,13,97.9945305378305,0.217663901911287,78.37,2,44244.903458707,4,0.599746500186085,8324,Minor_Damage_And_Injuries
7958,28.675799086758,13,10,97.3108477666363,0.311064551027768,80.09,4,32951.9888222322,2,0.0598503906370371,4640,Highly_Fatal_And_Damaging
7034,52.3744292237443,6,2,50.6836827711942,0.596675802380094,78.76,4,29518.6129237704,3,0.0533411083739841,9411,Significant_Damage_And_Fatalities
8159,64.5662100456621,9,14,73.6554238833182,0.335947349441038,79.3,5,49233.3487052144,1,0.0331848565099239,9092,Minor_Damage_And_Injuries
4056,30.1826484018265,12,6,62.1239744758432,0.427905517490083,80.55,6,17869.2712881728,2,0.0047746180532177,2925,Highly_Fatal_And_Damaging
997,52.3744292237443,6,7,57.4293527803099,0.466491886043996,85.1,3,40156.8143732675,1,0.200404041434698,8355,Significant_Damage_And_Serious_Injuries
4070,39.4520547945205,13,0,48.2224247948952,0.493899026325279,81.15,6,45332.3027606441,4,0.0115170923405015,1954,Minor_Damage_And_Injuries
5294,29.3607305936073,13,14,74.0656335460346,0.232809953119365,84.3,1,25758.1197982121,2,0.937147430771286,11509,Highly_Fatal_And_Damaging
8417,52.3744292237443,6,16,53.9197812215132,0.427905517490083,82.82,6,36056.3247444592,3,0.0086924150305026,3579,Significant_Damage_And_Fatalities
7724,36.62100456621,10,11,73.6098450319052,0.405907681211684,79.28,4,47147.8297247954,2,0.0865963416873615,12471,Highly_Fatal_And_Damaging
6032,54.2465753424657,12,1,90.154968094804,0.298442841687703,78.02,1,21526.3242501482,3,0.80163630121652,7837,Minor_Damage_And_Injuries
7679,58.7671232876712,14,8,78.5323609845032,0.249759105661738,88.93,2,20970.593544562,2,0.283595649158391,5782,Significant_Damage_And_Fatalities
2794,72.3287671232876,10,2,62.2607110300821,0.427905517490083,79.58,7,35320.9454536098,1,0.0029985669827301,11109,Significant_Damage_And_Fatalities
6009,62.1461187214612,10,10,68.2315405651778,0.347126577713667,83.01,2,28213.4276195929,3,0.381164849621306,9990,Minor_Damage_And_Injuries
8495,33.6986301369863,15,5,52.6891522333637,0.449542733501623,83.6,3,21673.9825464833,3,0.107222523097217,6364,Minor_Damage_And_Injuries
3610,57.4885844748858,8,19,64.9954421148587,0.334865488640461,79.26,7,30933.8277395381,2,0.0026060826109523,9056,Significant_Damage_And_Serious_Injuries
8415,34.9315068493151,14,22,72.6982680036463,0.186650558961413,80.05,3,26471.4004943625,2,0.132616661769745,7226,Significant_Damage_And_Serious_Injuries
979,38.5844748858447,13,4,91.0665451230629,0.300606563288856,78.54,3,32547.5858221591,3,0.16258386348284,7946,Significant_Damage_And_Serious_Injuries
5831,23.1506849315068,14,5,63.9015496809481,0.368403173458348,76.22,4,26548.8926588994,2,0.0484619583526901,669,Highly_Fatal_And_Damaging
4705,54.8401826484018,6,6,69.5533272561531,0.305294626758024,79.63,4,27431.0829243834,1,0.049707368124433,60,Highly_Fatal_And_Damaging
4414,76.3926940639269,9,9,66.9553327256153,0.463246303642264,77.4,7,39189.4780352356,2,0.0034807230749904,3322,Significant_Damage_And_Fatalities
9621,42.283105022831,16,5,70.0091157702826,0.501472051929318,76.39,2,31290.8093282879,2,0.422993813127412,11661,Minor_Damage_And_Injuries
7148,27.1689497716895,13,0,65.587967183227,0.58729967544176,79.08,4,24600.5650962669,3,0.0453050042984426,3376,Highly_Fatal_And_Damaging
2935,48.2648401826484,7,6,61.6226071103008,0.485244139920663,77.62,1,40353.5539105044,1,1.48034246635466,9215,Highly_Fatal_And_Damaging
4773,38.0365296803653,17,0,69.5989061075661,0.387516047601875,76.05,2,37626.225581993,1,0.506902920654004,4436,Minor_Damage_And_Injuries
9990,66.2557077625571,12,0,76.4813126709207,0.224876307248467,83.21,5,38728.4865016046,2,0.0259554503953166,193,Minor_Damage_And_Injuries
7540,29.8630136986301,12,1,74.2023701002735,0.337750450775333,77.0,4,41432.7487139018,3,0.075850778236244,4652,Highly_Fatal_And_Damaging
9626,29.041095890411,20,13,56.7456700091158,0.375615578795528,79.21,4,41232.8372944868,3,0.0755380401037781,1521,Highly_Fatal_And_Damaging
3206,47.0319634703196,14,2,65.0865998176846,0.321883159033537,78.82,5,36656.5473460937,5,0.0245406632757047,2520,Minor_Damage_And_Injuries
4649,53.2876712328767,16,1,82.9535095715588,0.258774612333213,76.17,2,13214.8518929535,1,0.203715106441441,8228,Significant_Damage_And_Fatalities
2243,1.41552511415525,21,5,53.7374658158614,0.488129102055535,77.62,1,22401.7922742848,1,0.821132663396067,11230,Significant_Damage_And_Fatalities
5802,42.3287671232877,12,1,59.845031905196,0.430429859358096,81.44,6,23952.5525780103,2,0.0062344708462644,3876,Significant_Damage_And_Serious_Injuries
885,56.8493150684931,11,1,68.8240656335461,0.198911648034619,82.66,2,19364.5453914156,2,0.254442294313853,7340,Minor_Damage_And_Injuries
4882,57.351598173516,8,11,66.3172288058341,0.46108258204111,77.4,5,44143.7353048618,3,0.0299674821819734,113,Significant_Damage_And_Serious_Injuries
2259,33.7899543378995,11,2,63.9015496809481,0.502553912729895,75.95,1,44739.9435207394,1,1.70002688793202,2977,Highly_Fatal_And_Damaging
3794,26.62100456621,17,0,65.1777575205105,0.369845654525784,81.82,5,44701.6485825148,2,0.0306965840601816,3658,Significant_Damage_And_Serious_Injuries
6902,46.8949771689498,11,0,80.4010938924339,0.223433826181031,78.33,4,43136.2535286232,3,0.0785727187769532,7608,Significant_Damage_And_Serious_Injuries
4608,56.8949771689498,8,7,74.4302643573382,0.435478543094122,87.47,3,37489.8125581997,3,0.186318355278325,215,Significant_Damage_And_Serious_Injuries
4435,12.4657534246575,18,2,74.1567912488605,0.223433826181031,82.5,5,21954.4716580689,2,0.0147190422445625,11733,Highly_Fatal_And_Damaging
4531,60.5479452054795,14,25,78.0309936189608,0.19133862243058,79.35,4,19550.4236118066,2,0.035517130695692,4663,Significant_Damage_And_Fatalities
5279,12.6940639269406,18,12,38.1494986326345,0.612543094121889,77.28,4,31006.5572504406,3,0.05721778810187,7974,Significant_Damage_And_Fatalities
4252,36.2557077625571,11,10,53.8742023701003,0.416365668950595,80.44,4,31239.8537935055,3,0.0580288359949266,4201,Significant_Damage_And_Fatalities
6852,32.0547945205479,15,20,62.0783956244303,0.387876667868734,79.29,6,18816.7236153139,2,0.0043320813271426,4119,Significant_Damage_And_Serious_Injuries
211,49.041095890411,14,3,69.690063810392,0.317195095564371,78.64,2,34529.6257428931,3,0.469625726447576,830,Minor_Damage_And_Injuries
2639,59.634703196347,14,4,56.1531449407475,0.4506245943022,75.4,7,45649.8132732537,2,0.0041299947138364,2391,Significant_Damage_And_Serious_Injuries
8370,22.6027397260274,15,25,61.0300820419326,0.298803461954562,86.58,1,41118.8206454296,3,1.50734589361924,9527,Highly_Fatal_And_Damaging
5052,27.1232876712329,14,0,65.587967183227,0.425741795888929,81.86,4,30752.093089438,1,0.058088147653132,11653,Highly_Fatal_And_Damaging
2834,56.2557077625571,12,13,62.1695533272562,0.317916336098088,79.23,5,41329.4435546774,0,0.0271944992276457,4377,Minor_Damage_And_Injuries
8084,54.7488584474886,15,3,58.6144029170465,0.219467003245582,80.12,3,26210.1922272661,1,0.131214852950511,10800,Significant_Damage_And_Fatalities
882,36.2557077625571,11,1,73.746581586144,0.29591849981969,84.4,4,31592.253491779,2,0.0574136583741536,2157,Highly_Fatal_And_Damaging
7853,30.5936073059361,16,2,45.897903372835,0.549795167688424,78.96,5,43627.7949755618,3,0.0302458106880006,10528,Minor_Damage_And_Injuries
7931,45.7534246575342,11,17,69.9179580674567,0.425020555355211,78.31,3,26782.0242843159,2,0.135445812857813,5798,Significant_Damage_And_Serious_Injuries
4691,18.9497716894977,16,0,76.5268915223336,0.327653083303281,78.43,1,29801.5065245731,2,1.07868990698059,4886,Highly_Fatal_And_Damaging
7645,44.703196347032,12,3,73.9288969917958,0.381746123332131,81.23,6,36468.4292231444,4,0.0091707211981715,4325,Significant_Damage_And_Serious_Injuries
5611,34.4748858447488,11,8,65.4512306289882,0.250840966462315,77.26,2,18980.6198635016,1,0.253283470951117,7842,Highly_Fatal_And_Damaging
3909,25.2511415525114,17,3,76.9371011850502,0.355060223584565,76.75,1,42453.4527180898,1,1.55565382876586,7740,Significant_Damage_And_Serious_Injuries
9711,58.0365296803653,11,1,47.3564266180492,0.483801658853228,79.92,3,55046.9675731149,1,0.27447787565096,8353,Highly_Fatal_And_Damaging
9999,50.0,13,3,45.4876937101185,0.382467363865849,77.46,5,26005.3229868944,2,0.0170358910014253,9387,Highly_Fatal_And_Damaging
1596,65.4337899543379,9,0,76.4813126709207,0.455673278038226,78.52,5,30982.4858135607,3,0.0195855691124162,8683,Minor_Damage_And_Injuries
6444,43.6529680365297,9,5,79.3072014585233,0.383909844933285,88.67,4,12666.7712047322,2,0.0232000007272091,6471,Highly_Fatal_And_Damaging
5791,23.6073059360731,18,0,56.1531449407475,0.34604471691309,79.57,3,37088.9440339128,3,0.183959103652925,7550,Minor_Damage_And_Injuries
7878,54.4292237442922,9,23,73.0173199635369,0.330898665705012,77.85,4,49233.3487052144,0,0.0908497525568715,2593,Significant_Damage_And_Serious_Injuries
3463,55.3424657534247,12,2,82.3154056517776,0.316113234763794,84.46,3,33268.4518194129,2,0.164695836955928,12392,Minor_Damage_And_Injuries
328,76.3926940639269,9,6,81.6773017319964,0.392204111071042,88.57,2,40898.7067220507,0,0.554227832031061,4209,Significant_Damage_And_Fatalities
7469,62.6940639269406,13,3,45.6244302643574,0.404825820411107,77.81,7,28287.9926044483,2,0.0028558607640553,7613,Significant_Damage_And_Serious_Injuries
9043,56.62100456621,12,6,76.5724703737466,0.281854309412189,78.35,2,24305.3909035946,1,0.32809530982753,7168,Minor_Damage_And_Injuries
6642,53.013698630137,6,4,63.3546034639927,0.256610890732059,79.26,1,32855.9350745416,1,1.19895525832586,8397,Highly_Fatal_And_Damaging
8894,33.1050228310502,15,2,52.5979945305378,0.638507753335737,78.37,2,27787.0718761387,3,0.378611274088549,10935,Minor_Damage_And_Injuries
9120,20.2283105022831,15,2,49.0884229717411,0.641753335737468,78.37,4,32429.458723446,2,0.0586465282610382,2943,Significant_Damage_And_Fatalities
919,37.8082191780822,17,7,78.4867821330902,0.329816804904435,79.31,3,24946.5314678191,1,0.124631110425203,5742,Minor_Damage_And_Injuries