,Safety_Score,Days_Since_Inspection,Total_Safety_Complaints,Control_Metric,Turbulence_In_gforces,Cabin_Temperature,Accident_Type_Code,Max_Elevation,Violations,Adverse_Weather_Metric,Accident_ID,Severity
6052,50.958904109589,10,12,68.5050136736554,0.37489433826181,86.4,4,39759.020002548,3,0.0723885206448047,4195,Significant_Damage_And_Serious_Injuries
5194,29.1324200913242,16,2,82.2242479489517,0.176553191489361,79.52,6,24686.4675183425,2,0.006009098105194,1665,Significant_Damage_And_Serious_Injuries
3167,14.5205479452055,17,8,63.6736554238833,0.556286332491886,80.02,4,44977.6137603199,3,0.0810705920997322,5867,Highly_Fatal_And_Damaging
295,33.5616438356164,18,6,47.2196900638104,0.400858997475658,81.8,2,27933.3453552046,1,0.378611274088549,2374,Highly_Fatal_And_Damaging
4242,51.0502283105023,13,10,0.0,0.606412549585286,78.39,2,23758.6115451918,2,0.321668685211402,2085,Highly_Fatal_And_Damaging
2530,44.4748858447489,8,14,65.2233363719235,0.351093400649116,83.97,4,36384.8862884969,2,0.0659869669203887,10732,Highly_Fatal_And_Damaging
9199,29.1324200913242,16,7,47.7666362807658,0.429708618824378,81.98,3,18842.7886746802,1,0.0941870401804358,3592,Minor_Damage_And_Injuries
8781,19.3607305936073,19,0,59.9817684594348,0.639589614136314,77.83,4,35901.4803701807,2,0.0664963794143816,5860,Significant_Damage_And_Serious_Injuries
8203,33.2876712328767,15,2,58.9334548769371,0.399055896141363,77.35,4,33651.5805229688,1,0.0609647807572276,3424,Significant_Damage_And_Serious_Injuries
1697,29.1324200913242,13,11,75.7520510483136,0.339192931842769,84.96,4,23459.1137230837,4,0.0434717134034317,3504,Highly_Fatal_And_Damaging
6084,48.6301369863014,7,6,76.7547857793984,0.293033537684818,75.88,4,42688.6369208672,3,0.0786903089512543,6529,Highly_Fatal_And_Damaging
9911,38.7214611872146,17,2,76.5724703737466,0.281854309412189,78.48,6,28852.4655752009,2,0.0071391877231564,7446,Minor_Damage_And_Injuries
2030,51.689497716895,10,3,67.7757520510483,0.507602596465921,86.51,2,25377.6139205903,2,0.339951974566805,4911,Significant_Damage_And_Serious_Injuries
1655,39.8173515981735,10,6,58.5232452142206,0.304573386224305,83.44,4,32020.8712401908,2,0.0594145703785473,1089,Highly_Fatal_And_Damaging
706,51.2785388127854,10,4,59.6627164995442,0.523830508474576,79.21,3,43704.6859749562,2,0.216076014176458,11057,Significant_Damage_And_Serious_Injuries
5491,39.6803652968037,13,30,69.9635369188697,0.249759105661738,79.99,3,20402.7725368013,2,0.101175219064126,5698,Significant_Damage_And_Serious_Injuries
7238,48.310502283105,11,2,55.5150410209663,0.585496574107465,78.67,3,29541.1841118771,1,0.146630034655966,4858,Minor_Damage_And_Injuries
576,20.8675799086758,19,3,79.6718322698268,0.350372160115398,76.75,3,25735.8047537328,2,0.128131027077609,8695,Significant_Damage_And_Serious_Injuries
8610,45.1598173515982,8,4,65.2689152233364,0.175471330688784,80.06,4,39310.1055152739,3,0.0713728148247185,5048,Highly_Fatal_And_Damaging
3091,26.7123287671233,17,8,64.3573381950775,0.330538045438154,77.58,3,27480.0655746523,1,0.135850462114308,7908,Significant_Damage_And_Serious_Injuries
3559,37.0776255707762,14,6,66.6362807657247,0.246513523260007,81.34,6,36191.0322150455,2,0.008559038496967,5287,Significant_Damage_And_Serious_Injuries
1497,58.0365296803653,11,18,64.5852324521422,0.339192931842769,83.96,2,40909.5763164431,1,0.553451830919128,4434,Minor_Damage_And_Injuries
659,25.662100456621,14,10,83.3637192342753,0.255529029931482,83.32,3,30445.2991443066,3,0.150707712103425,179,Highly_Fatal_And_Damaging
4456,33.9269406392694,15,0,62.8076572470374,0.392204111071042,79.46,3,28742.1312654465,2,0.141411385811606,7415,Significant_Damage_And_Serious_Injuries
9499,32.3744292237443,12,35,50.0911577028259,0.754627479264334,81.13,1,48855.4898240516,2,1.76876868509439,10175,Significant_Damage_And_Fatalities
5094,48.8127853881278,7,1,76.7547857793984,0.305294626758024,80.5,4,20432.2797281007,3,0.0379859608192468,11740,Highly_Fatal_And_Damaging
7021,41.1415525114155,12,3,73.2907930720146,0.308900829426614,78.78,6,40538.7808167345,4,0.0098607986756831,10593,Significant_Damage_And_Serious_Injuries
2895,27.4885844748858,13,0,72.1969006381039,0.346765957446808,77.57,7,41401.7229807727,2,0.0038460374795458,6866,Highly_Fatal_And_Damaging
6934,18.9497716894977,19,0,64.3573381950775,0.256610890732059,84.43,6,26247.7092999525,1,0.0064595192336722,12151,Significant_Damage_And_Serious_Injuries
631,39.634703196347,17,8,75.2506836827712,0.251922827262892,76.69,5,32791.8421914493,3,0.0216476009652135,4882,Minor_Damage_And_Injuries
2463,40.2739726027397,9,0,60.1640838650866,0.231728092318788,84.56,1,30878.7985441465,2,1.1292636605,10632,Highly_Fatal_And_Damaging
6176,22.1917808219178,18,2,59.024612579763,0.278608727010458,78.17,3,42046.750939801,2,0.209489040782661,5802,Significant_Damage_And_Serious_Injuries
9795,28.4931506849315,16,4,65.1321786690975,0.388237288135593,81.64,1,19806.9790519253,2,0.716017500261531,422,Significant_Damage_And_Serious_Injuries
5814,62.3744292237443,7,0,66.1349134001823,0.266347637937252,78.12,3,53751.5578173994,1,0.27447787565096,8025,Significant_Damage_And_Serious_Injuries
6660,71.5981735159817,7,0,57.2470373746582,0.268871979805265,78.48,4,22841.7634088089,3,0.0427579131486447,6820,Minor_Damage_And_Injuries
9356,37.5799086757991,14,9,70.8295350957156,0.229924990984493,80.36,3,21934.7410724853,2,0.10720324016291,796,Significant_Damage_And_Serious_Injuries
6015,17.7168949771689,16,2,62.1239744758432,0.369485034258925,83.65,3,34711.1482249364,4,0.17306668059366,12470,Highly_Fatal_And_Damaging
7714,56.1187214611872,8,1,53.1905195989061,0.584775333573747,78.31,3,39820.4192512397,2,0.198958190239315,8951,Minor_Damage_And_Injuries
8157,44.0639269406393,12,4,72.7894257064722,0.273560043274432,80.96,6,31603.8816790219,2,0.0082142237438365,1199,Significant_Damage_And_Serious_Injuries
294,44.5205479452055,8,3,53.9197812215132,0.572153624233682,79.72,1,38365.1310509113,1,1.40966132986615,6935,Significant_Damage_And_Fatalities
2067,40.6849315068493,16,0,68.5050136736554,0.255168409664623,83.6,7,42983.7928902949,3,0.0039865003229141,1534,Minor_Damage_And_Injuries
7212,60.5936073059361,14,3,39.8814949863264,0.406628921745402,74.82,7,52783.6699929497,4,0.0043835591564751,10060,Significant_Damage_And_Serious_Injuries
1873,40.1369863013699,13,12,52.5524156791249,0.345323476379372,77.38,3,47132.9571072998,2,0.234985280834006,5565,Minor_Damage_And_Injuries
5170,4.65753424657534,20,8,58.7511394712853,0.360108907320591,78.73,4,38630.4756847112,2,0.070322073016045,4881,Highly_Fatal_And_Damaging
7767,44.5662100456621,15,0,64.1294439380128,0.442330328164443,77.77,5,30497.8886605549,1,0.0210316608109044,5528,Minor_Damage_And_Injuries
3709,29.634703196347,20,4,76.4813126709207,0.264905156869816,78.36,7,39152.7700279413,1,0.0037170874293526,9839,Minor_Damage_And_Injuries
7394,43.4246575342466,8,2,68.3682771194166,0.400498377208799,77.89,7,35320.9454536098,3,0.0033273762364338,3814,Highly_Fatal_And_Damaging
1475,58.9954337899543,14,4,61.6226071103008,0.368403173458348,81.93,3,18915.5090248707,1,0.0958059182791733,126,Significant_Damage_And_Fatalities
785,43.1963470319635,12,14,77.8030993618961,0.249759105661738,83.29,6,22659.2573373519,1,0.0053890747903369,8112,Significant_Damage_And_Serious_Injuries
7285,37.5799086757991,10,2,56.2443026435734,0.463606923909124,76.18,4,30049.5696334466,2,0.0544392802512786,2184,Significant_Damage_And_Fatalities
6321,56.3013698630137,8,0,70.3737465815861,0.330898665705012,85.64,6,40561.6926747208,1,0.0103375714698017,2978,Significant_Damage_And_Serious_Injuries
2281,33.013698630137,12,5,54.6946216955333,0.478392354850342,77.74,4,15949.8073396295,3,0.0297420079274472,2552,Significant_Damage_And_Fatalities
1944,72.9680365296803,7,10,68.5050136736554,0.359748287053732,77.69,2,22913.2170491522,1,0.3116315447563,2321,Minor_Damage_And_Injuries
7634,29.4977168949772,16,1,47.0829535095716,0.603888207717274,79.15,4,24600.5650962669,4,0.0453323988881035,310,Minor_Damage_And_Injuries
8883,32.8767123287671,15,5,82.1786690975388,0.238940497655968,77.36,3,34651.7099939779,4,0.173121147972134,1740,Significant_Damage_And_Serious_Injuries
7428,29.4063926940639,13,10,70.9206927985415,0.226679408582762,81.37,4,26069.3550793519,0,0.0482410618460628,8825,Highly_Fatal_And_Damaging
4684,65.296803652968,12,2,75.3418413855971,0.168258925351605,79.17,1,27658.7234251664,2,1.01607221631166,6283,Significant_Damage_And_Fatalities
7985,36.1187214611872,11,6,74.2935278030994,0.238940497655968,78.93,2,23568.4726202252,3,0.320229608370603,7789,Highly_Fatal_And_Damaging
8325,27.1232876712329,17,0,61.4402917046491,0.48632600072124,80.76,5,19494.8587357381,3,0.0125835462103629,780,Significant_Damage_And_Serious_Injuries
825,46.1187214611872,15,11,61.485870556062,0.570350522899387,79.06,5,20654.0788047055,2,0.0139893150588248,4933,Minor_Damage_And_Injuries
6343,25.9817351598173,14,2,49.179580674567,0.51156941940137,79.33,4,13118.5372956393,2,0.0246675180249184,4469,Significant_Damage_And_Fatalities
6138,42.648401826484,9,1,80.6289881494986,0.223433826181031,81.61,1,27215.1381955832,3,1.00860793316672,5549,Highly_Fatal_And_Damaging
7506,50.5022831050228,10,0,67.7757520510483,0.392564731337901,78.94,1,26565.0475824998,2,0.973442982439142,11923,Significant_Damage_And_Serious_Injuries
2272,32.1004566210046,12,1,41.4311759343665,0.538615939415795,78.51,4,29502.7634210532,2,0.0540361961039766,2614,Significant_Damage_And_Fatalities
4281,40.8219178082192,9,2,68.7329079307201,0.250840966462315,81.53,1,38968.236520878,2,1.44569257769582,11430,Highly_Fatal_And_Damaging
5110,40.7762557077626,16,6,56.517775752051,0.404104579877389,81.89,2,44363.1891191291,0,0.600390476471675,6843,Highly_Fatal_And_Damaging
303,41.7808219178082,12,14,84.8678213309025,0.263823296069239,79.64,6,24101.1426632183,3,0.0058447704815248,157,Significant_Damage_And_Serious_Injuries
4682,56.5296803652968,12,0,55.4694621695533,0.459279480706816,78.1,2,35070.3331931138,2,0.473525440021114,11807,Highly_Fatal_And_Damaging
7190,80.5936073059361,8,4,62.5341841385597,0.284739271547061,78.7,2,15928.1520352656,3,0.219247711929046,1577,Significant_Damage_And_Fatalities
6036,61.7808219178082,10,20,56.1987237921604,0.390761630003606,80.47,7,48569.5562852462,1,0.004602863448925,10611,Significant_Damage_And_Serious_Injuries
9160,48.0821917808219,11,2,62.8076572470374,0.329095564370718,78.72,4,32722.0299055594,3,0.0597560868165434,2344,Significant_Damage_And_Serious_Injuries
9719,26.3926940639269,13,5,52.3245214220602,0.312507032095204,80.61,2,29416.7915541967,2,0.399359325657671,2375,Significant_Damage_And_Fatalities
4234,55.1141552511415,12,2,78.7602552415679,0.335586729174179,83.6,2,25265.936551665,3,0.343286521410658,2725,Minor_Damage_And_Injuries
7431,60.4566210045662,10,0,61.2579762989973,0.46108258204111,75.61,2,38165.4207238734,4,0.514265510989051,8455,Minor_Damage_And_Injuries
3437,50.3196347031963,13,0,43.0720145852325,0.735153984853949,78.4,5,23381.5905153679,2,0.0160590028237088,39,Highly_Fatal_And_Damaging
4179,35.4337899543379,17,8,50.820419325433,0.438002884962135,77.62,5,49350.3336170917,1,0.0330801193794526,12316,Highly_Fatal_And_Damaging
3805,53.7899543378995,12,17,50.6836827711942,0.495341507392715,77.6,2,35070.3331931138,2,0.473525440021114,10385,Highly_Fatal_And_Damaging
5946,46.5753424657534,11,5,60.1640838650866,0.484883519653804,75.58,6,18993.2133203075,3,0.0048296611260503,6834,Significant_Damage_And_Serious_Injuries
3748,61.4155251141552,14,4,52.4156791248861,0.476589253516048,78.94,6,36969.1983790329,2,0.0083132909199179,5706,Highly_Fatal_And_Damaging
5127,31.4155251141552,12,2,56.2898814949863,0.276805625676163,78.37,4,45399.1945658495,2,0.0839917945185517,7013,Significant_Damage_And_Fatalities
3612,39.634703196347,17,4,69.4165907019143,0.294476018752254,78.74,2,34207.9443786107,3,0.461174650152934,12425,Minor_Damage_And_Injuries
2458,47.7625570776256,11,2,77.4840474020055,0.315391994230076,87.27,3,40757.3230112037,2,0.205700937392858,9070,Significant_Damage_And_Serious_Injuries
88,26.2557077625571,14,2,55.742935278031,0.303852145690588,79.25,4,41817.9806038586,3,0.0758867263611491,1330,Significant_Damage_And_Fatalities
6505,30.0913242009132,13,4,60.0273473108478,0.330538045438154,78.2,4,24720.9693935259,3,0.0463365072382216,6873,Highly_Fatal_And_Damaging
3526,27.1232876712329,13,2,74.7948951686418,0.451345834835918,77.57,4,27009.5953686171,1,0.0488280924393362,10378,Highly_Fatal_And_Damaging
6384,25.2511415525114,14,3,41.5223336371923,0.735153984853949,79.09,1,57545.3968644389,1,1.97740930519594,11479,Significant_Damage_And_Fatalities
6035,30.1826484018265,12,20,85.9617137648131,0.351814641182834,77.26,3,30389.3208866958,2,0.150239798754167,9733,Highly_Fatal_And_Damaging
5354,52.5114155251141,9,0,52.8714676390155,0.22379444644789,79.64,4,28377.2499381451,2,0.0515852646711956,5259,Minor_Damage_And_Injuries
2228,56.9406392694064,11,5,73.9288969917958,0.232809953119365,78.16,2,33256.4668152374,2,0.452214632161678,5303,Minor_Damage_And_Injuries
4695,24.8401826484018,14,21,59.4804010938925,0.584054093040028,79.49,6,39150.6721955048,3,0.0098282047091857,3791,Highly_Fatal_And_Damaging
679,59.4520547945205,14,3,54.4211485870556,0.392564731337901,74.82,7,45857.9659867691,0,0.0042574609930323,34,Significant_Damage_And_Serious_Injuries
6822,62.7853881278539,6,0,58.8422971741112,0.41816877028489,75.7,3,19689.9918669284,1,0.0976587800714265,1691,Significant_Damage_And_Serious_Injuries
5466,31.9178082191781,15,3,63.7192342752963,0.225958168049044,80.22,3,25474.3083165267,3,0.125660881272039,6616,Significant_Damage_And_Serious_Injuries
3343,44.4748858447489,15,0,80.0364630811304,0.218385142445005,76.41,2,31078.8333618556,3,0.417407395915758,2705,Minor_Damage_And_Injuries
3041,33.0593607305936,12,5,79.535095715588,0.403022719076812,83.01,4,29660.0149931199,4,0.0544392802512786,2518,Highly_Fatal_And_Damaging
7381,44.9315068493151,12,3,73.2907930720146,0.316113234763794,77.17,6,18110.9171033295,3,0.004632261139873,866,Significant_Damage_And_Serious_Injuries
5307,62.5114155251141,13,3,58.7511394712853,0.482359177785791,77.25,7,32677.2060754324,2,0.0029602454265384,2491,Significant_Damage_And_Fatalities
5226,44.1552511415525,12,14,57.2014585232452,0.366960692390912,84.14,3,36949.1736877732,1,0.185100239617324,9946,Significant_Damage_And_Serious_Injuries
5590,43.607305936073,12,1,59.6627164995442,0.467213126577713,84.8,6,28815.4272617912,4,0.0073526214876074,7934,Significant_Damage_And_Serious_Injuries
874,36.0730593607306,14,16,88.6508659981769,0.245071042192571,75.25,6,35317.9119389435,1,0.0090676683776277,10631,Significant_Damage_And_Serious_Injuries
1782,79.4977168949772,8,13,56.7456700091158,0.458918860439956,83.26,7,31143.0404321038,4,0.002839877692257,10673,Significant_Damage_And_Serious_Injuries
9135,34.8858447488584,11,0,50.8659981768459,0.553401370357014,87.0,3,43786.8471432262,2,0.217998520668368,4895,Significant_Damage_And_Fatalities
5530,13.7899543378995,17,4,66.0893345487694,0.268150739271547,76.61,4,38394.5509317175,1,0.0701249966785418,2885,Highly_Fatal_And_Damaging
8809,36.3926940639269,14,2,79.2160437556974,0.187371799495131,79.52,3,29033.7904189909,4,0.14597123365178,2262,Significant_Damage_And_Serious_Injuries
3461,38.0365296803653,14,4,72.151321786691,0.314310133429499,78.3,6,29519.010231283,2,0.0071582386490364,8945,Significant_Damage_And_Serious_Injuries
2739,49.634703196347,7,1,81.5861440291705,0.435478543094122,79.3,2,28970.2986709947,1,0.392272811672583,4056,Highly_Fatal_And_Damaging
8222,12.4657534246575,18,9,59.2525068368277,0.391482870537324,78.02,5,38017.7118627644,2,0.0266123032873258,7004,Highly_Fatal_And_Damaging
928,68.2648401826484,8,14,65.2689152233364,0.334865488640461,81.92,2,48274.055452493,1,0.659387127544305,5247,Minor_Damage_And_Injuries
1463,71.324200913242,7,2,56.3810391978122,0.231728092318788,83.6,2,39521.7363015936,2,0.533684621923382,9201,Highly_Fatal_And_Damaging
6304,13.6986301369863,17,5,76.3445761166819,0.201435989902632,80.83,4,25245.6347673321,3,0.045618295027618,11343,Highly_Fatal_And_Damaging
4284,59.041095890411,11,2,69.3710118505014,0.294476018752254,80.44,2,48088.2017203851,0,0.650803040016768,7938,Minor_Damage_And_Injuries
2660,46.1643835616438,11,0,60.3008204193255,0.524191128741435,83.24,3,40979.5754532752,1,0.205286208938162,6228,Significant_Damage_And_Serious_Injuries
6506,38.4474885844749,10,7,77.1649954421149,0.269953840605842,82.73,4,30912.0810024168,2,0.0566174512939566,10510,Highly_Fatal_And_Damaging
8496,30.3196347031963,12,5,54.147675478578,0.384270465200144,78.23,1,27865.4680761156,2,1.01036207837383,5444,Significant_Damage_And_Fatalities
3903,42.283105022831,16,7,57.4749316317229,0.662308690948431,79.61,5,34887.2172055117,2,0.0237738830758447,533,Minor_Damage_And_Injuries
5158,48.9041095890411,18,22,50.1823154056518,0.505799495131626,79.37,7,47232.0210882522,0,0.003832139652175,1295,Significant_Damage_And_Serious_Injuries
4417,69.9543378995434,11,3,66.1349134001823,0.296279120086549,78.63,6,37123.4671202188,2,0.0089942421999905,5443,Significant_Damage_And_Fatalities
1955,29.634703196347,13,0,50.1367365542388,0.506881355932203,77.75,1,30282.7718455263,2,1.1096272722118,10196,Significant_Damage_And_Fatalities
8904,42.9680365296804,15,4,65.9981768459435,0.262380815001803,76.48,4,38394.5509317175,2,0.0704801840529321,8548,Minor_Damage_And_Injuries
3031,43.6529680365297,12,10,62.6253418413856,0.419250631085467,78.85,4,39649.8076802642,3,0.0731732009419454,3740,Significant_Damage_And_Serious_Injuries
3550,14.4748858447489,17,1,50.6381039197812,0.47911359538406,78.13,4,35901.4803701807,5,0.0660394623674445,10128,Significant_Damage_And_Fatalities
4136,49.4520547945205,14,14,67.3199635369189,0.192059862964299,88.11,7,34480.663199033,2,0.0033258205099282,4973,Minor_Damage_And_Injuries
6079,39.4520547945205,17,4,63.947128532361,0.264183916336098,78.4,3,38340.1216892705,2,0.191468099821186,1525,Minor_Damage_And_Injuries
7585,42.3744292237443,12,8,74.2023701002735,0.234973674720519,75.97,3,33861.5536967773,1,0.167893190363399,3994,Significant_Damage_And_Serious_Injuries
9147,29.3607305936073,13,14,77.073837739289,0.272838802740714,84.15,4,31592.253491779,2,0.0571970099697241,12398,Highly_Fatal_And_Damaging
9969,12.283105022831,18,3,55.6061987237922,0.319358817165525,77.56,2,38703.1691908605,2,0.521828934350233,2920,Significant_Damage_And_Fatalities
9788,31.1872146118721,15,0,54.6946216955333,0.303491525423729,77.89,3,29232.8218621799,1,0.145447149829291,5367,Minor_Damage_And_Injuries
4820,53.7899543378995,9,0,52.1877848678213,0.491735304724126,83.39,6,21779.8358358126,2,0.0057572915976509,9501,Minor_Damage_And_Injuries
7740,60.4566210045662,7,9,87.6481312670921,0.239661738189686,81.38,6,26215.0186448036,3,0.0067880151618543,12497,Significant_Damage_And_Serious_Injuries
8440,45.0228310502283,15,3,57.7028258887876,0.482359177785791,85.24,2,28957.808823458,3,0.392272811672583,2060,Minor_Damage_And_Injuries
2025,61.5068493150685,10,12,56.6545123062899,0.586939055174901,82.2,2,37581.5714856955,4,0.506953609449847,11375,Highly_Fatal_And_Damaging
9627,40.0913242009132,10,18,65.587967183227,0.417447529751172,82.06,3,37657.6872093112,2,0.187105192249461,8194,Highly_Fatal_And_Damaging
9063,47.4885844748858,14,4,85.1868732907931,0.279690587811035,82.28,3,38768.3708037408,3,0.193090443884492,6991,Minor_Damage_And_Injuries
9976,49.2694063926941,14,6,64.3573381950775,0.409874504147133,77.78,5,12660.9802816625,1,0.008688779793649,2180,Minor_Damage_And_Injuries
7916,32.4200913242009,12,10,67.3655423883318,0.298803461954562,78.21,4,23787.7963047131,1,0.0435688687075891,6757,Highly_Fatal_And_Damaging
1444,33.6073059360731,18,12,56.7000911577028,0.293033537684818,80.54,3,27850.9170757979,2,0.138981059396441,7431,Highly_Fatal_And_Damaging
9121,49.6803652968036,7,3,70.464904284412,0.258413992066354,79.31,4,37266.7647637815,3,0.0688120785579381,391,Highly_Fatal_And_Damaging
4913,45.0684931506849,15,1,60.6198723792161,0.510848178867652,77.78,5,24084.887315452,1,0.014990810229226,3944,Minor_Damage_And_Injuries
1939,42.1004566210046,16,15,65.587967183227,0.426102416155788,75.27,2,61815.4982895265,0,0.746908740126634,4747,Minor_Damage_And_Injuries
8737,38.0365296803653,13,5,40.2917046490429,0.518421204471691,77.91,6,26015.962941191,2,0.0069463924865017,10084,Minor_Damage_And_Injuries
5950,33.5616438356164,15,6,55.4238833181404,0.317195095564371,79.73,6,24858.0729137173,2,0.0060668665949771,8257,Minor_Damage_And_Injuries
2221,45.4794520547945,11,2,59.4804010938925,0.340274792643346,80.66,6,35902.3547465078,3,0.008579149820314,4114,Significant_Damage_And_Serious_Injuries
7759,9.49771689497717,18,19,75.6608933454877,0.394367832672196,79.82,1,26991.8380389602,0,1.00860793316672,6789,Highly_Fatal_And_Damaging
7120,48.9497716894977,14,2,72.0145852324522,0.315752614496934,76.87,5,29454.4715561768,2,0.0199277151957828,11202,Minor_Damage_And_Injuries
8582,49.6803652968036,7,0,73.746581586144,0.357945185719437,78.27,4,44040.9929536786,1,0.0803192879709049,3558,Highly_Fatal_And_Damaging
1478,52.9680365296804,12,15,60.0273473108478,0.335947349441038,81.01,2,32215.0676113939,2,0.436765191481662,1694,Minor_Damage_And_Injuries
8721,16.1187214611872,17,3,51.5952597994531,0.524191128741435,75.21,4,24455.0851973201,1,0.0445660106164211,244,Significant_Damage_And_Fatalities
4811,18.7214611872146,19,12,66.4995442114859,0.42177497295348,78.49,1,40347.886658032,1,1.50398754286448,3551,Significant_Damage_And_Serious_Injuries
3249,69.5433789954338,8,37,45.897903372835,0.785640822214209,79.66,7,35730.4510938833,2,0.0030193846603351,9367,Significant_Damage_And_Serious_Injuries
6747,65.4337899543379,9,7,49.5897903372835,0.52599423007573,79.92,7,47232.0210882522,2,0.0042971745609235,8974,Significant_Damage_And_Serious_Injuries
7009,38.4474885844749,17,9,59.9817684594348,0.283657410746484,79.23,2,36657.8455729123,2,0.488383082664174,9525,Minor_Damage_And_Injuries
7729,50.2739726027397,17,0,43.0720145852325,0.438724125495853,79.56,7,23304.6623368483,3,0.0024333840498698,6270,Significant_Damage_And_Serious_Injuries
7690,38.310502283105,13,3,74.9772105742936,0.249759105661738,78.65,3,45645.0096876542,0,0.227253121797105,6430,Significant_Damage_And_Serious_Injuries
8961,52.9223744292237,9,3,79.7174111212398,0.305294626758024,80.78,3,26266.3679590952,3,0.130685044919669,9141,Significant_Damage_And_Serious_Injuries
1897,47.2146118721461,11,12,71.7411121239745,0.496423368193292,78.67,6,32803.7517033394,1,0.0078701384699587,3528,Significant_Damage_And_Serious_Injuries
4644,40.7305936073059,9,5,89.1066545123063,0.275363144608727,81.53,1,26572.9666742821,1,0.972402662659163,3961,Highly_Fatal_And_Damaging
4473,72.3287671232876,10,2,64.4029170464904,0.219827623512441,78.96,7,28153.6835624095,3,0.0028348289195135,6408,Significant_Damage_And_Fatalities
434,20.3196347031963,15,1,85.5515041020967,0.248316624594302,81.2,4,33695.3450225306,1,0.0613496539215015,1684,Highly_Fatal_And_Damaging
6125,59.1324200913242,11,3,71.285323609845,0.19494482509917,77.96,5,32944.3336789672,2,0.0218634673868009,5540,Minor_Damage_And_Injuries
9054,46.1187214611872,15,3,70.6472196900638,0.307458348359178,79.09,2,30451.5660126614,1,0.411684928045418,8346,Minor_Damage_And_Injuries
85,62.5114155251141,13,0,49.0428441203282,0.543664623151821,78.46,7,15180.0317902949,1,0.0010359524358996,1159,Significant_Damage_And_Serious_Injuries
212,23.013698630137,14,7,43.8012762078396,0.45387017670393,78.69,6,37082.0044165987,1,0.0087401137286014,1715,Significant_Damage_And_Fatalities
1861,78.675799086758,8,13,75.8432087511395,0.24543166245943,76.87,7,36485.4300529179,1,0.003266238390268,4197,Significant_Damage_And_Fatalities
2705,35.7990867579909,14,10,62.9443938012762,0.379582401730977,81.02,3,43575.4601071291,1,0.215610803030912,6703,Significant_Damage_And_Serious_Injuries
6837,65.662100456621,12,0,86.5998176845944,0.272117562206996,82.4,5,36027.8612723001,0,0.0251101485805745,10862,Significant_Damage_And_Fatalities
7447,14.4748858447489,17,5,51.1850501367366,0.581529751172016,79.35,7,22436.804795914,1,0.0020680280176254,7816,Significant_Damage_And_Fatalities
8079,36.1643835616438,11,3,77.9854147675479,0.250840966462315,77.34,2,26430.500959507,1,0.35682265469168,5825,Highly_Fatal_And_Damaging
9540,36.027397260274,14,2,67.0009115770283,0.430429859358096,78.15,3,32338.0632594334,2,0.159761620379677,10350,Significant_Damage_And_Serious_Injuries
4447,33.6529680365297,12,9,59.9817684594348,0.358305805986296,84.14,3,33553.4782836866,0,0.168173042884736,8777,Highly_Fatal_And_Damaging
5965,16.1187214611872,17,5,59.9817684594348,0.330538045438154,77.75,4,34800.646575157,2,0.0637535413269475,10993,Highly_Fatal_And_Damaging
127,17.7168949771689,16,1,54.9680948040109,0.471540569780022,76.78,4,36683.4599205663,1,0.0677018072057364,2325,Significant_Damage_And_Fatalities
2783,42.9680365296804,15,0,72.7438468550593,0.233531193653083,76.93,4,41709.0152758443,2,0.0757777229810722,11274,Minor_Damage_And_Injuries
5236,61.6438356164383,10,0,87.693710118505,0.217663901911287,79.94,2,26920.0371752431,1,0.366224285097702,9951,Minor_Damage_And_Injuries
2469,34.6575342465753,11,5,74.7493163172288,0.300606563288856,77.69,1,30077.4161879637,1,1.10131814762192,4987,Highly_Fatal_And_Damaging
5010,47.8995433789954,11,0,74.8860528714676,0.325489361702128,82.19,5,37628.4658293457,0,0.024495461619962,1004,Significant_Damage_And_Serious_Injuries
3511,33.3333333333333,15,2,63.9015496809481,0.502553912729895,79.46,2,27448.2763828229,1,0.374260049523089,4526,Significant_Damage_And_Serious_Injuries
6834,28.9041095890411,13,7,52.7803099361896,0.304573386224305,78.96,3,19484.2436106125,2,0.0955874383678995,8845,Highly_Fatal_And_Damaging
1199,20.5479452054795,15,32,59.845031905196,0.269953840605842,82.99,4,24854.1018365485,4,0.0452453456509353,4905,Highly_Fatal_And_Damaging
8874,50.1369863013699,13,25,68.5961713764813,0.37489433826181,88.27,2,28208.2593702175,2,0.381164849621306,5131,Minor_Damage_And_Injuries
4095,55.2511415525114,12,8,48.7237921604376,0.508684457266498,77.93,3,44516.6297345178,1,0.219711212455005,10352,Highly_Fatal_And_Damaging
130,41.7351598173516,16,5,66.4995442114859,0.465770645510278,76.2,2,32060.6340734313,3,0.43265129710754,7000,Minor_Damage_And_Injuries
9718,12.6940639269406,18,13,53.6918869644485,0.498587089794446,83.9,1,29536.6428318262,1,1.08896280542045,4401,Significant_Damage_And_Fatalities
2555,38.8584474885845,17,12,53.6463081130356,0.293033537684818,81.44,2,23192.1558746436,1,0.309756512735612,10151,Highly_Fatal_And_Damaging
3994,50.365296803653,13,11,77.1649954421149,0.23461305445366,80.61,2,40666.4707114104,2,0.550538133768456,6659,Minor_Damage_And_Injuries