,Safety_Score,Days_Since_Inspection,Total_Safety_Complaints,Control_Metric,Turbulence_In_gforces,Cabin_Temperature,Accident_Type_Code,Max_Elevation,Violations,Adverse_Weather_Metric,Accident_ID,Severity
5368,36.5753424657534,14,3,75.7520510483136,0.333062387306166,81.26,1,27752.8670889775,3,1.01036207837383,7638,Significant_Damage_And_Serious_Injuries
8294,52.7397260273972,13,7,54.147675478578,0.390761630003606,80.5,5,6740.55705429001,1,0.0085309014094308,6389,Highly_Fatal_And_Damaging
326,50.9132420091324,10,1,39.8814949863264,0.485965380454381,78.03,6,32785.6459081019,2,0.0076540889104145,11283,Minor_Damage_And_Injuries
3478,70.0,11,3,53.7374658158614,0.496423368193292,83.27,7,26661.0134029026,3,0.0023028434699837,4368,Significant_Damage_And_Serious_Injuries
3345,59.5433789954338,14,2,72.4247948951687,0.386434186801298,76.79,7,23744.0693140378,2,0.0022390883700284,6917,Significant_Damage_And_Fatalities
3531,62.5114155251141,6,5,73.0173199635369,0.341717273710782,82.19,3,42230.9202409014,0,0.209524889907619,10056,Significant_Damage_And_Serious_Injuries
8348,29.7260273972603,13,21,55.6517775752051,0.513011900468806,78.63,1,31195.5813468511,3,1.14117623817193,12373,Significant_Damage_And_Fatalities
1274,39.8173515981735,17,0,59.1613491340018,0.484522899386945,81.42,5,21701.2101990973,2,0.0145494650084558,7786,Minor_Damage_And_Injuries
1673,63.8812785388128,13,7,78.6235186873291,0.311064551027768,79.09,7,32690.6257735184,1,0.0032147936816056,12155,Significant_Damage_And_Fatalities
5817,21.8721461187215,15,19,45.5332725615314,0.401219617742517,76.48,4,29722.8399085569,1,0.055051130714473,291,Significant_Damage_And_Fatalities
3448,28.7214611872146,13,1,62.6709206927985,0.443772809231878,82.72,1,24605.471319083,1,0.894409699247168,3524,Highly_Fatal_And_Damaging
3421,13.7442922374429,17,3,71.6043755697357,0.290148575549946,75.55,4,27801.6840675044,2,0.0508812298099397,8140,Highly_Fatal_And_Damaging
4743,30.7762557077626,12,1,57.2926162260711,0.49353840605842,77.75,1,29601.0780584221,1,1.08279062206135,5233,Highly_Fatal_And_Damaging
9610,62.0547945205479,13,13,85.5970829535096,0.292672917417959,79.18,7,36737.2575783467,4,0.0032123630149128,7331,Significant_Damage_And_Fatalities
9572,21.5981735159817,15,13,74.7493163172288,0.424299314821493,89.19,3,47592.316643138,3,0.23646452524774,344,Highly_Fatal_And_Damaging
3717,28.9497716894977,13,8,69.5989061075661,0.350011539848539,86.57,4,11036.8282024665,2,0.0193619574602432,5654,Highly_Fatal_And_Damaging
736,45.8904109589041,18,13,50.0911577028259,0.75246375766318,79.51,7,34371.8627634336,2,0.0030754991689989,4865,Significant_Damage_And_Serious_Injuries
2443,65.7990867579909,9,18,65.2689152233364,0.360830147854309,77.99,2,42303.4059989138,0,0.572514343273642,5981,Minor_Damage_And_Injuries
1425,34.703196347032,11,19,61.6681859617138,0.523469888207717,75.98,5,31702.3296639883,0,0.0222726152360583,11620,Highly_Fatal_And_Damaging
8125,40.6392694063927,9,6,46.0802187784868,0.408071402812838,78.06,2,26365.8261288618,4,0.357094606519919,8510,Significant_Damage_And_Fatalities
7229,42.9680365296804,9,24,99.9544211485871,0.370927515326361,79.22,4,36313.3505407666,1,0.0657328863038229,335,Highly_Fatal_And_Damaging
4867,33.013698630137,18,7,56.9279854147676,0.231728092318788,80.54,1,26930.3762347395,1,0.993891141184969,5545,Minor_Damage_And_Injuries
6654,31.9634703196347,15,3,63.7192342752963,0.335947349441038,82.1,2,44363.1891191291,2,0.598166042993753,2744,Significant_Damage_And_Serious_Injuries
1813,54.1095890410959,12,6,75.2506836827712,0.288345474215651,79.47,2,35348.599583819,4,0.478778936314865,4238,Minor_Damage_And_Injuries
5459,52.6940639269406,6,15,42.9808568824066,0.578644789037144,79.61,1,31618.5684248395,1,1.15647808158358,8161,Significant_Damage_And_Fatalities
1610,35.9817351598173,11,6,54.876937101185,0.478392354850342,81.05,1,30513.4373016453,3,1.12357269184968,5228,Significant_Damage_And_Fatalities
8145,40.3196347031963,13,15,77.9398359161349,0.249759105661738,79.12,6,23807.8541787822,1,0.0062344708462644,405,Significant_Damage_And_Serious_Injuries
6730,2.73972602739726,20,0,77.3473108477666,0.238940497655968,79.01,5,26233.4523381533,3,0.0165265950657187,11531,Highly_Fatal_And_Damaging
1886,98.4018264840183,5,13,88.4685505925251,0.168980165885323,77.95,7,43717.2844019346,2,0.0040020039185331,4243,Significant_Damage_And_Serious_Injuries
2058,27.1689497716895,13,1,64.0382862351869,0.339192931842769,77.56,4,24317.5614601505,1,0.0449289157473636,4242,Highly_Fatal_And_Damaging
1961,51.2328767123288,13,1,58.97903372835,0.340274792643346,79.27,2,57329.6806139297,2,0.780994745413651,6681,Minor_Damage_And_Injuries
7066,32.8310502283105,15,7,72.3336371923428,0.413480706815723,79.8,4,37664.9213225571,0,0.0679645047747395,3737,Significant_Damage_And_Serious_Injuries
3988,44.2922374429224,15,9,76.7092069279854,0.281854309412189,82.53,2,23412.7822849923,2,0.315570346061336,10891,Minor_Damage_And_Injuries
3993,58.0365296803653,11,6,68.915223336372,0.254086548864046,83.45,2,36790.5008094017,3,0.499470695720181,6388,Minor_Damage_And_Injuries
8688,76.3926940639269,9,9,69.9635369188697,0.33161990623873,78.28,6,12204.9766049494,1,0.0034184160117749,6814,Significant_Damage_And_Fatalities
7839,54.337899543379,12,2,78.6235186873291,0.313228272628922,80.53,5,39951.2140343375,4,0.025793731905657,1163,Minor_Damage_And_Injuries
5292,12.6940639269406,17,3,48.7693710118505,0.641753335737468,83.81,3,36350.8751542663,2,0.18156561790013,10308,Significant_Damage_And_Fatalities
9474,52.9680365296804,9,16,78.0765724703738,0.333062387306166,78.43,3,25205.9894405904,2,0.125860334909236,2512,Significant_Damage_And_Serious_Injuries
8835,31.3698630136986,12,3,55.3783044667274,0.321883159033537,88.62,1,30162.7965041591,2,1.1096272722118,8264,Significant_Damage_And_Fatalities
11,48.1278538812785,11,2,62.8076572470374,0.329095564370718,77.8,3,22570.0303979771,4,0.111873408309966,8946,Significant_Damage_And_Serious_Injuries
1241,36.8949771689498,14,5,57.8851412944394,0.350372160115398,84.82,1,49722.5743419767,2,1.81855821625422,70,Significant_Damage_And_Serious_Injuries
8349,28.9041095890411,13,0,44.8951686417502,0.623001081860801,77.08,6,31432.1242314197,0,0.0078444446572186,6213,Significant_Damage_And_Fatalities
2655,53.2420091324201,16,4,46.2625341841386,0.606412549585286,76.79,4,31812.0039865495,1,0.0585884246430177,9957,Highly_Fatal_And_Damaging
4267,44.4292237442922,12,20,51.7775752051048,0.510848178867652,77.9,6,47882.5666610854,2,0.0114943524785138,7521,Minor_Damage_And_Injuries
3457,29.7260273972603,12,4,79.535095715588,0.267429498737829,77.0,6,31758.9281763219,3,0.0081169604188765,961,Highly_Fatal_And_Damaging
9207,60.1826484018265,14,20,54.4211485870556,0.48993220338983,79.35,7,34472.083799485,1,0.0031434471531834,2591,Significant_Damage_And_Serious_Injuries
3918,45.3424657534247,15,5,89.5168641750228,0.17330760908763,78.5,4,30792.6950346444,4,0.0575081967404916,3050,Minor_Damage_And_Injuries
4254,41.324200913242,13,6,62.2607110300821,0.437281644428417,77.1,6,20637.7837001384,2,0.0052692571860081,10099,Significant_Damage_And_Serious_Injuries
2244,58.0821917808219,11,2,52.4156791248861,0.313228272628922,77.4,2,32053.6698420435,1,0.432315045915542,9375,Highly_Fatal_And_Damaging
1147,41.5525114155251,16,4,84.1385597082954,0.192781103498016,79.98,2,38436.403499258,2,0.518441261968944,2734,Minor_Damage_And_Injuries
6413,27.8538812785388,13,3,61.2123974475843,0.416726289217454,75.94,1,31038.9017902922,0,1.15029899197345,552,Highly_Fatal_And_Damaging
1074,33.7442922374429,18,1,71.1485870556062,0.363715109989181,78.44,4,28154.2803480068,2,0.0515663632026278,7342,Minor_Damage_And_Injuries
4331,39.3607305936073,17,0,76.5724703737466,0.335226108907321,78.83,2,22106.5964598616,2,0.30011361651155,12393,Minor_Damage_And_Injuries
1632,38.2648401826484,17,0,76.5724703737466,0.215500180310133,76.8,5,21954.4716580689,2,0.0142168823219349,1228,Minor_Damage_And_Injuries
1454,36.1187214611872,11,3,79.6718322698268,0.284739271547061,81.21,3,33784.2260639489,1,0.16779486761915,8478,Highly_Fatal_And_Damaging
7374,57.0776255707762,8,11,54.0109389243391,0.381024882798413,75.78,7,30933.8277395381,3,0.0028193821835653,7874,Significant_Damage_And_Serious_Injuries
1077,29.1780821917808,20,3,66.2716499544212,0.504717634331049,83.16,6,16252.9008928241,1,0.0031625042767745,11049,Minor_Damage_And_Injuries
3686,2.73972602739726,21,8,60.9845031905196,0.303852145690588,81.15,4,39706.9339824623,4,0.0726437651961764,9483,Highly_Fatal_And_Damaging
6776,68.1278538812785,5,0,78.1221513217867,0.343880995311936,78.64,4,26248.7929504245,0,0.0484091511222673,7689,Highly_Fatal_And_Damaging
4093,39.4063926940639,10,8,53.9197812215132,0.551598269022719,80.02,1,21865.1119571099,3,0.80163630121652,2564,Significant_Damage_And_Fatalities
9056,23.4703196347032,14,0,76.8915223336372,0.284378651280202,80.64,4,17735.214441938,1,0.0320057521178953,12280,Highly_Fatal_And_Damaging
2169,48.675799086758,7,8,86.0072926162261,0.270314460872701,81.28,1,26663.9608352054,2,0.984261737000859,8051,Highly_Fatal_And_Damaging
5986,40.0913242009132,10,0,72.1969006381039,0.282214929679048,78.69,4,23420.2099065194,2,0.0434693964976293,6756,Highly_Fatal_And_Damaging
4219,60.5479452054795,14,3,70.4193254329991,0.368042553191489,76.19,7,36343.4164886713,2,0.0031737566231128,143,Significant_Damage_And_Fatalities
7718,40.8219178082192,13,0,64.2206016408387,0.273560043274432,83.82,6,33355.8640395299,2,0.0088051895081175,9348,Significant_Damage_And_Serious_Injuries
8987,17.8995433789954,16,4,77.3017319963537,0.261659574468085,77.29,7,26271.6146432469,3,0.0024336051771933,12088,Highly_Fatal_And_Damaging
6548,46.1187214611872,15,3,72.3336371923428,0.287624233681933,81.18,2,31603.8816790219,1,0.425813096340294,6624,Minor_Damage_And_Injuries
9851,45.296803652968,11,2,66.9097538742024,0.419971871619185,79.61,3,27486.6947438252,3,0.136461853886764,7037,Significant_Damage_And_Serious_Injuries
8942,73.4246575342466,6,2,68.2771194165907,0.359027046520014,77.09,4,36105.9642626058,3,0.0665789502615001,238,Minor_Damage_And_Injuries
170,30.1369863013699,12,0,52.2333637192343,0.785640822214209,81.13,1,37945.7802513522,3,1.39011858032607,1447,Significant_Damage_And_Fatalities
5567,27.4885844748858,17,5,85.6882406563355,0.333062387306166,81.11,6,40645.7172863603,0,0.0095140991726005,2093,Significant_Damage_And_Serious_Injuries
5642,45.1141552511415,11,2,75.8432087511395,0.293394157951677,84.62,3,36269.6801583076,1,0.179620581115222,3883,Significant_Damage_And_Serious_Injuries
3830,28.9497716894977,20,8,56.8368277119417,0.303491525423729,78.84,2,23734.7847192605,2,0.321668685211402,3064,Highly_Fatal_And_Damaging
8205,4.93150684931507,20,1,76.0255241567913,0.309622069960331,76.44,4,31531.7961960508,2,0.0568993839144786,1433,Highly_Fatal_And_Damaging
5806,36.7579908675799,10,2,53.2360984503191,0.621197980526505,79.53,7,27654.8299109068,0,0.0024336051771933,3010,Significant_Damage_And_Fatalities
3245,49.0867579908676,14,4,72.151321786691,0.380303642264695,78.62,6,30270.4531606249,2,0.007428355588859,3798,Minor_Damage_And_Injuries
6558,57.6712328767123,11,1,91.3855970829535,0.211533357374684,81.83,5,34989.0604058683,2,0.0230233855883476,3228,Minor_Damage_And_Injuries
6571,52.7397260273972,13,3,63.9927073837739,0.302770284890011,84.8,2,39157.2593815732,2,0.527487410542601,4736,Minor_Damage_And_Injuries
3756,43.2420091324201,19,12,75.38742023701,0.333062387306166,79.81,7,31856.3033820759,2,0.0026590878329885,11703,Significant_Damage_And_Fatalities
6626,32.6940639269406,12,2,50.8659981768459,0.534288496213487,81.05,1,31571.3496204891,1,1.1631821282771,8839,Significant_Damage_And_Fatalities
4556,49.7260273972603,7,5,61.3035551504102,0.426102416155788,88.78,5,29247.4908093916,1,0.0199263679642517,5324,Highly_Fatal_And_Damaging
6178,37.4429223744292,17,15,69.5989061075661,0.333423007573026,76.33,2,26900.7028554629,2,0.365529248280753,7423,Minor_Damage_And_Injuries
3362,47.4885844748858,7,6,61.6226071103008,0.485244139920663,77.62,4,52779.5020043222,4,0.0966766638812981,4117,Highly_Fatal_And_Damaging
5346,50.4109589041096,13,54,72.8350045578852,0.319719437432383,80.84,2,44036.8146613431,3,0.592421266424541,551,Minor_Damage_And_Injuries
3989,27.945205479452,17,1,57.2470373746582,0.441609087630725,76.58,7,32243.5526097867,2,0.0031012183932532,2595,Significant_Damage_And_Serious_Injuries
1021,49.3607305936073,14,5,90.154968094804,0.255168409664623,79.79,2,33941.903054487,3,0.460234936518916,10043,Minor_Damage_And_Injuries
3858,37.3059360730594,10,2,57.8395624430264,0.333423007573026,80.37,4,30242.2066870522,1,0.0555626545336938,10887,Highly_Fatal_And_Damaging
7866,13.1050228310502,18,13,50.1367365542388,0.482719798052651,77.5,7,22795.7118759796,2,0.0016548362893203,5124,Significant_Damage_And_Fatalities
3638,41.8264840182648,13,4,74.5214220601641,0.58729967544176,85.1,3,19446.333912103,1,0.0970591864698041,5861,Significant_Damage_And_Serious_Injuries
9155,44.5662100456621,12,6,67.18322698268,0.383549224666426,81.27,3,32060.3364189763,4,0.160821287549669,1669,Significant_Damage_And_Serious_Injuries
1182,73.1050228310502,9,2,56.7000911577028,0.542582762351244,86.47,7,26493.6569248442,2,0.0023244458703826,10286,Significant_Damage_And_Serious_Injuries
5241,72.9680365296803,7,5,47.4020054694622,0.487768481788677,79.26,2,45903.4682004767,1,0.627545993999708,3320,Highly_Fatal_And_Damaging
3576,38.5844748858447,13,11,62.0783956244303,0.439445366029571,81.43,6,42190.154354331,3,0.0092927954481451,9402,Significant_Damage_And_Serious_Injuries
5867,28.9041095890411,13,1,66.1349134001823,0.438363505228994,80.62,1,29021.2749490607,2,1.06635953548775,8280,Highly_Fatal_And_Damaging
7723,52.5570776255708,13,5,58.7055606198724,0.377058059862964,80.07,2,50738.4335410912,2,0.691152160528896,9867,Minor_Damage_And_Injuries
1491,23.9269406392694,14,16,69.644484958979,0.302409664623152,84.36,2,28793.1686940315,3,0.389545009608015,7171,Highly_Fatal_And_Damaging
7901,41.689497716895,16,4,87.1011850501367,0.346405337179949,77.13,2,40744.7030223456,3,0.549198026049296,5713,Minor_Damage_And_Injuries
1714,47.1689497716895,11,7,69.9179580674567,0.349290299314821,79.4,3,32679.287055112,0,0.16129916257788,3171,Significant_Damage_And_Serious_Injuries
5602,34.4748858447488,11,11,73.1996353691887,0.334504868373603,77.94,4,30349.9564226895,1,0.0557625104986608,5420,Highly_Fatal_And_Damaging
6724,42.1004566210046,19,0,76.5724703737466,0.281854309412189,76.17,2,42688.6369208672,3,0.576831072177098,7861,Significant_Damage_And_Fatalities
410,59.5890410958904,11,9,81.3582497721058,0.234252434186801,81.54,7,38680.8094474873,3,0.0035994803487155,11133,Minor_Damage_And_Injuries
4539,29.9543378995434,13,11,53.7830446672744,0.405186440677966,78.62,1,27865.4680761156,2,1.01036207837383,12494,Significant_Damage_And_Fatalities
3236,47.9908675799087,14,0,47.7210574293528,0.634901550667147,78.37,1,41504.7738978047,3,1.52687530274715,3788,Highly_Fatal_And_Damaging
5195,47.9908675799087,7,6,82.9535095715588,0.484522899386945,78.47,1,21595.6871451792,3,0.788798022717649,7062,Highly_Fatal_And_Damaging
6612,36.62100456621,10,10,65.4056517775752,0.578644789037144,82.41,4,25615.582228896,2,0.0469165754029135,5144,Highly_Fatal_And_Damaging
2313,20.5479452054795,15,5,81.3582497721058,0.201075369635773,77.1,6,35236.6318842485,2,0.0085059711833998,6160,Highly_Fatal_And_Damaging
5202,26.2100456621005,14,2,63.1722880583409,0.482359177785791,82.17,1,28921.5486997521,4,1.06635953548775,8697,Highly_Fatal_And_Damaging
9030,61.324200913242,10,13,79.3072014585233,0.31034331049405,77.36,2,34174.5816059994,2,0.46436065937594,7281,Minor_Damage_And_Injuries
1178,38.5844748858447,13,9,61.6681859617138,0.37128813559322,80.53,3,32874.2637561158,1,0.163023626452417,11746,Significant_Damage_And_Serious_Injuries
9862,55.7077625570776,12,23,58.0674567000912,0.438002884962135,85.24,2,37215.0757155478,3,0.505377819866193,7525,Minor_Damage_And_Injuries
2756,45.7990867579909,11,4,71.7866909753874,0.340274792643346,83.12,6,35902.3547465078,1,0.0088051895081175,2952,Significant_Damage_And_Serious_Injuries
7230,57.6712328767123,11,11,77.073837739289,0.189535521096285,77.91,7,33256.4668152374,0,0.0033320075224914,8219,Minor_Damage_And_Injuries
5239,20.5479452054795,15,2,86.6453965360073,0.319358817165525,78.03,6,25111.1749048795,3,0.0061191635095294,1799,Highly_Fatal_And_Damaging
6818,33.1963470319635,15,2,63.9015496809481,0.368403173458348,79.8,6,37550.3987735086,0,0.0095253989393512,3902,Significant_Damage_And_Serious_Injuries
3502,45.5251141552511,11,35,55.7885141294439,0.438002884962135,81.89,6,21422.786802028,4,0.0052028898133687,2089,Minor_Damage_And_Injuries
7651,55.1141552511415,12,2,78.7602552415679,0.390761630003606,78.0,2,9065.40417066948,3,0.116198848524886,1427,Minor_Damage_And_Injuries
9245,12.9680365296804,18,3,66.4995442114859,0.268150739271547,80.74,6,28793.9160187024,2,0.007428355588859,11567,Highly_Fatal_And_Damaging
5751,46.1187214611872,18,1,56.8824065633546,0.34604471691309,81.06,4,25229.7819974548,4,0.0453323988881035,5137,Significant_Damage_And_Fatalities
474,24.703196347032,18,3,56.8368277119417,0.231728092318788,80.78,1,24858.0729137173,1,0.928940177563604,10039,Minor_Damage_And_Injuries
2422,40.2283105022831,13,0,61.8960802187785,0.456033898305084,79.33,7,33373.0269272214,2,0.0029971612037022,10081,Significant_Damage_And_Serious_Injuries
6703,36.8493150684931,17,7,80.4010938924339,0.243628561125135,75.69,2,36467.4242409076,2,0.488446051686494,2130,Minor_Damage_And_Injuries
6754,21.8721461187215,15,13,53.8742023701003,0.362633249188604,79.11,4,23487.7294956704,4,0.0434693964976293,12179,Significant_Damage_And_Fatalities
3064,43.4246575342466,12,11,58.5232452142206,0.511208799134511,78.86,6,43319.3836375384,3,0.0111252879892656,11896,Significant_Damage_And_Serious_Injuries
2658,30.4109589041096,12,6,74.9316317228806,0.282936170212766,79.68,3,40645.2943744561,1,0.202521398591503,3288,Highly_Fatal_And_Damaging
1786,29.5433789954338,20,12,63.9015496809481,0.409874504147133,81.8,5,42726.9586994413,3,0.0282456403562167,360,Minor_Damage_And_Injuries
7631,36.4383561643836,10,3,68.4138559708295,0.24543166245943,81.53,4,43568.4879176962,1,0.0804705844406809,2942,Highly_Fatal_And_Damaging
1956,31.1872146118721,19,9,74.1567912488605,0.275723764875586,79.88,7,32850.2820042211,3,0.003044113240825,2928,Minor_Damage_And_Injuries
479,68.2648401826484,8,2,67.0464904284412,0.302770284890011,81.49,2,23998.3048588661,1,0.32809530982753,9874,Minor_Damage_And_Injuries
8996,44.5662100456621,8,3,52.8258887876026,0.410235124413992,77.25,2,26687.6997953238,2,0.360857469184247,5258,Significant_Damage_And_Fatalities
2615,34.8401826484018,14,13,62.0783956244303,0.490292823656689,81.02,1,29601.0780584221,2,1.0902659809403,2230,Significant_Damage_And_Serious_Injuries
6034,36.62100456621,10,0,73.746581586144,0.291230436350523,82.2,7,23788.1610053046,1,0.0021852795760138,7475,Highly_Fatal_And_Damaging
4844,17.351598173516,20,7,67.0920692798541,0.469737468445727,82.91,2,31302.3851194615,1,0.423471023989516,8872,Significant_Damage_And_Serious_Injuries
2823,47.5342465753425,18,0,57.7484047402006,0.282214929679048,85.9,2,32108.8944544788,2,0.433461888131798,2102,Significant_Damage_And_Fatalities
9294,5.20547945205479,19,6,69.644484958979,0.38210674359899,82.91,6,37011.9975236405,2,0.0086686649372536,5812,Highly_Fatal_And_Damaging
8093,46.027397260274,8,8,66.2260711030082,0.572514244500541,79.0,1,29433.3007197522,2,1.08869848224258,3838,Highly_Fatal_And_Damaging
5824,24.7945205479452,14,12,47.538742023701,0.511930039668229,77.16,4,10313.8777973577,3,0.0072733127833943,9091,Significant_Damage_And_Fatalities
8598,51.3698630136986,16,0,82.9535095715588,0.215500180310133,77.38,2,27803.3130271355,4,0.378611274088549,2156,Significant_Damage_And_Fatalities
9733,42.5114155251142,16,0,84.6855059252507,0.334504868373603,77.13,1,23171.5450883006,3,0.849289067426471,5396,Minor_Damage_And_Injuries
5063,44.4292237442922,8,2,62.5797629899727,0.423578074287775,79.42,4,37353.2152049364,2,0.068210006095578,7032,Highly_Fatal_And_Damaging
6416,23.9269406392694,14,1,89.9726526891523,0.297000360620267,81.94,4,27179.0519600046,2,0.0499952747001813,1825,Highly_Fatal_And_Damaging
2411,21.2328767123288,15,3,71.0118505013674,0.28870609448251,75.84,4,29472.800453223,4,0.0531635622842917,6795,Highly_Fatal_And_Damaging
5737,22.6027397260274,15,9,33.9562443026436,0.499308330328164,81.82,1,20124.3050610838,5,0.750477041789785,3008,Significant_Damage_And_Fatalities
1083,33.013698630137,12,7,57.0191431175934,0.579366029570862,78.22,7,29365.0114975677,2,0.0027663663365077,2352,Significant_Damage_And_Fatalities
7764,18.3561643835616,20,3,59.9817684594348,0.46829498737829,79.45,3,16252.9008928241,0,0.0802203986001877,3286,Significant_Damage_And_Serious_Injuries
2894,32.1461187214612,12,0,49.5442114858706,0.498947710061305,77.66,1,24135.4433661131,0,0.905184703862421,8337,Significant_Damage_And_Fatalities
9461,50.1826484018265,13,0,73.4275296262534,0.463246303642264,86.58,2,24761.2566336851,3,0.334366415234988,11773,Minor_Damage_And_Injuries
260,30.0,16,3,42.5706472196901,0.497505228993869,80.82,7,33289.1776385925,1,0.0033269313762775,3991,Minor_Damage_And_Injuries
1561,70.5022831050228,7,30,67.0464904284412,0.557368193292463,83.13,5,28354.1216769969,0,0.0186972981750902,910,Minor_Damage_And_Injuries
1988,49.0867579908676,10,10,81.7228805834093,0.474786152181753,78.31,6,38151.5060215647,2,0.0098557091080722,11752,Significant_Damage_And_Serious_Injuries
2031,18.9497716894977,16,3,75.4785779398359,0.22379444644789,80.78,3,30206.1645673772,1,0.15193198627823,1916,Highly_Fatal_And_Damaging
2381,57.6712328767123,11,0,83.9106654512306,0.242907320591417,80.02,1,26920.0371752431,1,0.993891141184969,3325,Minor_Damage_And_Injuries
6862,46.5753424657534,11,1,75.2962625341842,0.183044356292824,82.7,3,40532.7854398732,1,0.202363110539689,465,Significant_Damage_And_Serious_Injuries
4988,0.913242009132421,21,14,62.0328167730173,0.401219617742517,84.92,2,39366.3183285366,0,0.533890828441657,9656,Highly_Fatal_And_Damaging
6742,67.1232876712329,12,15,74.0200546946217,0.185208077893978,79.63,7,22336.4072040184,1,0.001685867971,7010,Significant_Damage_And_Fatalities
6441,50.4109589041096,13,6,69.5533272561531,0.438002884962135,78.22,3,20186.4970862225,2,0.0983522686654718,10153,Minor_Damage_And_Injuries
7046,60.1369863013699,7,20,61.0300820419326,0.353617742517129,84.03,1,34780.4818508316,2,1.28056792439571,10534,Significant_Damage_And_Serious_Injuries
9297,38.4474885844749,17,9,59.9817684594348,0.308540209159754,78.49,1,46987.9302589798,3,1.74715565083698,12192,Minor_Damage_And_Injuries
5529,30.7762557077626,12,5,79.0337283500456,0.32116191849982,80.24,2,34640.5468695966,1,0.466761643147862,10827,Highly_Fatal_And_Damaging
4381,44.8401826484018,8,2,88.2406563354604,0.174750090155067,81.82,1,26663.9608352054,3,0.987286044625869,1171,Highly_Fatal_And_Damaging
1166,48.6301369863014,17,1,62.5341841385597,0.339914172376487,81.92,5,43672.6180130857,2,0.0303240089034753,2837,Significant_Damage_And_Fatalities
9202,71.324200913242,7,1,62.0783956244303,0.496423368193292,77.36,5,26936.0955432909,2,0.0184283725792126,2470,Highly_Fatal_And_Damaging
7442,50.0456621004566,17,0,52.7803099361896,0.22379444644789,81.61,6,23701.007581183,3,0.0063751423047172,8569,Significant_Damage_And_Fatalities
8912,32.4200913242009,12,8,60.5742935278031,0.40735016227912,78.2,4,51330.7281929059,2,0.0958258956683562,2526,Highly_Fatal_And_Damaging
9989,20.8675799086758,19,0,37.8304466727438,0.571432383699964,79.03,3,19797.3217899341,2,0.0989186225161352,3380,Minor_Damage_And_Injuries
2929,54.6575342465753,9,7,88.4685505925251,0.40374395961053,80.75,2,45300.0270165971,1,0.619279392671491,12266,Significant_Damage_And_Serious_Injuries
3911,71.6438356164383,11,17,84.8678213309025,0.168980165885323,81.1,7,28435.8037087524,3,0.0028271907342296,3536,Significant_Damage_And_Fatalities
989,53.7899543378995,12,17,51.686417502279,0.492456545257843,77.62,7,39722.0683812798,3,0.0035461952531976,5520,Highly_Fatal_And_Damaging
6037,58.310502283105,11,1,54.9680948040109,0.508684457266498,75.98,2,42084.5562508718,1,0.568908460170474,5217,Highly_Fatal_And_Damaging
4365,44.9315068493151,15,0,80.8568824065634,0.358305805986296,80.14,4,38973.1647547029,2,0.0715707647756609,8373,Minor_Damage_And_Injuries
453,44.2009132420091,19,19,76.0255241567913,0.245792282726289,83.22,4,23048.7900757948,0,0.0423343749014067,2786,Significant_Damage_And_Fatalities
2916,27.2602739726027,20,3,71.2397447584321,0.446657771366751,79.58,7,40075.9286978829,1,0.0034397401542218,6460,Minor_Damage_And_Injuries
849,32.1917808219178,12,4,73.5186873290793,0.394728452939055,76.27,1,44739.9435207394,2,1.64589054204515,6059,Highly_Fatal_And_Damaging
3165,58.4474885844749,4,7,74.4302643573382,0.46865560764515,75.96,2,33309.9400006456,3,0.449741028719997,7006,Significant_Damage_And_Serious_Injuries
4170,42.5114155251142,12,4,76.0711030082042,0.293033537684818,83.38,6,34032.0959991224,1,0.009142216051072,8501,Significant_Damage_And_Serious_Injuries
3954,31.2328767123288,12,2,74.7493163172288,0.201796610169491,76.27,1,31531.7961960508,1,1.16290206831625,2544,Highly_Fatal_And_Damaging
6025,56.5296803652968,11,10,85.0501367365543,0.25985647313379,81.53,7,36027.8612723001,2,0.0033224399023627,2741,Minor_Damage_And_Injuries
8418,73.4246575342466,7,10,79.489516864175,0.289066714749369,78.01,2,29881.473065472,2,0.405867133723055,8591,Minor_Damage_And_Injuries
8919,22.6940639269406,18,13,65.9070191431176,0.282575549945907,76.79,6,24475.4867069302,1,0.0060888039470835,6116,Significant_Damage_And_Serious_Injuries
2743,46.6666666666667,7,18,69.3710118505014,0.462525063108547,75.88,1,22950.5810160187,1,0.844304691873286,10078,Highly_Fatal_And_Damaging
5852,54.2465753424657,5,5,55.6517775752051,0.634180310133429,81.09,3,32656.9970926707,3,0.16258386348284,7886,Significant_Damage_And_Serious_Injuries
1269,36.2557077625571,11,2,57.4293527803099,0.442690948431302,78.06,3,29407.4053655072,2,0.146834841957242,4683,Highly_Fatal_And_Damaging
8583,49.9086757990868,10,6,45.2142206016409,0.478392354850342,78.87,3,30035.7155455223,1,0.149678160752922,395,Minor_Damage_And_Injuries
5905,35.1141552511415,15,4,38.9699179580674,0.629852866931121,83.76,2,44821.4006674425,1,0.603019887158319,7248,Minor_Damage_And_Injuries
2251,53.6529680365297,9,4,45.3965360072927,0.63742589253516,77.41,7,30664.9684488475,2,0.0026900102736656,9828,Minor_Damage_And_Injuries
8007,49.6803652968036,7,0,80.355515041021,0.228843130183916,78.86,4,43912.8212802953,3,0.0806562395147276,2791,Highly_Fatal_And_Damaging
1532,61.7351598173516,10,2,57.2470373746582,0.4145625676163,80.19,5,27404.7071170152,4,0.0191724652793724,1885,Minor_Damage_And_Injuries