,Safety_Score,Days_Since_Inspection,Total_Safety_Complaints,Control_Metric,Turbulence_In_gforces,Cabin_Temperature,Accident_Type_Code,Max_Elevation,Violations,Adverse_Weather_Metric,Accident_ID,Severity
8383,34.4748858447488,11,8,65.9981768459435,0.399055896141363,75.8,2,12376.5613732312,2,0.159784287849187,5098,Highly_Fatal_And_Damaging
8199,46.8493150684931,14,3,50.820419325433,0.618313018391633,81.6,2,37572.3349371428,3,0.509526604628516,525,Highly_Fatal_And_Damaging
9609,43.0593607305936,8,24,99.9544211485871,0.372369996393797,90.65,7,42414.4038324728,1,0.0039172804260051,9781,Highly_Fatal_And_Damaging
7208,41.9178082191781,13,2,56.4721969006381,0.466491886043996,78.49,7,33289.1776385925,2,0.0033277485797254,9140,Minor_Damage_And_Injuries
7213,32.4657534246575,15,2,54.876937101185,0.442330328164443,75.04,7,24707.1969908956,3,0.0024008732129236,3191,Minor_Damage_And_Injuries
5025,45.4337899543379,15,31,79.0337283500456,0.40374395961053,78.47,2,19380.3444367151,2,0.256113629626921,9048,Minor_Damage_And_Injuries
6629,34.6575342465753,11,5,53.7374658158614,0.551598269022719,86.47,4,33871.586283706,3,0.0621158717936855,1594,Significant_Damage_And_Fatalities
4890,31.1415525114155,16,7,65.1321786690975,0.457115759105661,84.4,7,21270.9086507751,2,0.0019810719425106,4699,Significant_Damage_And_Serious_Injuries
8656,50.0456621004566,10,4,78.3044667274385,0.312146411828345,81.24,3,27827.8514266594,2,0.138546714150985,12101,Significant_Damage_And_Serious_Injuries
2173,49.3150684931507,14,2,81.9051959890611,0.158882798413271,81.83,1,17287.2556177208,2,0.664870453860243,4604,Minor_Damage_And_Injuries
2233,29.0867579908676,13,0,66.2260711030082,0.455673278038226,82.81,4,25836.4874397067,2,0.0475274351310079,6177,Highly_Fatal_And_Damaging
2006,41.0045662100457,9,12,46.0802187784868,0.610739992787594,81.42,4,45290.8837505859,1,0.082953147172737,8709,Significant_Damage_And_Fatalities
6064,42.9680365296804,15,9,65.1321786690975,0.330898665705012,78.24,2,43812.8657268761,1,0.590221750336164,8067,Minor_Damage_And_Injuries
4375,40.365296803653,13,9,54.9680948040109,0.303491525423729,77.92,3,36219.5213082148,2,0.179167188626676,9440,Minor_Damage_And_Injuries
5145,29.4977168949772,13,13,75.4785779398359,0.271035701406419,86.47,5,29518.3315276388,2,0.0207209616607708,7945,Highly_Fatal_And_Damaging
9634,39.4520547945205,17,6,66.4995442114859,0.394007212405337,76.92,4,22792.1740124056,2,0.0421404182107254,11809,Minor_Damage_And_Injuries
3951,37.2602739726027,14,2,58.9334548769371,0.444854670032455,78.85,7,42912.5244287391,1,0.0042971745609235,8166,Significant_Damage_And_Serious_Injuries
4637,26.4383561643836,17,1,92.616226071103,0.211172737107825,79.16,4,42790.3357609339,3,0.0783387334083711,1962,Significant_Damage_And_Serious_Injuries
8753,61.324200913242,10,2,65.3600729261623,0.578644789037144,80.98,7,25173.3281205107,2,0.0023540093308862,1361,Minor_Damage_And_Injuries
7112,56.62100456621,8,9,80.4922515952598,0.305294626758024,81.73,3,35986.6918258484,2,0.17903915907143,11044,Significant_Damage_And_Serious_Injuries
9119,75.296803652968,6,7,64.4940747493163,0.331980526505589,76.28,5,22484.6223323146,5,0.0154811954456512,9807,Minor_Damage_And_Injuries
2965,19.9086757990868,21,6,71.1030082041933,0.526354850342589,78.49,4,53455.0451129203,1,0.0961825861517461,10296,Minor_Damage_And_Injuries
4555,50.0,10,2,88.6508659981769,0.17330760908763,81.78,6,24292.3426083081,1,0.0060510874598754,4884,Significant_Damage_And_Serious_Injuries
2054,56.62100456621,8,5,85.6882406563355,0.158882798413271,80.16,6,35024.8216656218,2,0.0086107037487961,8972,Significant_Damage_And_Serious_Injuries
7697,35.1141552511415,14,2,71.8322698268004,0.363715109989181,78.15,3,37550.3987735086,2,0.187105192249461,2071,Significant_Damage_And_Serious_Injuries
9492,37.5799086757991,10,10,69.5989061075661,0.261659574468085,79.85,4,22468.653670065,3,0.0405516045635434,8175,Highly_Fatal_And_Damaging
4271,47.8995433789954,11,9,79.8997265268915,0.29555787955283,80.55,3,24906.0402387375,2,0.124336649713543,3038,Significant_Damage_And_Serious_Injuries
1993,29.634703196347,13,0,53.7830446672744,0.46865560764515,78.47,4,35828.5368182915,3,0.065586019703793,6662,Significant_Damage_And_Fatalities
4340,52.7397260273972,13,2,68.1403828623519,0.261659574468085,82.43,5,38087.8441285087,2,0.026380928931565,5301,Minor_Damage_And_Injuries
3826,54.2922374429224,12,1,45.6244302643574,0.414923187883159,86.42,6,26633.9636333134,2,0.0064913434049572,5801,Significant_Damage_And_Serious_Injuries
4416,21.2785388127854,15,17,74.7493163172288,0.412759466282005,81.15,2,33730.6363753111,1,0.453693975116104,10558,Highly_Fatal_And_Damaging
5287,63.6986301369863,13,10,51.1850501367366,0.54041904075009,81.85,5,39871.1860729164,3,0.026380928931565,1758,Significant_Damage_And_Serious_Injuries
8297,51.2328767123288,13,13,57.383773928897,0.281133068878471,77.89,5,37713.772281611,1,0.0251101485805745,3633,Minor_Damage_And_Injuries
6958,32.8767123287671,18,3,54.3755697356427,0.527797331410025,79.1,4,29487.099203913,2,0.0523874971383086,7881,Minor_Damage_And_Injuries
2342,49.0867579908676,10,1,64.9954421148587,0.175471330688784,77.3,3,29944.115484551,3,0.149511410661996,7299,Significant_Damage_And_Serious_Injuries
2362,70.5022831050228,11,0,68.6417502278943,0.374533717994951,84.64,7,831.69555342133,2,0.0011026362175773,6538,Significant_Damage_And_Fatalities
7143,43.1050228310502,15,2,62.7620783956244,0.46829498737829,77.78,2,48111.33802557,1,0.651116155858293,6826,Minor_Damage_And_Injuries
771,19.4063926940639,19,3,58.7511394712853,0.609658131987018,80.07,4,36967.4489018541,2,0.0677018072057364,5076,Significant_Damage_And_Serious_Injuries
8503,52.1004566210046,9,2,67.228805834093,0.327653083303281,87.0,4,35862.1682875726,2,0.0648203926610396,7929,Highly_Fatal_And_Damaging
3418,80.958904109589,8,20,56.1987237921604,0.475868012982329,79.26,7,39867.4739975014,2,0.0035783671851997,5807,Significant_Damage_And_Serious_Injuries
1842,46.027397260274,15,2,59.9817684594348,0.453509556437072,83.32,7,25648.6676085747,2,0.0021867067343636,3225,Minor_Damage_And_Injuries
8492,73.2876712328767,10,1,69.3254329990884,0.22740064911648,81.26,1,33523.7023387974,2,1.22751849059637,4555,Significant_Damage_And_Fatalities
2230,55.3424657534247,12,4,61.6681859617138,0.633098449332852,77.16,2,29071.495945068,3,0.395809075803932,1136,Minor_Damage_And_Injuries
3916,74.2009132420091,10,0,61.2123974475843,0.272478182473855,80.41,7,26727.9540994319,3,0.002534247040304,2857,Significant_Damage_And_Fatalities
8175,50.5022831050228,10,0,80.6745670009116,0.240022358456545,79.04,6,43136.2535286232,3,0.0105864665990747,8609,Significant_Damage_And_Serious_Injuries
6963,32.5570776255708,12,7,64.2661804922516,0.324046880634692,79.15,6,28783.699290521,2,0.007516404948495,8808,Highly_Fatal_And_Damaging
429,57.945205479452,15,7,57.1558796718323,0.308900829426614,77.27,7,25223.0471674453,2,0.0021604396005927,6094,Significant_Damage_And_Serious_Injuries
2206,38.2648401826484,17,0,68.003646308113,0.339914172376487,80.96,1,33745.4930288049,3,1.24220464545647,10202,Minor_Damage_And_Injuries
655,15.0228310502283,21,3,63.7648131267092,0.408071402812838,80.6,5,39215.0592883377,3,0.0262599118503814,10340,Significant_Damage_And_Serious_Injuries
520,51.8264840182648,13,12,67.2743846855059,0.261298954201226,78.02,1,34480.663199033,1,1.26276880923123,594,Minor_Damage_And_Injuries
3209,51.5525114155251,17,8,59.7994530537831,0.474786152181753,78.87,7,31108.8785742791,3,0.0029087794693287,2419,Significant_Damage_And_Fatalities
3937,32.5570776255708,12,3,57.1558796718323,0.48993220338983,77.83,1,24135.4433661131,1,0.894409699247168,5675,Significant_Damage_And_Fatalities
7663,36.8949771689498,14,11,72.8350045578852,0.351814641182834,76.79,3,31728.6566869053,2,0.156147792298604,3355,Significant_Damage_And_Serious_Injuries
3244,36.3013698630137,14,2,64.4940747493163,0.302409664623152,78.63,3,34827.8194688261,1,0.173410918167831,10766,Significant_Damage_And_Serious_Injuries
4493,43.013698630137,16,2,67.7757520510483,0.313228272628922,80.8,2,27412.2647189097,3,0.368581314855344,611,Minor_Damage_And_Injuries
1692,15.1598173515982,17,22,61.3491340018232,0.263823296069239,76.74,1,31392.4428814713,0,1.1631821282771,6536,Highly_Fatal_And_Damaging
6139,57.4429223744292,11,11,49.6353691886965,0.543664623151821,82.23,7,39795.0430095228,3,0.0036579562330693,5375,Minor_Damage_And_Injuries
654,16.4840182648402,16,0,51.9143117593437,0.42177497295348,79.65,7,34458.2967165505,2,0.0032147936816056,5824,Significant_Damage_And_Fatalities
9495,18.3561643835616,20,7,59.6171376481313,0.322965019834114,79.4,7,35495.525407636,0,0.0030087943598645,287,Significant_Damage_And_Serious_Injuries
4099,53.8356164383562,9,3,75.4785779398359,0.370927515326361,76.09,2,25019.9299511302,1,0.337996374568915,4789,Significant_Damage_And_Serious_Injuries
398,59.6803652968037,14,12,52.4156791248861,0.366960692390912,79.39,6,26137.024085075,0,0.0065306456156929,9609,Highly_Fatal_And_Damaging
726,32.8767123287671,19,0,67.8213309024613,0.309261449693473,76.96,1,26992.7869170996,1,1.00860793316672,3894,Minor_Damage_And_Injuries
556,36.1643835616438,14,1,79.2160437556974,0.275723764875586,80.34,3,33067.6244116376,3,0.166293914283771,4386,Significant_Damage_And_Serious_Injuries
5494,45.2511415525114,11,16,72.0145852324522,0.442330328164443,76.2,6,20938.3572458028,2,0.005557064300179,734,Significant_Damage_And_Serious_Injuries
800,37.5342465753425,10,0,59.2980856882407,0.488850342589253,79.33,4,18784.4086840282,4,0.0342021971190433,8091,Highly_Fatal_And_Damaging
7489,36.8493150684931,14,4,40.3828623518687,0.558089433826181,79.97,5,32860.905764516,2,0.0212408510470994,6217,Minor_Damage_And_Injuries
8490,38.0365296803653,13,1,73.5186873290793,0.262741435268662,78.94,3,38888.2141911608,1,0.192290701280148,3678,Significant_Damage_And_Serious_Injuries
8593,40.4109589041096,20,12,55.9708295350957,0.427184276956365,76.63,3,40846.9168997547,2,0.203686644663722,6086,Significant_Damage_And_Serious_Injuries
9880,48.8584474885845,17,5,68.003646308113,0.158882798413271,79.81,2,26992.7869170996,1,0.364061424020803,679,Significant_Damage_And_Fatalities
2232,9.68036529680365,19,9,49.5897903372835,0.302049044356293,81.91,2,30448.4700050566,1,0.411684928045418,9134,Highly_Fatal_And_Damaging
134,47.8995433789954,18,12,53.7830446672744,0.472622430580599,78.87,6,24170.0895338431,2,0.0058973059340499,9008,Significant_Damage_And_Serious_Injuries
1319,32.648401826484,15,3,55.4238833181404,0.19494482509917,80.54,3,26930.3762347395,2,0.134288189902806,5139,Minor_Damage_And_Injuries
9195,25.1141552511416,14,9,65.8614402917047,0.520945546339704,79.48,7,38272.3004557261,2,0.0037340888678924,2046,Highly_Fatal_And_Damaging
9668,13.6986301369863,17,14,63.3090246125798,0.300967183555716,78.93,5,39572.9275184445,2,0.0260124136604809,9236,Highly_Fatal_And_Damaging
2715,49.8173515981735,10,11,70.1458523245214,0.474425531914894,79.0,3,20637.7837001384,2,0.101597940187577,671,Significant_Damage_And_Serious_Injuries
1589,46.027397260274,8,0,58.5232452142206,0.470458708979445,79.69,5,36884.0023856598,2,0.0252521458935222,8857,Highly_Fatal_And_Damaging
5682,37.6712328767123,14,4,67.0009115770283,0.419971871619185,79.31,4,39230.7767992872,2,0.0713728148247185,3029,Significant_Damage_And_Serious_Injuries
9154,38.7671232876712,14,14,77.4840474020055,0.314670753696357,78.54,1,21554.55213466,1,0.799697655984931,8210,Significant_Damage_And_Serious_Injuries
4860,54.8858447488584,12,1,68.869644484959,0.28149368914533,82.14,5,36790.5008094017,2,0.0245406632757047,9261,Minor_Damage_And_Injuries
6633,48.3561643835616,10,13,40.0638103919782,0.782395239812477,77.93,5,28108.6735227329,2,0.0180341118872252,6697,Minor_Damage_And_Injuries
3110,72.7853881278539,10,1,59.1613491340018,0.312507032095204,78.97,7,28183.3231299795,3,0.0027759536961866,10531,Significant_Damage_And_Fatalities
7850,58.9954337899543,14,25,60.7566089334549,0.416726289217454,77.16,7,34472.083799485,0,0.0030445776739347,2983,Significant_Damage_And_Fatalities
9825,37.2146118721461,14,2,58.2497721057429,0.391122250270465,76.79,4,38660.0959485539,2,0.0702953918638819,11117,Significant_Damage_And_Serious_Injuries
8235,32.0091324200913,15,7,62.0783956244303,0.361190768121168,78.09,7,33069.8621344115,2,0.0032238601136394,1074,Significant_Damage_And_Serious_Injuries
9884,31.7351598173516,19,17,71.2397447584321,0.388958528669311,77.3,4,48831.6275615329,4,0.0879618931719142,7944,Minor_Damage_And_Injuries
5149,29.634703196347,16,12,59.024612579763,0.219106382978723,76.49,3,45972.1359787677,2,0.227829389177973,3952,Significant_Damage_And_Serious_Injuries
7687,20.4566210045662,15,2,65.9981768459435,0.260577713667508,78.8,7,27035.8387936996,3,0.0025123354437422,10396,Highly_Fatal_And_Damaging
6728,32.9223744292237,15,5,79.2616226071103,0.272838802740714,83.96,4,26346.5048146761,2,0.0480920835357794,8291,Significant_Damage_And_Serious_Injuries
1076,49.0867579908676,14,4,68.0948040109389,0.294115398485395,79.63,1,20231.0982565313,1,0.744647606073311,5412,Minor_Damage_And_Injuries
9819,60.5936073059361,14,3,38.9699179580674,0.710992426974395,74.82,7,43447.1518302216,3,0.0038889087914448,10122,Significant_Damage_And_Serious_Injuries
709,61.7808219178082,14,7,67.7757520510483,0.294476018752254,78.7,2,26340.2994819596,2,0.35682265469168,1474,Significant_Damage_And_Fatalities
442,31.5525114155251,12,3,53.2360984503191,0.621197980526505,83.58,4,31682.6709389972,1,0.0569738691451074,4622,Significant_Damage_And_Fatalities
432,18.1735159817352,16,8,68.5050136736554,0.308540209159754,76.18,3,26009.2327462011,3,0.128453568773262,11393,Highly_Fatal_And_Damaging
6810,64.2922374429224,9,0,78.0765724703738,0.361190768121168,81.12,5,36104.8569903325,2,0.0253444907773519,2403,Minor_Damage_And_Injuries
3506,45.9360730593607,15,0,58.158614402917,0.414201947349441,77.35,4,48525.1107104034,1,0.0878167347391541,2234,Minor_Damage_And_Injuries
99,46.5753424657534,14,1,64.6308113035552,0.316473855030653,79.72,2,30063.6622439764,1,0.406933961928359,8394,Minor_Damage_And_Injuries
4431,52.9223744292237,9,3,74.2935278030994,0.58729967544176,97.51,3,35921.3147111583,1,0.179231172923617,8960,Significant_Damage_And_Serious_Injuries
2212,31.2328767123288,12,0,73.3363719234275,0.342799134511359,84.48,5,43276.564582851,1,0.0292830716747344,8358,Highly_Fatal_And_Damaging
1087,59.634703196347,14,8,38.9699179580674,0.607855030652723,77.27,4,39222.4051184905,2,0.0713789477305042,10045,Significant_Damage_And_Serious_Injuries
7803,30.5936073059361,12,6,74.9316317228806,0.282936170212766,76.27,1,38318.5677725656,2,1.41153842752558,12369,Highly_Fatal_And_Damaging
2912,36.3926940639269,14,11,71.4220601640839,0.314310133429499,79.2,3,28973.3033136983,1,0.144311406658945,4186,Significant_Damage_And_Serious_Injuries
8244,52.283105022831,6,24,79.8541476754786,0.271035701406419,75.61,1,17927.3384159879,2,0.647130362493558,4812,Significant_Damage_And_Serious_Injuries
3695,60.5479452054795,10,10,66.0893345487694,0.300967183555716,76.56,2,32800.8368678312,2,0.44294859208894,493,Minor_Damage_And_Injuries
2629,38.7671232876712,10,2,51.8231540565178,0.523830508474576,80.13,1,25631.3457142277,1,0.948341399376559,2136,Significant_Damage_And_Fatalities
1927,35.4794520547945,14,1,61.6226071103008,0.430429859358096,80.62,4,41691.6811624843,3,0.0765664060964708,11723,Significant_Damage_And_Serious_Injuries
9252,17.7168949771689,21,3,52.8714676390155,0.449542733501623,79.94,7,40075.9286978829,3,0.0035677683366841,7138,Minor_Damage_And_Injuries
2141,31.8264840182648,15,0,69.1431175934367,0.335947349441038,86.96,6,40561.6926747208,2,0.0094568128594053,11507,Significant_Damage_And_Serious_Injuries
9813,43.5159817351598,12,3,77.5296262534184,0.31394951316264,82.49,3,26346.5048146761,3,0.131036027894853,7127,Significant_Damage_And_Serious_Injuries
7440,33.4703196347032,12,9,66.3172288058341,0.610739992787594,80.27,1,34719.0376653958,2,1.27724201743561,5761,Highly_Fatal_And_Damaging
4708,28.2191780821918,17,22,54.5578851412944,0.279690587811035,77.4,3,30063.4050731068,0,0.149641084203215,1353,Minor_Damage_And_Injuries
3682,61.7351598173516,10,0,70.3281677301732,0.279329967544176,76.14,2,6695.81475147089,1,0.12212240073769,12439,Minor_Damage_And_Injuries
3964,56.3013698630137,8,1,60.4375569735643,0.512651280201947,76.99,3,38732.7086974327,1,0.192532112277346,10430,Significant_Damage_And_Serious_Injuries
2364,19.2237442922374,16,7,72.151321786691,0.382827984132708,78.32,4,40491.8862409923,4,0.0735227854053321,5960,Highly_Fatal_And_Damaging
6014,28.5388127853881,16,4,66.9097538742024,0.344241615578795,84.62,2,40840.646356118,0,0.552348029450647,2209,Significant_Damage_And_Serious_Injuries
9006,44.337899543379,15,3,93.6645396536008,0.23100685178507,77.52,1,30095.00139223,1,1.10323463410754,758,Minor_Damage_And_Injuries
6992,21.3698630136986,15,5,71.0118505013674,0.350011539848539,77.19,2,29821.7823571095,3,0.403593936192003,9703,Highly_Fatal_And_Damaging
8022,37.0776255707762,14,12,71.8778486782133,0.350011539848539,79.2,6,31993.458888341,1,0.0081383426812668,3429,Significant_Damage_And_Serious_Injuries
2963,77.8538812785388,4,2,56.9279854147676,0.487768481788677,79.78,6,25094.3570432439,3,0.0061836269176132,4252,Highly_Fatal_And_Damaging
6249,28.0821917808219,13,7,81.3582497721058,0.30313090515687,78.31,4,30992.0427846588,3,0.0563295397232032,1297,Highly_Fatal_And_Damaging
8395,43.607305936073,12,3,45.8067456700091,0.545828344752975,83.72,6,23588.1187979774,3,0.0063194915673779,10431,Minor_Damage_And_Injuries
5624,37.2146118721461,10,2,66.5451230628988,0.460721961774252,79.39,1,20142.4706831629,2,0.742435605455821,4097,Highly_Fatal_And_Damaging
8033,73.4246575342466,10,19,69.5533272561531,0.283296790479625,80.09,2,40139.0396270965,2,0.543669818666285,10269,Significant_Damage_And_Fatalities
1707,50.365296803653,13,5,58.3865086599818,0.416005048683736,80.81,1,26565.0475824998,2,0.972402662659163,12114,Minor_Damage_And_Injuries
2767,54.7488584474886,9,28,63.2634457611668,0.306015867291742,82.3,7,23792.1086071282,3,0.0023523772131647,19,Significant_Damage_And_Serious_Injuries
9372,32.8310502283105,15,1,48.6326344576117,0.409513883880274,80.23,1,23825.2466613463,3,0.870409654339999,9336,Minor_Damage_And_Injuries
707,24.9315068493151,14,8,48.313582497721,0.496783988460151,81.45,4,36010.8964759583,2,0.0665145741903083,3673,Significant_Damage_And_Fatalities
5324,42.9680365296804,9,12,62.8532360984503,0.295197259285972,88.39,1,27823.0505835169,1,1.01607221631166,8401,Highly_Fatal_And_Damaging
9893,30.7762557077626,12,1,62.9443938012762,0.444854670032455,79.16,1,24605.471319083,1,0.88583863584684,8525,Highly_Fatal_And_Damaging
6425,12.9680365296804,17,14,68.003646308113,0.419611251352326,78.95,4,29273.781013177,3,0.0525850364388885,4750,Highly_Fatal_And_Damaging
1742,49.2237442922374,14,4,90.154968094804,0.300606563288856,78.64,5,36834.7828425541,2,0.0247122141214261,2323,Minor_Damage_And_Injuries
571,37.7168949771689,14,5,57.6116681859617,0.234973674720519,76.49,3,46674.0869460328,2,0.231710370576967,2999,Significant_Damage_And_Serious_Injuries
7848,54.2465753424657,12,0,90.154968094804,0.268150739271547,79.54,2,28885.5732444725,2,0.390799415182943,178,Minor_Damage_And_Injuries
3521,19.4063926940639,15,10,57.0191431175934,0.373451857194374,80.13,2,55535.5164400847,1,0.741478293159132,3296,Significant_Damage_And_Fatalities
5168,24.3835616438356,14,6,59.6171376481313,0.267429498737829,76.93,4,28921.6176492797,2,0.05298780403596,2159,Highly_Fatal_And_Damaging
7748,27.3972602739726,17,6,69.2342752962625,0.323686260367832,78.16,6,42282.1578814098,2,0.0095140991726005,2328,Significant_Damage_And_Serious_Injuries
6651,32.8767123287671,19,5,79.6262534184139,0.199993508835196,83.54,5,25752.5205427094,2,0.0176558251102843,9439,Minor_Damage_And_Injuries
5061,45.5251141552511,11,3,62.7164995442115,0.23461305445366,80.96,1,32094.8041801564,0,1.18439580185084,12169,Significant_Damage_And_Serious_Injuries
2082,24.7945205479452,14,7,75.8887876025524,0.451345834835918,85.04,4,31236.0295960564,2,0.058088147653132,8476,Highly_Fatal_And_Damaging
2861,54.6575342465753,9,3,56.9735642661805,0.469376848178867,76.48,7,24997.8752590926,2,0.0023460657550054,4889,Significant_Damage_And_Serious_Injuries
8524,48.1278538812785,17,4,68.5050136736554,0.557007573025604,79.67,7,15301.2519569662,2,0.0004689157931786,8635,Significant_Damage_And_Fatalities
1217,63.972602739726,9,0,59.5715587967183,0.46108258204111,77.98,4,38281.2923716348,0,0.0705271027139023,3293,Minor_Damage_And_Injuries
3195,23.1050228310502,14,15,54.2844120328168,0.416005048683736,77.9,4,28798.0480891183,2,0.0541065660538752,12184,Significant_Damage_And_Fatalities
9330,42.0547945205479,19,17,80.4010938924339,0.246513523260007,75.88,7,31177.1180134519,3,0.0028145064509431,4965,Significant_Damage_And_Fatalities
8603,41.6438356164383,9,1,57.9762989972653,0.29591849981969,80.64,4,41703.4532879954,2,0.0758160751129294,4815,Highly_Fatal_And_Damaging
7745,33.6529680365297,15,0,78.4867821330902,0.363354489722322,82.88,6,26977.6134522676,2,0.0065104028303182,1818,Significant_Damage_And_Serious_Injuries
201,46.2557077625571,8,29,65.0410209662717,0.293394157951677,88.71,4,37917.1797061165,2,0.0692261856242846,6245,Highly_Fatal_And_Damaging
6949,50.2739726027397,17,7,54.7857793983592,0.309622069960331,79.31,2,30190.7653146865,2,0.407910453312984,8143,Significant_Damage_And_Serious_Injuries
4659,39.5890410958904,17,3,70.1458523245214,0.312146411828345,76.12,2,38288.4040060295,2,0.51978130044264,11330,Minor_Damage_And_Injuries
3798,44.0639269406393,12,14,66.7730173199635,0.319719437432383,79.17,3,34480.663199033,1,0.17089911377233,5978,Significant_Damage_And_Serious_Injuries
765,40.6392694063927,9,7,49.8632634457612,0.434396682293545,85.1,2,17182.4727749403,1,0.225648056800934,6699,Significant_Damage_And_Fatalities
1572,60.5479452054795,14,25,70.1002734731085,0.337029210241615,75.02,7,43511.6289698122,1,0.0041581241129062,8642,Significant_Damage_And_Fatalities
78,39.1780821917808,13,7,70.8751139471286,0.423938694554634,78.59,3,33528.5133497288,3,0.168760794490034,24,Significant_Damage_And_Serious_Injuries
9975,33.8356164383562,11,6,69.0975387420237,0.241464839523981,79.21,4,35553.1857893287,2,0.0650123225532149,2252,Highly_Fatal_And_Damaging
251,25.4337899543379,14,7,59.5715587967183,0.509766318067075,78.6,1,25739.3846771422,3,0.948341399376559,3745,Highly_Fatal_And_Damaging
9130,55.7534246575342,15,4,76.5268915223336,0.260217093400649,82.11,7,14050.4656498714,3,0.0014597965734335,3389,Significant_Damage_And_Fatalities
1219,38.4018264840183,13,7,52.3245214220602,0.254447169130905,79.15,3,21369.8130817081,0,0.105891316867506,32,Minor_Damage_And_Injuries
5118,57.1232876712329,8,19,73.1540565177758,0.290148575549946,88.4,6,43611.8162404295,3,0.0110880611110665,1209,Significant_Damage_And_Serious_Injuries
9301,44.4748858447489,8,3,49.6353691886965,0.465049404976559,79.39,4,28392.9148036082,2,0.0520195059207914,8955,Significant_Damage_And_Fatalities
7160,37.2602739726027,14,8,61.3947128532361,0.298803461954562,78.7,5,41712.9089196373,4,0.0281059369478195,7322,Significant_Damage_And_Serious_Injuries
5569,1.41552511415525,21,2,56.9279854147676,0.375615578795528,77.22,2,43590.4452092247,3,0.595092388856474,5042,Significant_Damage_And_Fatalities
5245,72.9680365296803,6,2,68.2771194165907,0.324046880634692,78.03,2,20751.8870444696,1,0.279249740703571,7746,Minor_Damage_And_Injuries
8180,41.324200913242,16,1,75.2962625341842,0.312867652362062,80.27,2,43972.097174903,1,0.592942659255445,1731,Minor_Damage_And_Injuries
3380,41.4611872146119,9,1,72.3792160437557,0.42177497295348,79.93,4,49951.1427599292,0,0.0905924441864506,8002,Highly_Fatal_And_Damaging
8027,43.3333333333333,15,10,63.7648131267092,0.448460872701046,76.31,2,25806.0480465467,1,0.35017958188076,11560,Minor_Damage_And_Injuries
9594,25.1141552511416,14,5,65.8614402917047,0.399416516408222,80.35,4,21330.2737940527,2,0.0387908818557251,2531,Highly_Fatal_And_Damaging
4599,20.0456621004566,19,12,47.9489516864175,0.493899026325279,80.51,3,36997.329884366,1,0.183959103652925,7698,Minor_Damage_And_Injuries
2172,29.2237442922374,13,1,64.9498632634458,0.438002884962135,79.51,2,23407.410999469,2,0.316958074115973,1881,Highly_Fatal_And_Damaging
301,32.7397260273973,19,8,56.7456700091158,0.378139920663541,76.26,6,24442.0329952916,1,0.0060668665949771,6806,Highly_Fatal_And_Damaging
5495,1.14155251141552,21,1,56.3810391978122,0.313228272628922,81.15,2,15521.1452198509,0,0.210809444881712,9290,Significant_Damage_And_Fatalities
4721,22.7853881278539,15,6,55.6973564266181,0.411316985214569,85.87,5,34205.1278146446,1,0.0227523182589593,10894,Significant_Damage_And_Fatalities
257,26.4383561643836,17,0,89.1066545123063,0.333062387306166,78.92,3,26274.6928894615,2,0.131603582407155,9505,Significant_Damage_And_Serious_Injuries
5474,82.2374429223744,7,11,68.6417502278943,0.262020194734944,86.09,7,27762.7996722579,3,0.0024324399813657,377,Significant_Damage_And_Fatalities
4208,56.4383561643835,11,0,55.9708295350957,0.456394518571944,83.31,2,20574.5487150508,1,0.278446237781689,1492,Highly_Fatal_And_Damaging
6640,28.7214611872146,13,2,62.5341841385597,0.396892174540209,82.46,1,33951.8558365343,2,1.24945876649406,5827,Highly_Fatal_And_Damaging
5400,50.7762557077626,17,7,86.2351868732908,0.333783627839884,81.04,7,35719.9920681528,0,0.0032933848000291,11980,Significant_Damage_And_Fatalities
9740,36.1643835616438,11,1,79.3527803099362,0.417447529751172,81.21,2,54429.8119084636,1,0.746908740126634,9753,Highly_Fatal_And_Damaging
939,39.7260273972603,17,5,62.2607110300821,0.379943021997836,80.76,1,15959.0195736998,1,0.563737503783226,3047,Minor_Damage_And_Injuries
7164,49.5890410958904,10,12,62.9443938012762,0.295197259285972,78.54,3,20692.5240026338,1,0.103524311977327,1779,Significant_Damage_And_Serious_Injuries
4231,61.5525114155251,10,2,52.4156791248861,0.472261810313739,78.28,7,30305.5164786489,1,0.0028863577583363,12274,Significant_Damage_And_Serious_Injuries
7932,19.9086757990868,19,3,50.6836827711942,0.439445366029571,79.97,2,32847.0379561099,1,0.443077512708278,2556,Minor_Damage_And_Injuries
9175,55.3424657534247,12,9,63.947128532361,0.394007212405337,80.12,3,14139.9067872575,2,0.070398450593241,3901,Minor_Damage_And_Injuries
7776,49.0867579908676,17,2,51.9143117593437,0.480556076451497,82.69,7,26534.3553750206,1,0.0023028434699837,623,Significant_Damage_And_Serious_Injuries
2252,18.1278538812785,16,14,61.0300820419326,0.523469888207717,78.91,2,46832.9870941548,2,0.63077436941814,11865,Highly_Fatal_And_Damaging
6766,19.6803652968037,15,3,54.5578851412944,0.34965091958168,74.82,5,45857.9659867691,1,0.0321506743413185,11227,Significant_Damage_And_Fatalities