,Safety_Score,Days_Since_Inspection,Total_Safety_Complaints,Control_Metric,Turbulence_In_gforces,Cabin_Temperature,Accident_Type_Code,Max_Elevation,Violations,Adverse_Weather_Metric,Accident_ID,Severity
2246,53.013698630137,12,7,59.2980856882407,0.504717634331049,78.37,5,53455.0451129203,1,0.0350479665945333,3096,Minor_Damage_And_Injuries
7257,63.7899543378995,13,0,72.971741112124,0.365157591056617,81.12,2,35354.6491535324,0,0.478306032390798,1363,Significant_Damage_And_Fatalities
1769,69.7260273972603,8,15,62.3518687329079,0.409513883880274,81.96,2,48274.055452493,2,0.653900333012144,9291,Minor_Damage_And_Injuries
3205,69.3607305936073,8,0,76.4813126709207,0.474425531914894,86.58,2,40898.7067220507,3,0.554227832031061,6238,Minor_Damage_And_Injuries
2367,44.2009132420091,8,0,83.5460346399271,0.212254597908403,81.61,4,44941.5809825117,1,0.0824277038157889,2056,Highly_Fatal_And_Damaging
5521,56.8949771689498,8,12,77.6663628076573,0.350372160115398,83.58,3,16327.5997485261,3,0.0782363458011667,10841,Significant_Damage_And_Serious_Injuries
8054,26.1187214611872,17,1,82.4521422060164,0.18809304002885,82.97,2,38360.5730719553,1,0.519355070097568,5458,Significant_Damage_And_Serious_Injuries
5564,52.5114155251141,13,2,60.8021877848678,0.340274792643346,81.55,7,38395.8727285611,0,0.0034939020081888,11008,Minor_Damage_And_Injuries
2752,32.6940639269406,12,3,50.8659981768459,0.495702127659574,77.66,1,10115.9216675063,2,0.439207928563992,5033,Significant_Damage_And_Fatalities
3151,26.1187214611872,17,11,70.5560619872379,0.293394157951677,79.75,7,47749.6542219789,4,0.0047467377616571,255,Significant_Damage_And_Serious_Injuries
9386,24.7488584474886,14,14,75.4785779398359,0.296639740353408,78.16,1,25556.9388061089,1,0.948341399376559,3044,Highly_Fatal_And_Damaging
4662,55.5707762557078,12,1,70.8751139471286,0.52238802740714,79.66,5,25562.6034711693,2,0.0165134897469149,2569,Minor_Damage_And_Injuries
4064,19.3607305936073,19,0,59.8906107566089,0.523469888207717,77.97,4,35901.4803701807,1,0.0665789502615001,10207,Significant_Damage_And_Serious_Injuries
8879,49.8630136986301,10,5,39.8814949863264,0.646441399206635,78.39,3,16144.1937601826,2,0.0779498065911034,9174,Minor_Damage_And_Injuries
1604,36.5296803652968,14,1,78.8058340929809,0.298442841687703,80.06,3,33701.3739418717,2,0.167563588643247,4454,Significant_Damage_And_Serious_Injuries
7946,40.2739726027397,10,6,62.1695533272562,0.415644428416877,81.21,4,47132.9571072998,2,0.0867471686429157,5628,Highly_Fatal_And_Damaging
1030,25.296803652968,14,11,58.2953509571559,0.317555715831229,79.78,6,22429.8625953409,3,0.0054298292246472,632,Highly_Fatal_And_Damaging
204,58.7214611872146,14,6,78.1221513217867,0.302770284890011,79.99,4,24305.3909035946,2,0.0445660106164211,11775,Significant_Damage_And_Fatalities
2474,44.4748858447489,15,0,80.0364630811304,0.262380815001803,78.03,6,34497.8835995449,2,0.0085101685179203,5940,Minor_Damage_And_Injuries
4969,42.1004566210046,16,5,60.665451230629,0.33883231157591,77.16,2,32682.9018146972,2,0.442314977408644,10386,Minor_Damage_And_Injuries
5040,70.0456621004566,11,1,65.2689152233364,0.339553552109629,81.73,2,37749.2312463216,2,0.511651064252089,3575,Minor_Damage_And_Injuries
3568,38.310502283105,13,2,58.7055606198724,0.312507032095204,81.92,3,13949.2541692102,1,0.0653943422597568,12261,Significant_Damage_And_Serious_Injuries
813,58.5844748858447,11,22,78.5323609845032,0.271035701406419,81.18,2,38728.4865016046,2,0.52135290526144,7247,Minor_Damage_And_Injuries
6406,52.1917808219178,13,8,69.4165907019143,0.335586729174179,77.22,2,50046.078356214,1,0.680017846372208,6101,Minor_Damage_And_Injuries
4967,43.2876712328767,8,3,68.3682771194166,0.255168409664623,83.58,4,37772.6897005185,4,0.0697843616372638,4610,Highly_Fatal_And_Damaging
1741,53.1050228310502,16,3,52.5524156791249,0.39292535160476,76.79,7,31087.6739161044,3,0.0025997866530983,7659,Significant_Damage_And_Serious_Injuries
3591,43.013698630137,16,9,67.6845943482224,0.344602235845654,82.46,2,43094.6610782697,3,0.58586663876643,5880,Minor_Damage_And_Injuries
4050,20.0456621004566,19,8,54.6946216955333,0.467213126577713,77.75,7,14240.5726310785,3,0.0013952935709963,3880,Significant_Damage_And_Serious_Injuries
4379,40.7305936073059,13,6,79.0337283500456,0.232088712585647,78.68,7,43717.2844019346,1,0.0040161026901027,5881,Significant_Damage_And_Serious_Injuries
3049,29.7260273972603,12,13,55.9252506836828,0.487407861521817,78.16,1,24135.4433661131,2,0.901972619496758,8557,Significant_Damage_And_Fatalities
952,83.6529680365297,7,6,87.2379216043756,0.168980165885323,82.6,7,27286.2947282904,2,0.0022958974527109,11341,Significant_Damage_And_Fatalities
3328,37.6712328767123,14,0,74.7493163172288,0.249759105661738,77.08,3,37178.3769732465,1,0.184157786649723,9879,Significant_Damage_And_Serious_Injuries
8114,30.3196347031963,12,5,55.3783044667274,0.253004688063469,87.65,1,32919.0524774902,1,1.20364148403587,6300,Significant_Damage_And_Fatalities
3840,63.1963470319635,13,12,75.7520510483136,0.388597908402452,83.29,7,17099.5183995257,5,0.0016141149806429,9523,Significant_Damage_And_Fatalities
1982,31.3698630136986,12,5,64.5396536007293,0.419611251352326,78.59,6,52480.1219846828,1,0.0122327246872577,1129,Highly_Fatal_And_Damaging
9364,49.7260273972603,10,4,53.7374658158614,0.432232960692391,79.39,3,31846.9183744288,3,0.159382899189929,8098,Minor_Damage_And_Injuries
7103,50.5022831050228,10,2,73.0628988149499,0.254807789397764,83.37,3,31603.8816790219,3,0.155972033378461,4167,Significant_Damage_And_Serious_Injuries
6107,30.3196347031963,12,6,68.4138559708295,0.277526866209881,81.39,4,40821.1958847229,2,0.0748983296849029,1606,Highly_Fatal_And_Damaging
2631,51.9178082191781,6,0,53.9197812215132,0.476589253516048,79.97,4,28604.1783965419,2,0.0539003607023165,10179,Significant_Damage_And_Fatalities
4870,41.1872146118721,9,11,62.3518687329079,0.247234763793725,82.8,4,22999.9480219285,0,0.0427864059446497,9457,Highly_Fatal_And_Damaging
4296,52.9223744292237,9,5,54.7402005469462,0.500390191128741,78.34,6,39274.1367282181,2,0.0096714901237995,10708,Minor_Damage_And_Injuries
574,41.7351598173516,13,2,74.5214220601641,0.205402812838081,81.58,5,19984.5446103508,2,0.0128336115601887,7165,Significant_Damage_And_Serious_Injuries
532,43.0593607305936,8,1,82.3609845031905,0.185568698160836,81.23,3,50545.0702257023,3,0.251509930289586,2330,Highly_Fatal_And_Damaging
1966,73.7899543378995,6,4,72.7894257064722,0.427905517490083,82.17,2,33357.8873971167,2,0.449666780816813,9256,Minor_Damage_And_Injuries
9257,51.7808219178082,10,2,55.6973564266181,0.500390191128741,78.32,3,29541.1841118771,0,0.147316875425451,4245,Minor_Damage_And_Injuries
5186,70.5479452054795,4,14,87.8304466727439,0.18088063469167,75.96,7,43717.2844019346,3,0.0039614108673645,6931,Significant_Damage_And_Serious_Injuries
2102,47.4885844748858,11,23,72.2880583409298,0.205042192571222,78.2,3,26471.4004943625,3,0.132090952785728,4891,Significant_Damage_And_Serious_Injuries
1976,73.6986301369863,10,1,69.8268003646308,0.322604399567255,81.94,7,34529.6257428931,3,0.0031758860473211,4890,Significant_Damage_And_Fatalities
5165,46.8949771689498,14,21,49.8176845943483,0.347487197980527,79.28,3,24563.9883018573,2,0.122219447167117,7300,Highly_Fatal_And_Damaging
1789,40.2283105022831,13,19,53.6007292616226,0.393285971871619,78.62,3,47132.9571072998,3,0.23646452524774,2059,Minor_Damage_And_Injuries
7081,34.1552511415525,15,3,55.2871467639016,0.647523260007212,83.76,1,39289.2195249257,4,1.44930213670431,4127,Minor_Damage_And_Injuries
3855,46.4840182648402,15,7,60.9845031905196,0.279690587811035,76.75,5,30122.3193576333,2,0.0204097469183588,4092,Minor_Damage_And_Injuries
3666,40.0456621004566,13,1,77.073837739289,0.242186080057699,81.52,5,29216.4159909021,1,0.0199263679642517,11586,Significant_Damage_And_Serious_Injuries
9009,39.9543378995434,13,3,70.6927985414767,0.423938694554634,75.84,6,30312.6031560311,3,0.0074261472785553,3404,Significant_Damage_And_Serious_Injuries
1960,24.2922374429224,14,4,69.1431175934367,0.407710782545979,82.17,1,38266.75565052,2,1.40775526841574,5701,Highly_Fatal_And_Damaging
8533,68.0365296803653,12,5,68.049225159526,0.158882798413271,76.58,1,51846.7692000809,0,1.88294981148486,8015,Significant_Damage_And_Fatalities
7852,33.9269406392694,11,22,65.4056517775752,0.334865488640461,81.39,1,33157.4372829421,2,1.22297120835898,11607,Highly_Fatal_And_Damaging
9413,47.8995433789954,11,3,74.8860528714676,0.241104219257122,78.73,3,36748.2703672973,2,0.182900974770969,1235,Significant_Damage_And_Serious_Injuries
9808,40.3196347031963,13,9,64.8131267092069,0.438002884962135,77.9,4,37657.6872093112,2,0.0689092451052821,8213,Significant_Damage_And_Serious_Injuries
4053,52.9680365296804,9,3,66.7274384685506,0.311785791561485,88.62,6,23998.3048588661,3,0.0063009388346478,3565,Significant_Damage_And_Serious_Injuries
618,16.4840182648402,16,15,50.1367365542388,0.505799495131626,77.56,1,29601.0780584221,2,1.07538543423334,7033,Significant_Damage_And_Fatalities
4861,39.6803652968037,9,4,55.2415679124886,0.253004688063469,79.67,1,32919.0524774902,2,1.19895525832586,7603,Significant_Damage_And_Fatalities
6549,67.6712328767123,12,17,72.8805834092981,0.365157591056617,77.89,7,21079.2995457879,1,0.0016366936314751,160,Significant_Damage_And_Fatalities
337,41.5525114155251,9,6,52.0510483135825,0.460361341507393,79.66,3,4866.79854212583,3,0.0335592574899424,3886,Highly_Fatal_And_Damaging
8964,44.3835616438356,15,11,76.7092069279854,0.281854309412189,82.49,5,27206.7774652661,2,0.0185634424474068,5973,Minor_Damage_And_Injuries
9126,60.1826484018265,7,4,45.3965360072927,0.476228633249188,74.95,6,52783.6699929497,1,0.0128953266110588,9949,Minor_Damage_And_Injuries
5260,64.337899543379,9,0,65.4968094804011,0.35686332491886,77.53,2,32592.490029437,3,0.440110495001411,3831,Minor_Damage_And_Injuries
3172,38.4474885844749,17,3,59.2980856882407,0.439084745762712,79.56,2,32230.500067409,0,0.437152374319489,2203,Minor_Damage_And_Injuries
9256,36.2557077625571,11,4,52.9626253418414,0.322604399567255,80.37,7,33112.5218535072,1,0.0029749987375546,4046,Significant_Damage_And_Fatalities
7171,28.2191780821918,20,11,71.0118505013674,0.293394157951677,77.33,3,32269.0683506148,1,0.160110192147785,9952,Minor_Damage_And_Injuries
9961,52.9223744292237,9,0,80.4466727438469,0.231728092318788,77.08,3,34332.4701760448,1,0.170794962939637,7836,Significant_Damage_And_Serious_Injuries
5311,33.9269406392694,11,2,73.6098450319052,0.388958528669311,81.27,4,21061.7524346312,2,0.0384517831023515,2879,Highly_Fatal_And_Damaging
3499,18.7214611872146,16,7,70.510483135825,0.279690587811035,79.49,7,51368.4599354622,4,0.0044289702451501,3295,Highly_Fatal_And_Damaging
8734,83.6986301369863,3,10,55.1504102096627,0.604609448250992,81.81,5,32060.908260632,3,0.0224530568516015,11550,Highly_Fatal_And_Damaging
9791,56.7579908675799,8,21,82.0875113947128,0.228482509917057,80.65,6,35986.6918258484,2,0.0087503462811473,12000,Significant_Damage_And_Serious_Injuries
6069,50.5936073059361,13,4,70.4193254329991,0.361190768121168,81.26,4,32908.2936804925,0,0.059734503402076,7776,Minor_Damage_And_Injuries
8940,54.6575342465753,9,3,58.0218778486782,0.482359177785791,75.58,3,30869.211770024,2,0.15378800083089,208,Significant_Damage_And_Serious_Injuries
6427,61.0502283105023,10,1,52.1877848678213,0.492456545257843,75.88,2,42394.6313282581,4,0.576638955270359,6823,Highly_Fatal_And_Damaging
9365,46.2557077625571,8,1,67.5022789425707,0.245071042192571,76.89,3,20061.5449045476,4,0.0976587800714265,5546,Highly_Fatal_And_Damaging
9923,41.7351598173516,16,22,66.8641750227894,0.420332491886044,83.64,2,45992.7707754917,2,0.623420577171322,8033,Minor_Damage_And_Injuries
697,37.4885844748858,10,21,74.5214220601641,0.375976199062387,78.44,7,42630.26184936,1,0.0038370838977165,8449,Highly_Fatal_And_Damaging
5617,44.5205479452055,12,0,72.5159525979946,0.416726289217454,82.23,3,31526.6329253501,4,0.155473833405764,4797,Significant_Damage_And_Serious_Injuries
5531,67.6712328767123,12,0,79.3527803099362,0.231728092318788,79.71,7,60869.7486975738,2,0.0055506026085153,11640,Significant_Damage_And_Fatalities
8479,46.8949771689498,11,3,74.5214220601641,0.363354489722322,77.17,6,26096.5412290406,1,0.0069463924865017,1212,Significant_Damage_And_Serious_Injuries
6911,55.8447488584475,12,0,55.4694621695533,0.599560764514966,78.67,2,35070.3331931138,2,0.47376346047179,1444,Highly_Fatal_And_Damaging
1624,48.9954337899543,14,2,69.9179580674567,0.37489433826181,77.32,3,31151.7511553384,4,0.154517428712914,2507,Minor_Damage_And_Injuries
977,48.3561643835616,10,5,63.2634457611668,0.225236927515326,78.8,3,37065.4837499923,2,0.184826859556648,10292,Significant_Damage_And_Serious_Injuries
6691,37.1689497716895,14,14,70.1914311759344,0.391482870537324,81.85,3,31728.6566869053,1,0.155315702244462,7051,Significant_Damage_And_Serious_Injuries
4027,11.5068493150685,18,1,88.2862351868733,0.179438153624233,77.63,2,30094.0892361481,2,0.408795983721773,6574,Highly_Fatal_And_Damaging
8836,34.1095890410959,15,3,64.0382862351869,0.416365668950595,77.63,4,17572.9254839105,2,0.0311427687291141,7840,Significant_Damage_And_Serious_Injuries
4741,27.2602739726027,13,13,82.8623518687329,0.211893977641543,80.09,2,16008.7450906877,3,0.210346808285708,11853,Highly_Fatal_And_Damaging
1986,43.7899543378995,8,3,85.1868732907931,0.249759105661738,82.45,2,43154.905667115,2,0.587529548070556,11669,Highly_Fatal_And_Damaging
2335,35.4337899543379,11,34,65.4056517775752,0.254807789397764,81.28,2,23362.5382988508,4,0.318224181847226,1834,Highly_Fatal_And_Damaging
9531,22.7853881278539,15,4,54.4667274384686,0.418529390551749,78.66,1,33771.0947870574,3,1.24112616899926,4194,Significant_Damage_And_Fatalities
139,22.6027397260274,15,15,57.9762989972653,0.527797331410025,82.39,4,36653.7936554078,0,0.0670381602224939,9293,Highly_Fatal_And_Damaging
552,62.3744292237443,13,7,65.8158614402917,0.421053732419762,80.83,1,25230.00771957,4,0.929809565758596,11323,Significant_Damage_And_Fatalities
5160,39.7260273972603,13,2,60.665451230629,0.526354850342589,77.0,2,28456.00736787,2,0.384350598455968,9151,Significant_Damage_And_Serious_Injuries
1929,54.0182648401826,12,3,56.3810391978122,0.456033898305084,81.96,2,32702.1479935482,1,0.444452039038506,3627,Highly_Fatal_And_Damaging
5130,58.0821917808219,11,9,78.0765724703738,0.343880995311936,81.81,2,35354.6491535324,3,0.478306032390798,12103,Minor_Damage_And_Injuries
3434,61.324200913242,10,1,64.4940747493163,0.336668589974756,76.86,5,34274.994375982,2,0.0237990658424012,11919,Minor_Damage_And_Injuries
9123,46.5753424657534,8,20,57.2926162260711,0.43619978362784,82.82,4,44444.6423880807,1,0.0817928467836764,7573,Highly_Fatal_And_Damaging
9529,82.2831050228311,7,1,75.2962625341842,0.249398485394879,82.6,7,29705.7226078968,2,0.0028271907342296,2984,Significant_Damage_And_Fatalities
8504,51.5525114155251,13,7,57.8851412944394,0.444133429498738,78.15,2,37853.1677471245,3,0.512288112606264,10369,Minor_Damage_And_Injuries
5563,48.2648401826484,7,18,77.3473108477666,0.262020194734944,77.33,7,43755.4722245528,2,0.0038702901615017,4868,Highly_Fatal_And_Damaging
7874,45.9817351598173,15,0,62.4886052871468,0.28870609448251,78.95,2,22969.338276676,3,0.309756512735612,4217,Minor_Damage_And_Injuries
1590,28.4931506849315,16,17,60.3008204193255,0.387876667868734,80.39,3,22341.0969991425,2,0.111229772370939,4658,Significant_Damage_And_Serious_Injuries
912,56.1187214611872,8,4,62.2151321786691,0.278608727010458,78.8,5,39110.3958710801,3,0.0262599118503814,11070,Significant_Damage_And_Serious_Injuries
3271,44.8401826484018,8,2,70.9206927985415,0.352535881716553,78.04,3,23340.3470114836,1,0.117866213563163,5980,Highly_Fatal_And_Damaging
4410,32.0091324200913,15,7,64.3573381950775,0.4145625676163,80.59,2,39482.9418262533,2,0.532383164557223,8484,Significant_Damage_And_Serious_Injuries
6994,78.5844748858447,9,14,56.7000911577028,0.502914532996754,78.33,6,21995.418195128,3,0.005452119072786,5351,Significant_Damage_And_Serious_Injuries
8724,54.8401826484018,12,1,68.869644484959,0.28149368914533,81.99,4,38968.236520878,3,0.0712119379602541,6168,Minor_Damage_And_Injuries
7919,33.1050228310502,15,7,72.3336371923428,0.271035701406419,76.56,7,29596.4642229924,2,0.0025616259996532,12009,Significant_Damage_And_Serious_Injuries
9340,58.4474885844749,7,2,80.7657247037375,0.305294626758024,78.47,6,48812.5044221945,2,0.0126772159034145,7561,Significant_Damage_And_Serious_Injuries
8104,50.1369863013699,6,3,72.151321786691,0.308900829426614,78.27,4,33425.2255805168,1,0.0613438548147005,1925,Highly_Fatal_And_Damaging
8016,36.0730593607306,17,1,71.5587967183227,0.333423007573026,79.85,5,36002.5313878639,3,0.0244090469441248,11836,Minor_Damage_And_Injuries
786,43.972602739726,15,9,74.4758432087512,0.238940497655968,79.3,1,49358.5325672116,1,1.88294981148486,8838,Minor_Damage_And_Injuries
8751,35.7077625570776,14,8,74.7493163172288,0.282575549945907,78.54,1,38907.6033547801,1,1.44536961228918,10648,Significant_Damage_And_Serious_Injuries
3806,57.1232876712329,8,11,78.9881494986326,0.414201947349441,80.65,3,31143.0404321038,2,0.15378800083089,3868,Significant_Damage_And_Serious_Injuries
3720,56.9406392694064,11,39,80.2643573381951,0.318276956364948,81.9,2,44163.0481156419,2,0.600082621498808,7983,Minor_Damage_And_Injuries
8662,34.8401826484018,14,13,57.7028258887876,0.505078254597908,84.26,5,38518.2859294847,1,0.026949466655398,10634,Significant_Damage_And_Serious_Injuries
4115,53.7899543378995,9,2,80.6745670009116,0.219827623512441,81.62,1,29328.1457819013,3,1.09257988690076,7343,Highly_Fatal_And_Damaging
725,63.3333333333333,6,3,40.4740200546946,0.52960043274432,84.96,3,8373.44012654902,2,0.0364960775864074,7806,Minor_Damage_And_Injuries
4522,22.9223744292237,23,6,80.9936189608022,0.291591056617381,80.47,4,27037.416414391,2,0.0490861678801767,9137,Minor_Damage_And_Injuries
2789,73.3333333333333,7,2,88.0583409298086,0.298442841687703,77.87,2,19262.1840059827,2,0.253283470951117,8865,Minor_Damage_And_Injuries
3403,77.9908675799087,8,0,70.8295350957156,0.246513523260007,77.09,7,33693.9126926562,0,0.0029602454265384,10849,Significant_Damage_And_Fatalities
5481,49.7260273972603,10,10,87.693710118505,0.287263613415074,83.07,6,26959.5819051962,3,0.0065120821981488,10752,Significant_Damage_And_Serious_Injuries
6373,62.6940639269406,13,22,72.3792160437557,0.273560043274432,80.39,7,33311.1730562469,3,0.0030058698569469,8017,Significant_Damage_And_Fatalities
4633,39.8173515981735,9,1,60.0729261622607,0.360830147854309,79.75,4,32832.4176893392,2,0.0599545335214721,5991,Highly_Fatal_And_Damaging
7756,53.9269406392694,12,34,57.5205104831358,0.437642264695276,86.43,2,35580.6487001058,1,0.481719619088506,2964,Minor_Damage_And_Injuries
4583,41.1415525114155,9,12,60.9845031905196,0.267790119004688,80.77,3,32629.2975573198,1,0.16258386348284,744,Highly_Fatal_And_Damaging
3254,41.0958904109589,16,5,53.6918869644485,0.61939487919221,79.61,2,29498.4301186926,4,0.398856116851596,8907,Highly_Fatal_And_Damaging
7295,29.3150684931507,16,3,85.278030993619,0.240382978723404,76.8,6,34929.7404234047,1,0.0091876148524485,9803,Significant_Damage_And_Serious_Injuries
9816,46.6666666666667,11,7,53.6007292616226,0.695485755499459,79.03,3,37608.9061537303,2,0.187629659106472,7184,Significant_Damage_And_Serious_Injuries
7138,18.9497716894977,16,2,89.5168641750228,0.25985647313379,78.23,2,16355.890560807,1,0.209716720905563,8552,Highly_Fatal_And_Damaging
8433,45.7990867579909,11,2,75.2506836827712,0.168258925351605,81.61,3,39961.8207622236,3,0.198336004530739,11450,Significant_Damage_And_Serious_Injuries
4330,42.8767123287671,12,14,58.5232452142206,0.416005048683736,82.13,6,26640.1090793987,2,0.0064595192336722,8357,Significant_Damage_And_Serious_Injuries
608,34.2922374429224,15,19,62.7164995442115,0.362993869455463,79.86,3,35460.2652816768,1,0.175624748220402,11574,Significant_Damage_And_Serious_Injuries
4558,48.2648401826484,10,13,43.5278030993619,0.782395239812477,79.13,5,24798.3540796078,2,0.0170823495653645,5030,Minor_Damage_And_Injuries
159,72.0091324200913,11,3,62.9443938012762,0.321883159033537,85.71,7,43296.0711451878,3,0.0037500668344686,11878,Significant_Damage_And_Fatalities
5711,49.5890410958904,10,0,53.9197812215132,0.461803822574828,80.13,4,33640.8300414984,1,0.0611659950307935,8354,Minor_Damage_And_Injuries
3447,28.4018264840183,13,8,46.718322698268,0.491014064190407,78.32,3,30281.730328791,2,0.151103535537813,3652,Significant_Damage_And_Fatalities
5836,12.4200913242009,18,21,44.7128532360985,0.580447890371439,82.15,1,33878.337631156,0,1.24112616899926,1582,Significant_Damage_And_Fatalities
1085,43.972602739726,9,3,73.4731084776664,0.265626397403534,82.66,4,34007.0176462605,2,0.0626562639126589,3621,Highly_Fatal_And_Damaging
6399,55.3424657534247,8,8,70.8295350957156,0.424299314821493,76.98,7,34199.8915692623,2,0.0032737912486277,4880,Significant_Damage_And_Serious_Injuries
4039,40.7762557077626,13,17,73.3363719234275,0.458197619906239,76.4,3,37862.9199927159,3,0.189583681078914,5322,Significant_Damage_And_Serious_Injuries
7555,45.7990867579909,8,24,71.9690063810392,0.271035701406419,79.99,6,32861.2768383276,2,0.0077320872026755,6644,Highly_Fatal_And_Damaging
3846,34.2922374429224,15,0,80.355515041021,0.196387306166606,76.11,2,16149.3177035064,2,0.209602822932632,4362,Significant_Damage_And_Serious_Injuries
4600,38.675799086758,13,10,64.3573381950775,0.332701767039307,77.34,3,28814.0737967906,1,0.141526014290169,10080,Significant_Damage_And_Serious_Injuries
163,17.3059360730594,16,7,51.5952597994531,0.422496213487198,78.91,1,22087.4860136636,0,0.812553201158861,1542,Significant_Damage_And_Fatalities
9978,42.4200913242009,12,8,54.7402005469462,0.362633249188604,86.57,1,26432.6448785159,2,0.972402662659163,4986,Minor_Damage_And_Injuries
5412,51.4611872146119,13,3,57.8851412944394,0.414923187883159,77.02,5,36594.4894820802,2,0.025353860841503,5211,Minor_Damage_And_Injuries
237,33.2420091324201,15,0,76.7547857793984,0.380303642264695,85.3,5,23921.6874918585,1,0.0153310618746404,9055,Significant_Damage_And_Serious_Injuries
1847,61.2328767123288,10,15,73.746581586144,0.334144248106743,78.18,2,9065.40417066948,3,0.122686904109192,11541,Minor_Damage_And_Injuries
4957,50.5022831050228,10,0,71.0118505013674,0.326931842769563,80.43,6,21674.7237723003,4,0.0056527334821652,7951,Significant_Damage_And_Serious_Injuries
9261,31.8264840182648,15,1,73.6098450319052,0.347126577713667,82.57,3,44732.4311621128,2,0.222405152487079,8512,Significant_Damage_And_Serious_Injuries
9702,64.0182648401826,13,11,75.8432087511395,0.434036062026686,79.64,2,45300.0270165971,2,0.612998871089524,6759,Significant_Damage_And_Fatalities
5983,87.4885844748858,3,3,60.665451230629,0.314670753696357,78.03,1,38341.4628028992,1,1.41294969166559,8735,Significant_Damage_And_Fatalities
6209,71.5981735159817,7,19,76.5268915223336,0.374533717994951,77.69,2,19525.85738177,2,0.252547764645463,6398,Minor_Damage_And_Injuries
7335,32.1461187214612,12,8,59.9817684594348,0.28149368914533,79.28,4,36657.8455729123,2,0.067196147915411,6345,Highly_Fatal_And_Damaging
7437,69.3607305936073,11,10,73.9288969917958,0.43619978362784,77.46,7,28566.6330064354,2,0.0029271050852218,8957,Significant_Damage_And_Fatalities
2812,95.2511415525114,4,3,78.0765724703738,0.309982690227191,78.31,7,28201.7353365839,2,0.0029059606293677,11432,Significant_Damage_And_Fatalities
1059,68.4931506849315,11,1,61.7137648131267,0.370927515326361,82.49,4,32779.54276883,0,0.0601777442176999,12064,Significant_Damage_And_Fatalities
5916,45.8904109589041,11,13,38.7876025524157,0.729023440317345,77.95,2,31671.9482328878,2,0.429274158143407,5922,Minor_Damage_And_Injuries
8358,41.689497716895,19,8,45.897903372835,0.668078615218175,78.76,6,24941.7862445858,1,0.0061810368598627,185,Significant_Damage_And_Serious_Injuries
7042,24.6118721461187,14,16,68.4138559708295,0.417086909484313,77.83,4,36305.7929992729,2,0.0659090451540448,3090,Highly_Fatal_And_Damaging
7979,36.62100456621,17,0,71.5587967183227,0.248316624594302,84.93,5,36166.0039080309,1,0.0244090469441248,540,Minor_Damage_And_Injuries
8421,20.1826484018265,19,0,35.8249772105743,0.754627479264334,77.86,3,40580.037740715,1,0.201830705207261,9496,Minor_Damage_And_Injuries
8635,63.972602739726,6,3,45.4876937101185,0.269953840605842,79.34,4,24451.819618031,1,0.0443042071804465,6973,Minor_Damage_And_Injuries
4755,40.7762557077626,9,3,75.7064721969006,0.369845654525784,79.98,4,16209.2902996607,2,0.0303895622038682,8229,Highly_Fatal_And_Damaging
4182,50.4109589041096,13,1,72.0145852324522,0.334865488640461,84.96,2,20228.1228705605,1,0.277637542715051,7680,Minor_Damage_And_Injuries
7293,54.8401826484018,9,34,72.0145852324522,0.30313090515687,82.3,3,40726.4496920452,1,0.200404041434698,8442,Significant_Damage_And_Serious_Injuries
2278,48.4018264840183,7,22,77.3473108477666,0.40374395961053,75.88,2,14865.9056452982,2,0.201266098410958,5302,Highly_Fatal_And_Damaging
9722,34.0182648401826,18,13,55.6061987237922,0.541140281283808,78.61,1,25739.3846771422,4,0.936484556293277,7982,Minor_Damage_And_Injuries
298,45.0228310502283,15,0,93.8012762078396,0.176553191489361,79.98,4,33941.903054487,2,0.0626562639126589,8471,Minor_Damage_And_Injuries
8673,42.5570776255708,9,3,63.947128532361,0.24543166245943,83.74,1,29887.2364975067,3,1.10726459904649,4403,Highly_Fatal_And_Damaging
5735,33.6529680365297,11,2,61.485870556062,0.322243779300397,77.79,4,24523.4215423173,3,0.0444837660915728,10379,Highly_Fatal_And_Damaging
5979,51.0502283105023,13,6,64.7219690063811,0.52599423007573,78.34,4,51044.7091093402,2,0.0928046600866946,5365,Minor_Damage_And_Injuries
8699,64.6575342465753,9,12,40.5195989061076,0.438724125495853,75.12,2,31925.2755538881,3,0.433893499307323,9758,Highly_Fatal_And_Damaging
5612,36.62100456621,10,11,65.4056517775752,0.54763144608727,82.02,4,36687.8536553496,1,0.067847155870399,9339,Highly_Fatal_And_Damaging
9785,27.9908675799087,20,1,70.3737465815861,0.382467363865849,76.13,4,46027.1814076448,1,0.0847856393439959,8284,Minor_Damage_And_Injuries
728,59.0867579908676,11,1,69.3710118505014,0.343880995311936,83.56,2,38384.4318243461,0,0.519355070097568,11000,Minor_Damage_And_Injuries
4892,30.8219178082192,16,6,57.1558796718323,0.343159754778218,77.0,4,27007.9663942613,4,0.0495178660399433,1656,Minor_Damage_And_Injuries
1221,50.2283105022831,10,1,39.8814949863264,0.538615939415795,77.25,5,10393.0547497419,2,0.008688779793649,9872,Minor_Damage_And_Injuries
5388,78.4018264840183,5,23,76.6180492251596,0.287263613415074,79.58,2,28259.6806196274,1,0.381164849621306,9305,Minor_Damage_And_Injuries
4233,48.7214611872146,11,1,84.5487693710119,0.201435989902632,82.45,3,39961.8207622236,1,0.198958190239315,5036,Significant_Damage_And_Serious_Injuries