,Safety_Score,Days_Since_Inspection,Total_Safety_Complaints,Control_Metric,Turbulence_In_gforces,Cabin_Temperature,Accident_Type_Code,Max_Elevation,Violations,Adverse_Weather_Metric,Accident_ID,Severity
3108,30.5936073059361,19,1,64.3117593436645,0.438363505228994,78.63,5,30685.6982213411,3,0.0195516826413514,1125,Minor_Damage_And_Injuries
9417,32.8767123287671,15,1,72.0145852324522,0.340274792643346,89.43,6,43276.564582851,1,0.0109988106068976,8561,Significant_Damage_And_Serious_Injuries
526,2.64840182648402,20,0,65.3144940747493,0.272838802740714,83.73,1,38399.455104896,2,1.41399626399471,9933,Highly_Fatal_And_Damaging
1543,52.1917808219178,9,11,78.9881494986326,0.308540209159754,77.22,4,41509.545282458,3,0.076025359959977,10481,Highly_Fatal_And_Damaging
696,42.0547945205479,9,5,57.9762989972653,0.43583916336098,80.9,4,35320.9454536098,1,0.0652770328532724,224,Highly_Fatal_And_Damaging
8698,32.5570776255708,15,5,47.9033728350046,0.409513883880274,81.18,3,45582.9699395343,3,0.22712291568031,8995,Minor_Damage_And_Injuries
675,28.675799086758,13,2,62.2607110300821,0.396892174540209,83.27,3,22169.2085958915,2,0.109620844544563,5174,Highly_Fatal_And_Damaging
3607,49.7260273972603,10,1,53.9197812215132,0.432232960692391,75.98,6,32942.2109489692,3,0.0078457307733103,5793,Minor_Damage_And_Injuries
7814,63.8356164383562,6,2,58.8422971741112,0.42538117562207,76.13,3,44792.4219458738,4,0.223008337378143,10077,Significant_Damage_And_Serious_Injuries
6951,58.675799086758,11,5,68.1403828623519,0.21297583844212,80.63,2,26755.0079413697,3,0.362925272467254,3448,Minor_Damage_And_Injuries
3560,19.2237442922374,16,0,74.2479489516864,0.428626758023801,82.12,4,24820.1673697463,1,0.0452453456509353,2631,Highly_Fatal_And_Damaging
6433,33.0593607305936,15,2,62.0328167730173,0.386794807068157,83.19,3,26459.3327304016,1,0.130516892553366,3714,Significant_Damage_And_Serious_Injuries
2290,27.945205479452,20,6,76.4813126709207,0.381746123332131,81.82,4,32328.2199170687,3,0.0587171967854856,9199,Minor_Damage_And_Injuries
943,42.648401826484,8,22,64.3117593436645,0.387876667868734,86.43,7,42414.4038324728,3,0.0039720195241553,7846,Highly_Fatal_And_Damaging
1637,37.8082191780822,14,0,74.7493163172288,0.251922827262892,77.07,3,37178.3769732465,3,0.184826859556648,1808,Significant_Damage_And_Serious_Injuries
4323,48.7214611872146,17,3,66.1804922515953,0.376336819329246,79.81,7,20106.7303917632,3,0.0018962698728549,7134,Significant_Damage_And_Fatalities
9812,24.8401826484018,17,33,42.616226071103,0.473704291381176,82.46,2,19136.0861004631,3,0.252547764645463,6454,Minor_Damage_And_Injuries
9646,46.4840182648402,15,3,50.820419325433,0.438002884962135,83.12,3,18247.3728312848,3,0.0908168756629649,5243,Highly_Fatal_And_Damaging
3874,18.3561643835616,20,3,65.6335460346399,0.282575549945907,79.37,6,23081.8398280032,1,0.0055955359961786,2295,Significant_Damage_And_Serious_Injuries
4517,35.7990867579909,14,8,57.9762989972653,0.505438874864767,84.82,3,30708.3381124411,3,0.153105656109876,9085,Significant_Damage_And_Serious_Injuries
9642,36.62100456621,10,7,64.6763901549681,0.321883159033537,79.15,3,36656.5473460937,4,0.183310929287326,937,Highly_Fatal_And_Damaging
6339,32.5570776255708,12,9,48.9061075660894,0.422496213487198,81.89,3,33426.1810266522,1,0.164634007734505,1058,Highly_Fatal_And_Damaging
4544,43.7899543378995,8,6,87.0556061987238,0.264183916336098,82.43,1,41205.6890305526,3,1.52229250928503,1988,Highly_Fatal_And_Damaging
493,72.8767123287671,10,1,53.6463081130356,0.284739271547061,79.19,7,37796.2166893699,2,0.0036254721411716,11026,Significant_Damage_And_Fatalities
3544,24.7488584474886,14,10,70.9206927985415,0.347126577713667,79.17,7,16360.9637668824,3,0.0014552398810924,8752,Highly_Fatal_And_Damaging
9754,36.027397260274,14,10,71.4220601640839,0.324046880634692,80.36,3,26207.1291155829,2,0.130772545735495,7167,Significant_Damage_And_Serious_Injuries
2260,52.1004566210046,6,1,80.0364630811304,0.134,79.3,4,22331.8751251695,1,0.0413384526477102,9154,Highly_Fatal_And_Damaging
2773,35.1598173515982,11,5,60.8477666362808,0.40735016227912,76.79,2,28929.7446693501,2,0.392319835029806,5273,Highly_Fatal_And_Damaging
5931,31.2328767123288,12,6,66.4995442114859,0.321883159033537,79.51,1,40973.9095182754,2,1.52229250928503,4263,Highly_Fatal_And_Damaging
8069,65.0228310502283,9,0,68.003646308113,0.240022358456545,76.61,4,32800.8368678312,2,0.05994597155975,9010,Minor_Damage_And_Injuries
4824,36.62100456621,11,7,58.7967183226983,0.412038225748287,84.48,4,43887.3019722406,0,0.0800334853925099,6353,Highly_Fatal_And_Damaging
9568,47.0319634703196,14,8,85.7793983591614,0.273199423007573,83.56,2,25820.201823365,2,0.349502745439655,11939,Minor_Damage_And_Injuries
7823,58.310502283105,11,2,66.4995442114859,0.36768193292463,78.32,2,50138.8533250908,1,0.677300018921993,11094,Minor_Damage_And_Injuries
3668,47.8995433789954,7,1,67.5022789425707,0.26706887847097,77.42,4,33242.4580333152,1,0.0610987818830487,3412,Highly_Fatal_And_Damaging
9060,64.5205479452055,13,19,64.6763901549681,0.230646231518211,77.79,4,29333.0700005052,5,0.053751422666227,3514,Significant_Damage_And_Fatalities
9459,26.4840182648402,14,2,47.9489516864175,0.509766318067075,79.33,3,18915.5090248707,4,0.0950588591438292,10036,Significant_Damage_And_Fatalities
9096,27.6255707762557,13,2,78.8969917958068,0.397974035340786,79.89,4,27009.5953686171,0,0.0488280924393362,8624,Highly_Fatal_And_Damaging
7300,56.8493150684931,5,20,69.2342752962625,0.440887847097007,81.57,4,11265.9177885903,2,0.0015233035421831,11177,Highly_Fatal_And_Damaging
5167,30.3196347031963,16,5,70.464904284412,0.382467363865849,76.48,3,34255.7043624546,2,0.17069849613111,1204,Significant_Damage_And_Serious_Injuries
3628,34.3835616438356,11,8,73.6554238833182,0.404104579877389,77.65,5,18505.6168776094,1,0.0128700652295364,6901,Highly_Fatal_And_Damaging
5270,43.4703196347032,15,4,52.3245214220602,0.311064551027768,76.86,1,37249.520086068,0,1.37530557650739,11971,Highly_Fatal_And_Damaging
1793,56.62100456621,8,2,64.8131267092069,0.365518211323476,77.53,5,31387.7303250155,2,0.0202962591321259,1893,Significant_Damage_And_Serious_Injuries
2389,46.1187214611872,15,1,57.2014585232452,0.311425171294627,81.05,2,40968.8743044528,3,0.554227832031061,5731,Minor_Damage_And_Injuries
4789,29.634703196347,16,0,81.5861440291705,0.433675441759827,84.72,6,34431.9183697929,0,0.0091062557187079,4290,Significant_Damage_And_Serious_Injuries
1261,33.5616438356164,18,8,47.2196900638104,0.484522899386945,76.66,6,36997.329884366,2,0.008414035807194,11812,Highly_Fatal_And_Damaging
9882,43.4703196347032,15,2,67.7757520510483,0.193862964298593,79.31,2,29763.1841640457,2,0.401309819318027,3707,Minor_Damage_And_Injuries
7569,2.73972602739726,23,5,67.4111212397448,0.469737468445727,77.22,4,49433.3029790945,2,0.0905402526442483,9992,Highly_Fatal_And_Damaging
1116,32.3744292237443,12,1,68.3226982680037,0.134,79.7,6,30423.7249691533,3,0.0075034789920839,11588,Highly_Fatal_And_Damaging
1339,0.0,20,1,65.8614402917047,0.368042553191489,81.64,7,49433.3029790945,1,0.0045777843014353,7970,Highly_Fatal_And_Damaging
896,54.2922374429224,9,2,87.2835004557885,0.316113234763794,87.27,6,40757.3230112037,3,0.0100998662573888,5884,Significant_Damage_And_Serious_Injuries
148,58.7671232876712,14,8,73.0173199635369,0.34965091958168,79.29,7,37867.5043414365,4,0.0036406861501729,8621,Significant_Damage_And_Fatalities
3932,53.2420091324201,13,13,56.1075660893346,0.366960692390912,83.53,1,29033.2942473191,2,1.06635953548775,9768,Highly_Fatal_And_Damaging
2491,27.9908675799087,13,10,86.9644484958979,0.143376126938334,80.98,3,29955.5307373448,2,0.149447389548586,2669,Highly_Fatal_And_Damaging
5514,33.972602739726,11,14,71.4676390154968,0.237858636855391,82.07,4,51143.5391676143,2,0.0958258956683562,8285,Highly_Fatal_And_Damaging
1461,40.6392694063927,16,1,56.9735642661805,0.303491525423729,81.62,5,27850.9170757979,2,0.0179965117276075,11918,Highly_Fatal_And_Damaging
7716,40.6849315068493,16,1,72.3792160437557,0.302409664623152,77.94,4,19615.290329981,1,0.0359326251060639,1871,Minor_Damage_And_Injuries
6059,55.8447488584475,8,11,69.8723792160438,0.475146772448611,83.28,3,24641.4641548803,3,0.122543644144534,11362,Significant_Damage_And_Serious_Injuries
3660,32.5114155251142,12,7,66.5907019143118,0.354338983050847,80.71,4,35111.5284262414,2,0.0636819837649643,1387,Highly_Fatal_And_Damaging
109,35.2511415525114,11,6,51.3673655423883,0.398695275874504,80.44,7,35285.2690352296,2,0.0032123630149128,7862,Significant_Damage_And_Fatalities
6881,50.5022831050228,6,1,70.464904284412,0.249759105661738,82.11,4,36166.0039080309,3,0.0660248869185695,10966,Highly_Fatal_And_Damaging
2119,41.324200913242,16,4,58.8422971741112,0.219467003245582,77.29,1,28509.7596822488,1,1.03274750346758,1120,Minor_Damage_And_Injuries
2495,29.7716894977169,12,1,50.1367365542388,0.503275153263613,77.83,4,29502.7634210532,4,0.0528451340525014,10193,Significant_Damage_And_Fatalities
7639,31.0958904109589,12,5,87.5569735642662,0.234973674720519,80.24,3,33570.2963672233,1,0.168173042884736,8189,Highly_Fatal_And_Damaging
6474,34.4292237442922,14,13,89.4257064721969,0.200354129102055,79.58,4,26959.5819051962,3,0.0490314461556636,628,Significant_Damage_And_Serious_Injuries
5106,54.4748858447489,9,23,71.5587967183227,0.17330760908763,82.64,3,35684.8827698476,3,0.177623324826473,8333,Significant_Damage_And_Serious_Injuries
7786,52.648401826484,6,7,71.6043755697357,0.430069239091237,81.57,4,46540.2720370916,2,0.0847717786435794,6855,Highly_Fatal_And_Damaging
2151,56.7579908675799,8,4,69.1431175934367,0.32116191849982,83.74,6,28510.1224862741,2,0.0070780216565239,880,Significant_Damage_And_Serious_Injuries
9206,44.703196347032,12,4,72.6526891522334,0.351454020915975,77.72,2,38183.1809071596,3,0.517264576106437,6683,Significant_Damage_And_Serious_Injuries
4723,38.310502283105,13,1,52.3245214220602,0.337029210241615,77.92,6,41643.7682906453,1,0.010247915761715,9502,Minor_Damage_And_Injuries
6421,40.3196347031963,13,9,58.8422971741112,0.531042913811756,82.64,2,36933.8446810816,2,0.503141110685375,9280,Significant_Damage_And_Serious_Injuries
3787,60.9132420091324,7,6,62.0783956244303,0.297000360620267,84.41,2,43489.0207812322,1,0.585156049551852,2818,Highly_Fatal_And_Damaging
1031,53.5616438356164,9,1,61.3947128532361,0.369124413992066,75.35,2,61815.4982895265,1,0.79816489732788,9237,Significant_Damage_And_Serious_Injuries
2876,36.0730593607306,14,3,82.9079307201459,0.372009376126938,80.64,3,15865.8721701261,2,0.0803772078482256,3591,Significant_Damage_And_Serious_Injuries
177,51.5525114155251,13,11,77.5296262534184,0.316473855030653,78.35,5,44315.605350123,1,0.0291001545682159,11780,Minor_Damage_And_Injuries
8353,19.1780821917808,16,3,61.4402917046491,0.38571294626758,78.37,4,23720.1789326526,3,0.0434717134034317,12141,Highly_Fatal_And_Damaging
1796,23.7899543378995,14,7,65.9981768459435,0.520945546339704,80.42,6,40424.9322137671,3,0.0098557091080722,5309,Highly_Fatal_And_Damaging
7142,43.37899543379,15,6,60.5287146763902,0.361190768121168,77.0,2,38079.8427477091,1,0.515354630386689,8271,Minor_Damage_And_Injuries
1656,63.1963470319635,13,8,67.8669097538742,0.345684096646231,78.5,2,45878.8795912215,3,0.628574319565372,11238,Significant_Damage_And_Fatalities
3995,52.1461187214612,16,0,82.9535095715588,0.271396321673278,78.11,7,37253.905366837,1,0.0036406861501729,11606,Significant_Damage_And_Fatalities
4716,56.7579908675799,8,4,69.1431175934367,0.445215290299315,83.36,3,28602.6042861829,3,0.142615982984133,1884,Significant_Damage_And_Serious_Injuries
2428,31.3698630136986,15,2,69.1431175934367,0.37489433826181,80.67,3,13375.3548625214,2,0.0665379775736837,6289,Significant_Damage_And_Serious_Injuries
8191,50.9132420091324,10,0,45.3965360072927,0.727941579516768,80.24,4,48400.6194864647,2,0.0888961552082543,6791,Minor_Damage_And_Injuries
5811,49.0867579908676,10,1,68.9608021877849,0.413120086548864,77.3,6,28154.2803480068,4,0.0067058787859423,6837,Significant_Damage_And_Serious_Injuries
2482,37.3059360730594,14,3,41.6134913400182,0.534288496213487,79.58,2,11344.0221880675,3,0.146846222191999,8145,Minor_Damage_And_Injuries
3795,41.0958904109589,9,1,72.3792160437557,0.516978723404255,86.58,4,46938.7093310522,3,0.0865139983925863,9395,Highly_Fatal_And_Damaging
157,67.4429223744292,12,4,74.7948951686418,0.233531193653083,85.61,7,25956.9935017014,2,0.002534247040304,8816,Significant_Damage_And_Fatalities
7416,36.8493150684931,14,0,58.2497721057429,0.350372160115398,78.73,3,48525.1107104034,2,0.243487495822933,8203,Significant_Damage_And_Serious_Injuries
7070,26.027397260274,14,0,83.5460346399271,0.283296790479625,79.71,4,38300.7825330847,1,0.0708873270749383,3002,Highly_Fatal_And_Damaging
6503,73.607305936073,10,1,61.2123974475843,0.331980526505589,75.35,7,27060.7287356691,2,0.0021664518895932,4483,Significant_Damage_And_Fatalities
7648,38.8584474885845,10,17,51.8231540565178,0.639950234403173,83.73,5,38340.917759317,1,0.025816320539418,4076,Significant_Damage_And_Fatalities
1202,31.7351598173516,21,4,63.0811303555151,0.563138117562207,82.0,2,44363.1891191291,2,0.600585392120449,11544,Significant_Damage_And_Fatalities
8070,58.2648401826484,11,7,76.8915223336372,0.426823656689506,82.92,5,29213.2781256254,1,0.0203538907847209,1422,Minor_Damage_And_Injuries
7691,38.7214611872146,13,9,62.9443938012762,0.379582401730977,76.35,3,22231.9110606015,2,0.110373990402509,7611,Significant_Damage_And_Serious_Injuries
213,15.4337899543379,17,0,67.5022789425707,0.405547060944825,79.45,4,47362.3492851638,2,0.0865139983925863,9318,Highly_Fatal_And_Damaging
906,55.9360730593607,12,7,72.0145852324522,0.380303642264695,81.92,3,20630.7168545235,3,0.10271429105142,11791,Minor_Damage_And_Injuries
3375,47.8995433789954,17,12,49.0428441203282,0.251201586729174,79.31,7,9966.28139209759,2,0.0014319793671616,9490,Significant_Damage_And_Serious_Injuries
5164,32.8767123287671,15,7,62.6709206927985,0.307818968626037,78.09,3,26989.6146435872,1,0.134484836771453,153,Significant_Damage_And_Serious_Injuries
2317,37.9908675799087,13,1,79.1704649042844,0.229203750450775,77.89,3,26032.9419014836,1,0.128131027077609,181,Significant_Damage_And_Serious_Injuries
5285,43.2420091324201,9,0,47.1741112123974,0.633098449332852,79.78,3,34143.6751620819,2,0.170265585090925,7434,Significant_Damage_And_Fatalities
245,47.9908675799087,18,2,46.0346399270738,0.400858997475658,76.9,7,30457.891756664,3,0.0028348289195135,11580,Significant_Damage_And_Serious_Injuries
9426,34.4748858447488,11,8,65.9981768459435,0.239661738189686,81.28,1,20478.7647390918,2,0.750477041789785,2873,Highly_Fatal_And_Damaging
3150,26.5753424657534,17,8,82.0875113947128,0.221630724846736,79.83,2,42639.2344368458,2,0.577773876497628,7326,Significant_Damage_And_Serious_Injuries
3965,43.3333333333333,12,1,57.4293527803099,0.442690948431302,83.9,2,37121.9154719923,3,0.503141110685375,8007,Significant_Damage_And_Serious_Injuries
1481,22.7853881278539,15,4,37.2835004557886,0.59451208077894,77.91,1,37034.4056430355,3,1.34784952706186,42,Significant_Damage_And_Fatalities
4582,49.1780821917808,10,4,58.4320875113947,0.39292535160476,80.9,6,47462.7280298216,2,0.0116123239444989,7850,Significant_Damage_And_Serious_Injuries
3349,44.2009132420091,8,1,32.7256153144941,0.61939487919221,80.15,5,26706.8543840839,1,0.0187014909382164,3636,Significant_Damage_And_Fatalities
4309,45.2054794520548,15,3,72.2424794895169,0.268150739271547,78.31,2,30465.0899917416,1,0.413267080126156,278,Minor_Damage_And_Injuries
3093,56.1187214611872,8,1,75.8887876025524,0.243989181391994,81.53,1,26632.0129708879,4,0.972402662659163,12047,Significant_Damage_And_Serious_Injuries
2039,31.7351598173516,12,15,54.922515952598,0.487407861521817,77.37,1,24135.4433661131,3,0.901972619496758,12048,Significant_Damage_And_Fatalities
9072,24.8401826484018,14,5,75.8887876025524,0.306737107825459,77.53,4,25770.4611825875,3,0.0471571412717711,2287,Highly_Fatal_And_Damaging
6832,26.3470319634703,14,2,73.746581586144,0.28149368914533,77.07,7,23888.070882733,2,0.0023669714254217,475,Highly_Fatal_And_Damaging
1295,27.3972602739726,13,8,51.0483135824977,0.58369347277317,82.27,4,28144.1617335819,3,0.0522542716629988,189,Significant_Damage_And_Fatalities
2994,48.7214611872146,10,10,79.8997265268915,0.234973674720519,77.93,3,32932.7239225323,2,0.162966110820739,1798,Significant_Damage_And_Serious_Injuries
3571,25.6164383561644,14,15,68.5050136736554,0.388237288135593,80.23,4,38271.1876810546,0,0.0707077552095908,11084,Highly_Fatal_And_Damaging
6734,48.8584474885845,14,17,72.926162260711,0.363715109989181,76.46,2,36906.1699044834,4,0.498635558744046,10383,Minor_Damage_And_Injuries
6306,56.1187214611872,12,18,77.1194165907019,0.243989181391994,76.5,5,18147.483466394,2,0.0108072656643546,4334,Minor_Damage_And_Injuries
5596,77.3059360730594,4,2,88.4685505925251,0.185568698160836,76.11,6,16837.0598386233,3,0.0049722243516095,3491,Significant_Damage_And_Serious_Injuries
1791,62.1461187214612,10,15,58.7511394712853,0.495702127659574,83.71,2,36517.8760767438,5,0.488682348438616,9589,Minor_Damage_And_Injuries
6324,78.2191780821918,9,30,54.0565177757521,0.30313090515687,80.71,7,23192.1558746436,2,0.0021238941409921,11760,Significant_Damage_And_Serious_Injuries
2115,55.5707762557078,12,10,65.5423883318141,0.278969347277317,77.99,5,27917.3025835836,1,0.0193428547975353,10264,Minor_Damage_And_Injuries
6523,41.689497716895,13,9,83.59161349134,0.214418319509556,80.92,6,34665.4617777329,2,0.0092353588658826,11292,Significant_Damage_And_Serious_Injuries
4429,70.0456621004566,4,1,55.6061987237922,0.380303642264695,82.02,3,30551.9144715984,2,0.151840046781855,7417,Minor_Damage_And_Injuries
1760,33.972602739726,11,5,57.5205104831358,0.428626758023801,78.06,1,29989.0265842119,2,1.10323463410754,8770,Highly_Fatal_And_Damaging
5441,22.0091324200913,15,5,70.3281677301732,0.276084385142445,75.34,7,40401.4218160128,2,0.0034191797135848,6383,Highly_Fatal_And_Damaging
7689,72.5570776255708,7,2,66.1349134001823,0.335586729174179,77.04,2,50138.8533250908,2,0.677300018921993,1140,Highly_Fatal_And_Damaging
9277,51.324200913242,13,2,49.0884229717411,0.662308690948431,80.16,3,22169.2085958915,2,0.110373990402509,8116,Highly_Fatal_And_Damaging
1916,37.5342465753425,10,0,67.3199635369189,0.491735304724126,80.71,4,36884.0023856598,2,0.0675235373533295,10790,Highly_Fatal_And_Damaging
1328,46.4383561643836,11,7,52.461257976299,0.387155427335016,80.55,4,17731.5542769187,2,0.0317660254151927,7252,Minor_Damage_And_Injuries
9547,55.0228310502283,16,33,41.2032816773018,0.691158312297151,78.96,7,51246.6408542622,0,0.0045467181518066,4036,Significant_Damage_And_Fatalities
9331,20.1826484018265,19,10,54.0109389243391,0.317555715831229,78.95,1,41265.0893329256,1,1.51344863404037,9631,Minor_Damage_And_Injuries
4804,45.7990867579909,11,24,72.8805834092981,0.365157591056617,82.36,3,39863.3683153599,2,0.19890841544931,10908,Significant_Damage_And_Serious_Injuries
4337,55.0228310502283,12,1,73.4275296262534,0.356142084385142,78.02,5,40674.112655783,1,0.0273168021552321,10977,Minor_Damage_And_Injuries
2853,26.1187214611872,17,6,63.1722880583409,0.330898665705012,76.98,6,28164.6002001739,1,0.0068721559940489,11328,Significant_Damage_And_Serious_Injuries
2057,33.1963470319635,11,11,83.59161349134,0.289066714749369,82.53,3,41770.8047803057,2,0.208458585806466,5923,Highly_Fatal_And_Damaging
8708,39.634703196347,17,17,67.8213309024613,0.330538045438154,76.92,4,31867.7278325233,2,0.0585884246430177,7258,Minor_Damage_And_Injuries
7933,16.1643835616438,17,12,80.9936189608022,0.431151099891814,81.44,2,54429.8119084636,0,0.746908740126634,7520,Highly_Fatal_And_Damaging
3176,62.283105022831,13,5,54.7857793983592,0.476589253516048,75.9,7,48071.5632292328,3,0.0043835591564751,8432,Significant_Damage_And_Serious_Injuries
5942,52.2374429223744,13,3,55.5606198723792,0.493899026325279,78.08,1,36925.0352582009,0,1.36241964520764,1224,Highly_Fatal_And_Damaging
6026,29.6803652968037,13,16,75.4785779398359,0.233531193653083,75.67,1,30384.1142456733,1,1.1096272722118,9253,Highly_Fatal_And_Damaging
640,21.324200913242,18,3,50.1823154056518,0.564219978362784,78.9,3,42526.7392407677,1,0.212243576123403,2849,Minor_Damage_And_Injuries
3106,33.6529680365297,15,6,69.5533272561531,0.230646231518211,77.1,3,24386.649921265,1,0.123395575463048,12459,Significant_Damage_And_Serious_Injuries
3926,10.8675799086758,18,1,75.6608933454877,0.388237288135593,81.97,7,40231.6795447782,4,0.0036254721411716,10163,Highly_Fatal_And_Damaging
8449,39.5890410958904,17,5,60.8021877848678,0.405547060944825,76.86,2,32848.2932837612,1,0.444553307539715,629,Minor_Damage_And_Injuries
145,32.7397260273973,12,7,63.6736554238833,0.43259358095925,77.34,4,27897.8067021377,2,0.0507105431114939,841,Highly_Fatal_And_Damaging
8890,26.7123287671233,14,0,53.7830446672744,0.476589253516048,77.32,4,48814.0867809123,3,0.088524033837248,8783,Significant_Damage_And_Fatalities
8729,30.2283105022831,12,6,62.1239744758432,0.232088712585647,81.27,1,20285.7112878375,2,0.742435605455821,10731,Highly_Fatal_And_Damaging
5072,62.5114155251141,13,0,89.334548769371,0.217663901911287,79.94,7,32397.8028563726,2,0.0031312676073089,4138,Significant_Damage_And_Fatalities
7338,50.5022831050228,13,5,69.1431175934367,0.254086548864046,76.58,5,45972.1359787677,2,0.0316153311067691,5088,Minor_Damage_And_Injuries
7619,15.2054794520548,20,10,59.3892433910666,0.283657410746484,76.79,3,28554.7773720691,2,0.142927068408558,302,Significant_Damage_And_Serious_Injuries
9435,30.0,13,2,85.278030993619,0.301327803822575,77.11,7,25111.1749048795,2,0.0022803372822657,7430,Highly_Fatal_And_Damaging
5625,31.2785388127854,12,2,73.3363719234275,0.342799134511359,81.73,4,30528.1424459409,2,0.0562028167670757,2367,Highly_Fatal_And_Damaging
1322,43.7899543378995,9,0,32.7256153144941,0.584775333573747,82.34,5,32628.399491092,1,0.0223033361226062,10448,Significant_Damage_And_Fatalities
9394,31.2328767123288,12,2,62.8532360984503,0.312507032095204,76.49,1,33495.7760928761,2,1.22817096868824,9538,Highly_Fatal_And_Damaging
5299,62.3744292237443,6,0,56.0619872379216,0.456394518571944,82.38,2,38406.931881458,2,0.519355070097568,6090,Significant_Damage_And_Serious_Injuries
5644,38.8127853881278,13,30,69.4165907019143,0.215860800576992,80.31,3,34207.9443786107,0,0.170645148830517,948,Significant_Damage_And_Serious_Injuries
2711,46.4840182648402,11,1,77.9854147675479,0.384631085467003,78.0,6,40674.112655783,1,0.0102595489014044,8318,Significant_Damage_And_Serious_Injuries
9713,41.1872146118721,13,3,95.077484047402,0.221991345113595,77.6,3,26032.9419014836,1,0.129039751153255,10211,Significant_Damage_And_Serious_Injuries
3341,52.648401826484,6,1,66.7274384685506,0.330538045438154,79.63,4,24317.5614601505,0,0.0449289157473636,694,Highly_Fatal_And_Damaging
8660,57.0319634703196,8,6,52.0966271649954,0.488489722322394,78.46,3,49898.0501197341,1,0.250941168473069,6908,Minor_Damage_And_Injuries
5423,48.3561643835616,11,3,68.3682771194166,0.397974035340786,81.78,5,26852.6964035447,4,0.0183426417789464,11972,Significant_Damage_And_Serious_Injuries
2534,79.5433789954338,8,4,59.1613491340018,0.289066714749369,79.19,2,22429.8625953409,3,0.306829680399169,6462,Significant_Damage_And_Fatalities
3897,25.7077625570776,14,0,76.0255241567913,0.386434186801298,78.23,7,33945.4313005177,1,0.0031012183932532,4044,Highly_Fatal_And_Damaging
2005,44.2009132420091,19,4,65.587967183227,0.261659574468085,77.61,4,22674.8476547938,3,0.0422835255042087,3348,Significant_Damage_And_Fatalities
6332,55.3881278538813,8,2,59.6171376481313,0.451345834835918,77.69,3,24664.5289303028,3,0.122219447167117,1579,Significant_Damage_And_Serious_Injuries
6396,40.7762557077626,13,6,65.9070191431176,0.337750450775333,77.28,3,33184.1078820385,1,0.166305014653227,2026,Significant_Damage_And_Serious_Injuries
8654,60.2739726027397,10,7,68.5050136736554,0.417447529751172,81.76,2,36844.4611648139,2,0.498504576895618,4708,Minor_Damage_And_Injuries
2176,33.0593607305936,15,3,52.5979945305378,0.401219617742517,79.22,4,28716.2754578791,2,0.0537586126419105,1211,Minor_Damage_And_Injuries
8460,34.1552511415525,18,3,55.8340929808569,0.368403173458348,78.44,3,26936.7517230808,2,0.135335798161695,6438,Minor_Damage_And_Injuries
3431,48.310502283105,11,9,54.7402005469462,0.410235124413992,76.09,3,27222.8941270034,3,0.134611369951369,2888,Minor_Damage_And_Injuries
1530,25.5707762557078,14,7,40.5651777575205,0.735153984853949,78.46,3,31006.5572504406,1,0.153635639691209,720,Significant_Damage_And_Fatalities
7196,43.5159817351598,12,1,43.8468550592525,0.456033898305084,77.46,6,34711.4746197655,3,0.0091038778512197,9125,Significant_Damage_And_Serious_Injuries
9466,5.662100456621,20,2,98.8605287146764,0.210812116840966,78.7,1,38564.129227285,4,1.42869567940064,759,Highly_Fatal_And_Damaging
1383,41.4155251141553,13,14,73.1540565177758,0.334504868373603,81.85,3,33680.0996768755,1,0.167563588643247,3190,Significant_Damage_And_Serious_Injuries
9906,39.8173515981735,10,4,58.5232452142206,0.29591849981969,80.63,4,33655.7481525239,2,0.0609647807572276,213,Highly_Fatal_And_Damaging
2440,64.8858447488584,13,7,60.1640838650866,0.307097728092319,77.36,7,28153.6835624095,3,0.0028072276731208,9172,Significant_Damage_And_Fatalities
4250,32.1461187214612,12,1,48.313582497721,0.51156941940137,77.16,4,29502.7634210532,1,0.0528451340525014,11716,Significant_Damage_And_Fatalities
1036,19.041095890411,16,10,70.4193254329991,0.207205914172377,78.64,1,38369.5421594542,1,1.41399626399471,8348,Highly_Fatal_And_Damaging
9074,24.8401826484018,18,33,61.4402917046491,0.364436350522899,83.28,3,56224.4463125981,4,0.27447787565096,1276,Significant_Damage_And_Serious_Injuries
9293,46.3470319634703,15,0,63.7192342752963,0.337389830508475,76.23,7,36324.9430018409,2,0.0030233534603612,10880,Minor_Damage_And_Injuries
338,53.5616438356164,12,5,80.6745670009116,0.219467003245582,78.95,2,29328.1457819013,2,0.397706337034966,7692,Minor_Damage_And_Injuries
7909,30.1826484018265,12,2,78.1221513217867,0.390401009736747,77.75,7,38623.3910253659,1,0.0036621820245714,4698,Highly_Fatal_And_Damaging
5561,42.283105022831,12,0,67.5022789425707,0.251922827262892,81.98,6,26859.1915363265,1,0.0068575422196638,11520,Significant_Damage_And_Serious_Injuries
4666,27.1232876712329,17,2,56.0619872379216,0.466131265777136,80.19,1,55934.468569702,2,2.11697684404786,5592,Minor_Damage_And_Injuries
7713,39.9086757990868,13,1,65.2689152233364,0.250119725928597,78.74,3,47495.6595147704,1,0.233684409670316,7650,Significant_Damage_And_Serious_Injuries
897,47.7168949771689,11,13,45.8523245214221,0.586939055174901,81.12,2,36575.0996156361,3,0.494990146588943,11608,Minor_Damage_And_Injuries