,Safety_Score,Days_Since_Inspection,Total_Safety_Complaints,Control_Metric,Turbulence_In_gforces,Cabin_Temperature,Accident_Type_Code,Max_Elevation,Violations,Adverse_Weather_Metric,Accident_ID,Severity
443,65.8447488584475,9,3,82.1786690975388,0.201435989902632,86.97,2,42820.7213445713,3,0.578476040350286,11774,Minor_Damage_And_Injuries
1638,15.662100456621,17,3,68.4594348222425,0.308540209159754,81.36,4,18000.5056289736,2,0.0320805077660302,11433,Highly_Fatal_And_Damaging
7893,49.0867579908676,14,5,92.8896991795807,0.211533357374684,78.56,2,30792.6950346444,2,0.414941704093137,702,Minor_Damage_And_Injuries
7590,23.6073059360731,14,15,74.7493163172288,0.532124774612333,82.13,7,32510.7217322946,2,0.0031154929534734,7327,Highly_Fatal_And_Damaging
8953,43.3333333333333,15,2,65.9981768459435,0.380664262531554,78.97,1,40566.1030877106,3,1.48585764918901,8997,Minor_Damage_And_Injuries
5705,27.4885844748858,20,13,72.5615314494075,0.39292535160476,82.45,1,35760.8188803756,2,1.31551447723744,1073,Minor_Damage_And_Injuries
8797,50.8219178082192,10,0,69.690063810392,0.32116191849982,78.94,3,19100.8703857173,3,0.0941870401804358,5154,Significant_Damage_And_Serious_Injuries
1776,35.2511415525114,18,0,71.5587967183227,0.424299314821493,80.76,7,24905.0619902748,1,0.0022941411095152,9989,Minor_Damage_And_Injuries
49,33.0593607305936,15,15,72.3336371923428,0.442330328164443,83.6,1,40822.7854450646,2,1.48431579962055,11278,Significant_Damage_And_Serious_Injuries
1908,62.4657534246575,10,27,82.3609845031905,0.395810313739632,76.21,3,17474.5485605647,2,0.0860681777332208,2633,Minor_Damage_And_Injuries
3836,31.0958904109589,16,1,54.6490428441203,0.442330328164443,78.06,1,28193.962254837,1,1.04600375319121,3801,Minor_Damage_And_Injuries
458,57.4885844748858,14,1,85.7793983591614,0.274641904075009,80.65,7,41502.6668199476,4,0.0037778342515366,3232,Significant_Damage_And_Fatalities
5407,20.4566210045662,15,1,66.8185961713765,0.553401370357014,82.19,5,23157.2982287448,3,0.0157543917646869,3589,Highly_Fatal_And_Damaging
7330,54.4292237442922,9,2,75.4785779398359,0.282936170212766,81.53,6,27827.8514266594,2,0.0068575422196638,11144,Significant_Damage_And_Serious_Injuries
473,46.1643835616438,15,21,75.6153144940748,0.333062387306166,79.99,2,29261.0780689291,1,0.395929145143841,8863,Minor_Damage_And_Injuries
1302,62.5114155251141,13,3,60.9845031905196,0.368403173458348,80.67,7,46010.3087453711,1,0.0041299947138364,8241,Significant_Damage_And_Fatalities
1299,18.1735159817352,16,7,71.8778486782133,0.224876307248467,81.23,4,34397.7574159421,3,0.0634078516306716,6203,Highly_Fatal_And_Damaging
8811,21.5068493150685,15,5,62.7164995442115,0.330898665705012,82.39,6,31864.7898725408,2,0.0080003979203929,11472,Highly_Fatal_And_Damaging
2852,43.1963470319635,9,22,73.6098450319052,0.404104579877389,80.83,4,49040.7161051711,3,0.0905402526442483,10180,Highly_Fatal_And_Damaging
3821,73.5159817351598,10,4,64.8587055606199,0.365518211323476,78.83,7,35320.9454536098,2,0.0032737912486277,116,Significant_Damage_And_Fatalities
1304,27.1689497716895,13,4,54.1932543299909,0.335226108907321,78.98,4,26544.3797697738,2,0.047659140392875,10946,Highly_Fatal_And_Damaging
5269,60.5479452054795,10,10,73.4731084776664,0.334144248106743,79.71,2,37297.0932027602,1,0.504117435127591,4473,Minor_Damage_And_Injuries
3131,47.4885844748858,14,8,49.8176845943483,0.346405337179949,78.32,2,36091.5527721269,2,0.489011562768232,92,Highly_Fatal_And_Damaging
5862,24.7945205479452,14,8,80.6289881494986,0.431151099891814,86.43,4,33722.2487419582,3,0.0620699590838415,6003,Highly_Fatal_And_Damaging
6966,30.6392694063927,13,3,56.2898814949863,0.466491886043996,79.05,4,43852.8453519078,4,0.0807511705606393,524,Significant_Damage_And_Fatalities
6257,63.8356164383562,13,4,75.8432087511395,0.324046880634692,79.47,7,39615.1050970733,2,0.0034560424213898,9106,Significant_Damage_And_Fatalities
936,76.3926940639269,9,6,65.1321786690975,0.52599423007573,79.6,7,38526.0139325097,1,0.0035626659416683,5294,Significant_Damage_And_Fatalities
141,69.8630136986301,11,3,57.1558796718323,0.441609087630725,76.83,7,42842.0382744754,2,0.0038570542895158,9844,Significant_Damage_And_Serious_Injuries
6338,32.2374429223744,15,4,64.9498632634458,0.549434547421565,79.46,6,36736.6428204931,2,0.0089225252417212,6404,Significant_Damage_And_Serious_Injuries
5090,34.5662100456621,11,6,45.8067456700091,0.388597908402452,77.99,4,19093.0822520948,1,0.0344048446195062,4961,Significant_Damage_And_Fatalities
2193,33.1963470319635,11,3,58.7967183226983,0.609658131987018,81.13,1,33313.7192567944,0,1.22297120835898,1586,Highly_Fatal_And_Damaging
2540,55.4337899543379,12,4,80.8113035551504,0.219467003245582,77.56,3,12595.428881436,2,0.0587975074186055,5808,Minor_Damage_And_Injuries
6393,55.1141552511415,9,18,63.9015496809481,0.339914172376487,77.85,7,48569.5562852462,1,0.0044929035955593,7,Significant_Damage_And_Serious_Injuries
1882,73.3333333333333,7,0,59.2980856882407,0.438724125495853,86.39,2,35580.6487001058,2,0.482865676422502,5421,Minor_Damage_And_Injuries
8442,2.64840182648402,20,0,76.0255241567913,0.201435989902632,78.7,6,23049.1459255511,2,0.0056665603554568,11213,Highly_Fatal_And_Damaging
4904,32.4657534246575,15,2,79.0793072014585,0.268511359538406,78.42,6,34929.7404234047,3,0.0084043362460424,9649,Significant_Damage_And_Serious_Injuries
9561,41.9178082191781,12,15,56.7456700091158,0.359748287053732,83.68,3,24975.9113640849,3,0.124716728231861,507,Minor_Damage_And_Injuries
8485,36.027397260274,14,4,62.1695533272562,0.427905517490083,78.83,3,39230.7767992872,2,0.194834612062384,5097,Significant_Damage_And_Serious_Injuries
8482,38.4474885844749,17,22,76.253418413856,0.378139920663541,81.62,5,40394.1445253745,2,0.0276128944227577,12365,Minor_Damage_And_Injuries
467,56.1187214611872,11,3,57.4749316317229,0.381746123332131,75.8,6,44888.1730165217,3,0.0105864665990747,8164,Minor_Damage_And_Injuries
844,61.324200913242,10,1,63.6736554238833,0.568547421565092,78.78,5,26164.096240265,2,0.0170358910014253,3851,Minor_Damage_And_Injuries
3761,22.648401826484,15,3,71.0118505013674,0.267790119004688,75.71,4,38935.4545879021,4,0.0717190222705393,9481,Highly_Fatal_And_Damaging
7356,22.3287671232877,15,1,54.922515952598,0.481277316985214,81.93,1,28921.5486997521,2,1.06807520630698,9020,Significant_Damage_And_Fatalities
8540,65.662100456621,12,0,77.3017319963537,0.242186080057699,79.17,7,32342.1106893599,2,0.002961233112681,1660,Significant_Damage_And_Fatalities
3509,45.7534246575342,11,24,72.2880583409298,0.316473855030653,81.9,6,31828.8037465756,2,0.0079849769087168,12450,Significant_Damage_And_Serious_Injuries
9900,52.5570776255708,13,3,58.0218778486782,0.219467003245582,80.06,5,41703.4532879954,1,0.0283280931345818,4577,Minor_Damage_And_Injuries
9559,41.324200913242,13,5,90.154968094804,0.271396321673278,80.92,6,45176.8326191203,2,0.0118893207829262,12377,Significant_Damage_And_Serious_Injuries
4308,35.4337899543379,11,6,63.3546034639927,0.32116191849982,75.95,4,35490.4760411693,2,0.0652770328532724,6295,Highly_Fatal_And_Damaging
5432,31.2785388127854,15,1,79.8541476754786,0.196387306166606,79.85,3,14519.2418896442,1,0.0753155639194272,8885,Significant_Damage_And_Serious_Injuries
5348,37.351598173516,14,7,71.0574293527803,0.372369996393797,76.11,3,34921.555305988,1,0.174775775733067,6322,Significant_Damage_And_Serious_Injuries
1247,100.0,6,17,72.971741112124,0.363354489722322,84.03,6,36458.5802116072,2,0.0086339945772623,9162,Significant_Damage_And_Fatalities
7688,27.945205479452,17,1,64.9954421148587,0.425741795888929,79.03,3,37047.5511597612,3,0.184886418746886,8923,Significant_Damage_And_Serious_Injuries
6516,64.2009132420091,13,29,64.6763901549681,0.27788748647674,80.39,7,38466.937091707,1,0.00354687186076,5315,Significant_Damage_And_Fatalities
595,39.2694063926941,10,0,69.5533272561531,0.22740064911648,79.86,4,23275.6522223314,1,0.0422037414994791,10119,Highly_Fatal_And_Damaging
6000,51.7808219178082,10,3,84.0018231540565,0.2923122971511,79.37,6,48317.9303453667,3,0.0113451946341208,10166,Significant_Damage_And_Serious_Injuries
3054,29.0867579908676,16,7,42.0237010027347,0.456033898305084,81.47,3,36093.8087038102,1,0.179528293028085,4193,Minor_Damage_And_Injuries
7195,17.351598173516,16,2,68.869644484959,0.255889650198341,85.77,3,31224.5282436972,1,0.155336911574872,12007,Highly_Fatal_And_Damaging
5827,62.5114155251141,6,5,63.126709206928,0.48993220338983,79.81,4,36294.3896081754,2,0.0659924427036663,5459,Significant_Damage_And_Serious_Injuries
8626,29.4520547945205,13,34,64.9498632634458,0.379582401730977,82.06,4,38168.2845511766,3,0.0693842688567114,6452,Highly_Fatal_And_Damaging
1155,81.1415525114155,3,3,56.7000911577028,0.542582762351244,83.28,5,35903.2114970254,2,0.0242980020658561,4756,Highly_Fatal_And_Damaging
8767,51.0045662100457,10,12,46.718322698268,0.410595744680851,83.57,3,23634.9170656621,2,0.117866213563163,6060,Minor_Damage_And_Injuries
6392,39.6803652968037,10,6,54.3755697356427,0.192059862964299,86.98,4,26187.9483800894,4,0.0477405439382814,5488,Significant_Damage_And_Fatalities
5744,13.6986301369863,18,17,71.1030082041933,0.222712585647313,79.85,3,19271.92218715,2,0.0959492507511792,9808,Highly_Fatal_And_Damaging
1079,19.041095890411,16,4,74.61257976299,0.222351965380454,79.16,4,20146.9172518634,2,0.0375299377479807,5053,Highly_Fatal_And_Damaging
9335,35.296803652968,11,4,75.1595259799453,0.236776776054814,77.91,6,26232.9881442637,3,0.0064487124768548,9850,Highly_Fatal_And_Damaging
9514,62.7397260273973,13,1,56.1531449407475,0.543664623151821,83.03,6,29160.4388882892,3,0.0074261472785553,7642,Significant_Damage_And_Fatalities
5124,22.9680365296804,18,3,80.4466727438469,0.31358889289578,85.04,3,33656.0464667578,2,0.16875836276271,9881,Significant_Damage_And_Serious_Injuries
8689,21.7351598173516,15,13,56.6545123062899,0.40013775694194,77.9,4,16337.4324888073,4,0.0283598304737713,9044,Significant_Damage_And_Fatalities
4979,41.1415525114155,12,0,51.8231540565178,0.522748647673999,76.99,4,35012.5425984798,1,0.0643079310837254,9356,Significant_Damage_And_Serious_Injuries
8722,39.9543378995434,13,4,77.073837739289,0.32116191849982,77.11,4,35409.7627604901,2,0.065586019703793,11338,Significant_Damage_And_Serious_Injuries
4096,66.5753424657534,5,14,48.1312670920693,0.625164803461954,79.75,3,42042.617934553,2,0.209340192839862,5432,Significant_Damage_And_Serious_Injuries
4664,40.0913242009132,10,5,56.517775752051,0.456033898305084,76.48,6,30372.7583025121,2,0.0071391877231564,8879,Highly_Fatal_And_Damaging
4490,35.5251141552511,14,5,65.8614402917047,0.247595384060584,80.22,6,26880.3421862433,2,0.0065134258015257,2027,Significant_Damage_And_Serious_Injuries
449,36.1187214611872,11,4,48.2680036463081,0.402662098809953,80.44,4,42374.4708608255,3,0.0772893482296273,2865,Significant_Damage_And_Fatalities
4273,52.7397260273972,13,3,48.313582497721,0.414923187883159,78.15,7,33950.8827492174,3,0.0031855781125155,11345,Minor_Damage_And_Injuries
3905,40.5479452054794,9,7,54.0565177757521,0.592348359177785,77.21,4,47156.9384261401,2,0.0867404728643644,9479,Significant_Damage_And_Fatalities
3556,34.3835616438356,11,7,57.5205104831358,0.328734944103858,78.46,4,36519.0777277767,2,0.0659869669203887,4632,Highly_Fatal_And_Damaging
1566,74.703196347032,6,1,52.461257976299,0.313228272628922,79.19,6,26685.2963627824,2,0.0069835655955383,4488,Highly_Fatal_And_Damaging
8107,25.8904109589041,14,1,49.2707383773929,0.438002884962135,80.23,3,32732.6183611824,1,0.163199733689906,6222,Significant_Damage_And_Fatalities
6708,60.0,14,17,66.362807657247,0.319719437432383,78.24,7,34641.5118628154,4,0.0032737912486277,3103,Significant_Damage_And_Fatalities
2604,45.296803652968,15,18,83.8195077484048,0.395810313739632,77.07,2,40679.5715501571,3,0.552348029450647,4866,Minor_Damage_And_Injuries
8402,60.365296803653,7,21,52.0966271649954,0.581529751172016,77.62,2,34473.7994438458,3,0.467548979553349,1236,Minor_Damage_And_Injuries
5729,38.4931506849315,13,8,61.2579762989973,0.342799134511359,75.94,3,30030.169592894,2,0.149641084203215,7418,Significant_Damage_And_Serious_Injuries
2778,37.3059360730594,17,11,56.8368277119417,0.334865488640461,76.86,2,32018.6310318531,3,0.433304584780971,10433,Minor_Damage_And_Injuries
8638,40.8219178082192,9,0,50.5013673655424,0.354699603317706,78.23,4,35695.9901661657,4,0.0651636744257849,7479,Significant_Damage_And_Fatalities
2633,45.0684931506849,15,0,81.8140382862352,0.351454020915975,78.63,6,42493.8649575514,2,0.0105518124805448,12095,Minor_Damage_And_Injuries
907,27.4885844748858,13,0,76.5268915223336,0.286181752614497,78.66,1,33007.8815916319,0,1.21223592334104,2699,Highly_Fatal_And_Damaging
6228,68.4931506849315,11,1,61.7137648131267,0.370927515326361,78.32,7,22248.3350362665,2,0.0019663845537017,4128,Significant_Damage_And_Fatalities
7528,49.5890410958904,10,0,50.5925250683683,0.411316985214569,83.57,4,54279.8866136332,2,0.102535145756963,10598,Minor_Damage_And_Injuries
1995,72.0091324200913,10,3,96.0346399270739,0.209009015506671,79.71,3,35819.066500176,1,0.180345250583197,4371,Significant_Damage_And_Fatalities
6589,31.5981735159817,12,12,62.5341841385597,0.314670753696357,80.53,5,30063.6622439764,3,0.0199273006311425,9069,Highly_Fatal_And_Damaging
7314,33.1963470319635,12,5,75.432999088423,0.383188604399567,76.35,1,40226.4770095902,2,1.49471974586455,10258,Highly_Fatal_And_Damaging
4907,93.4703196347032,4,2,60.665451230629,0.250119725928597,80.44,2,53831.7385266991,4,0.729576237972483,4606,Significant_Damage_And_Fatalities
5209,48.1735159817352,11,0,72.4247948951687,0.416726289217454,75.4,2,46273.2400084029,2,0.627545993999708,8550,Significant_Damage_And_Serious_Injuries
4009,65.4337899543379,9,37,54.0565177757521,0.436560403894699,75.35,7,44574.0627231152,3,0.004076262717295,8380,Significant_Damage_And_Serious_Injuries
438,18.2191780821918,16,12,65.4512306289882,0.365878831590335,77.22,4,40752.5345280167,2,0.0741546115614829,680,Highly_Fatal_And_Damaging
4165,33.6986301369863,15,6,69.5533272561531,0.309261449693473,77.52,3,16902.3486971747,1,0.0841518390163713,2084,Significant_Damage_And_Serious_Injuries
900,46.2557077625571,15,18,70.0091157702826,0.403022719076812,80.35,2,43568.9520903035,1,0.596791289287252,5281,Minor_Damage_And_Injuries
865,26.1643835616438,17,0,63.1722880583409,0.330898665705012,78.78,3,37047.5511597612,2,0.184886418746886,10230,Significant_Damage_And_Serious_Injuries
3368,42.5114155251142,16,3,62.7620783956244,0.47190119004688,81.39,5,19433.6327994899,2,0.0134930375983855,7315,Minor_Damage_And_Injuries
5688,27.1689497716895,17,6,54.1932543299909,0.599560764514966,80.16,7,31006.5572504406,3,0.0026590878329885,5414,Significant_Damage_And_Serious_Injuries
9275,47.9908675799087,11,9,76.7547857793984,0.237137396321673,78.33,6,32932.7239225323,2,0.0076720609652006,8733,Significant_Damage_And_Serious_Injuries
3034,65.4337899543379,12,1,63.2634457611668,0.383188604399567,79.08,5,28815.0595298404,2,0.0199273006311425,5,Significant_Damage_And_Fatalities
486,43.6529680365297,12,7,47.2652689152234,0.444133429498738,80.44,3,41951.3242843404,3,0.209065214807869,3205,Minor_Damage_And_Injuries
941,38.3561643835616,10,4,69.0063810391978,0.310703930760908,82.3,4,33523.7023387974,2,0.0612742959425418,2430,Highly_Fatal_And_Damaging
7053,51.2328767123288,10,6,69.7812215132179,0.351093400649116,79.75,4,29545.4263401468,0,0.0533984110646786,4346,Significant_Damage_And_Serious_Injuries
7929,59.6803652968037,14,0,51.4585232452142,0.556286332491886,80.0,5,36256.6780282692,3,0.0251101485805745,6916,Highly_Fatal_And_Damaging
1204,21.2328767123288,15,0,63.8103919781222,0.338111071042192,80.5,4,27687.0184106358,3,0.0506356835000303,11530,Highly_Fatal_And_Damaging
7738,34.2922374429224,12,7,45.8067456700091,0.410595744680851,81.08,2,19136.0861004631,0,0.253283470951117,2926,Significant_Damage_And_Fatalities
1440,41.7351598173516,16,22,72.151321786691,0.272117562206996,79.73,2,28549.7555524629,0,0.383674121036191,12297,Minor_Damage_And_Injuries
9839,51.324200913242,13,0,58.8422971741112,0.414201947349441,82.82,2,40741.8822675604,1,0.55117256042946,6609,Minor_Damage_And_Injuries
1833,49.2694063926941,10,5,66.9097538742024,0.464328164442842,82.03,6,24203.6895848125,2,0.0060942877568722,9294,Significant_Damage_And_Serious_Injuries
2114,18.310502283105,16,1,80.6745670009116,0.269953840605842,82.97,4,17933.0502822011,3,0.0311427687291141,9112,Highly_Fatal_And_Damaging
2418,75.5251141552511,10,1,61.2123974475843,0.368403173458348,88.57,7,9025.60454240942,5,0.0013952935709963,1587,Significant_Damage_And_Fatalities
9216,35.7534246575342,14,2,82.3154056517776,0.197108546700325,76.11,4,46463.2666747296,1,0.0853685894709885,6015,Significant_Damage_And_Serious_Injuries
349,50.0456621004566,16,0,52.7803099361896,0.322604399567255,78.83,5,37726.6341340949,3,0.024785917294132,12005,Significant_Damage_And_Fatalities
2365,48.4931506849315,10,1,73.7010027347311,0.273560043274432,81.63,3,20406.491789574,2,0.101175219064126,5400,Significant_Damage_And_Serious_Injuries
7409,45.9817351598173,18,1,42.8896991795807,0.520945546339704,84.74,6,37436.7322135348,2,0.009523106474546,911,Significant_Damage_And_Serious_Injuries
277,80.4566210045662,8,19,68.6417502278943,0.192059862964299,81.88,6,33079.1686288525,2,0.0081383426812668,4301,Significant_Damage_And_Fatalities
2068,68.1278538812785,8,8,45.4421148587056,0.575759826902272,78.87,1,52118.2696447033,2,1.81855821625422,3248,Minor_Damage_And_Injuries
6812,42.9680365296804,16,3,62.7620783956244,0.47190119004688,80.16,2,48111.33802557,1,0.65347854608736,11694,Minor_Damage_And_Injuries
6108,54.703196347032,6,4,80.0364630811304,0.224876307248467,80.41,1,33186.7208096816,3,1.21979394983259,8584,Highly_Fatal_And_Damaging
3868,26.9406392694064,13,1,66.2716499544212,0.422856833754057,80.27,4,46371.5275238705,2,0.0845834601765373,9046,Highly_Fatal_And_Damaging
8228,62.1461187214612,10,10,65.5423883318141,0.318276956364948,82.11,5,31152.238667477,2,0.0198897526403846,6743,Minor_Damage_And_Injuries
4278,45.9817351598173,15,3,63.3546034639927,0.59415146051208,83.32,7,25648.6676085747,2,0.0023282998207378,8267,Minor_Damage_And_Injuries
3222,9.36073059360731,19,9,58.5688240656335,0.478392354850342,77.51,3,34198.7569609193,3,0.170645148830517,8656,Highly_Fatal_And_Damaging
4753,40.5936073059361,13,10,55.0592525068368,0.524191128741435,81.52,4,38896.1729120633,3,0.0713728148247185,12131,Minor_Damage_And_Injuries
4900,27.3972602739726,17,0,67.4111212397448,0.414923187883159,83.58,3,41920.2471614135,2,0.208475823050671,7389,Significant_Damage_And_Serious_Injuries
3374,31.324200913242,15,0,79.8541476754786,0.228121889650198,79.34,3,27724.2560137305,1,0.137228468937994,10456,Significant_Damage_And_Serious_Injuries
5177,15.7077625570776,17,3,73.2907930720146,0.315391994230076,80.8,4,13953.6566024815,3,0.0255489502130423,6875,Highly_Fatal_And_Damaging
4382,32.1917808219178,12,0,85.5970829535096,0.263823296069239,79.31,2,42885.3906813459,0,0.576831072177098,2563,Highly_Fatal_And_Damaging
5879,76.62100456621,6,21,64.8131267092069,0.399055896141363,77.45,5,35167.7193661579,1,0.0228367689591343,5805,Minor_Damage_And_Injuries
6299,43.3333333333333,15,5,70.0091157702826,0.547270825820411,76.39,1,21043.0745957428,3,0.770245196670641,6254,Minor_Damage_And_Injuries
3697,41.9178082191781,12,0,56.8824065633546,0.522748647673999,78.46,2,34473.7994438458,2,0.466552141197506,7166,Minor_Damage_And_Injuries
1739,47.1232876712329,14,0,97.7666362807658,0.370927515326361,79.54,6,28145.0409199558,4,0.0067880151618543,10710,Minor_Damage_And_Injuries
2205,33.4703196347032,11,1,65.1321786690975,0.514093761269383,80.36,4,31168.9323784204,2,0.0576727377660007,3921,Highly_Fatal_And_Damaging
248,49.4063926940639,14,6,72.0145852324522,0.395810313739632,78.21,5,27205.0187524677,1,0.01851592253734,7578,Minor_Damage_And_Injuries
6177,46.8036529680365,11,1,50.7748404740201,0.62660728452939,76.26,1,10587.3525848917,3,0.202495647194575,11948,Minor_Damage_And_Injuries
9913,21.7351598173516,15,0,58.3865086599818,0.323325640100974,78.4,7,32342.1093451256,2,0.0032011061219487,472,Highly_Fatal_And_Damaging
7936,38.7671232876712,10,2,39.9726526891522,0.558089433826181,81.52,1,37034.4056430355,2,1.36336943621395,7933,Significant_Damage_And_Fatalities
5258,32.8310502283105,15,0,47.9033728350046,0.658702488279841,78.37,4,38800.9673142313,2,0.0709905354811421,10704,Minor_Damage_And_Injuries
4713,24.3835616438356,18,0,63.8559708295351,0.353617742517129,83.11,6,31111.5384572407,3,0.0079727137937773,7575,Significant_Damage_And_Serious_Injuries
4881,45.4794520547945,11,1,62.7164995442115,0.293394157951677,82.41,6,18411.0289640045,3,0.0042783441701889,9042,Significant_Damage_And_Serious_Injuries
996,56.2100456621004,8,0,63.4457611668186,0.481637937252074,78.64,3,33372.8197860987,2,0.165002363929807,5343,Significant_Damage_And_Serious_Injuries
8001,35.3881278538813,18,1,69.0063810391978,0.46829498737829,83.58,4,22976.1312277351,3,0.0421404182107254,6998,Minor_Damage_And_Injuries
6518,28.9041095890411,13,4,58.2953509571559,0.328734944103858,77.2,4,30464.2328578244,4,0.0557229960185177,4226,Highly_Fatal_And_Damaging
9589,31.5525114155251,19,38,71.2397447584321,0.339914172376487,80.4,6,35730.4510938833,2,0.0086924150305026,8966,Minor_Damage_And_Injuries
7769,62.5114155251141,13,1,64.8587055606199,0.368403173458348,81.55,5,23861.037409217,3,0.014990810229226,9289,Significant_Damage_And_Fatalities
7408,50.5022831050228,10,0,74.567000911577,0.242186080057699,82.58,3,27627.7399343795,2,0.137550417696252,3909,Significant_Damage_And_Serious_Injuries
762,38.7671232876712,13,12,66.7730173199635,0.415644428416877,81.2,6,22792.1740124056,1,0.0053839919649068,6708,Significant_Damage_And_Serious_Injuries
8262,16.986301369863,20,9,61.3491340018232,0.443051568698161,77.44,1,28746.8446050309,3,1.06012201014621,7083,Significant_Damage_And_Serious_Injuries
8488,11.5981735159817,18,31,64.4940747493163,0.380303642264695,82.39,6,22017.5530926833,2,0.0053052138218597,4060,Highly_Fatal_And_Damaging
2653,50.7762557077626,10,5,68.8240656335461,0.198911648034619,79.52,1,36028.4975935607,0,1.34320667540424,2279,Significant_Damage_And_Serious_Injuries
661,35.2511415525114,11,6,45.8067456700091,0.456755138838803,80.44,1,34595.3633432901,2,1.27665927889249,3874,Significant_Damage_And_Fatalities
5044,33.1050228310502,15,15,57.1558796718323,0.509045077533357,80.19,2,36490.5371102771,1,0.488682348438616,4395,Minor_Damage_And_Injuries
9820,26.4840182648402,14,2,53.9653600729262,0.488129102055535,76.72,1,11268.2935055275,2,0.387799082295146,10928,Significant_Damage_And_Fatalities
5329,71.689497716895,4,0,55.6061987237922,0.348929679047962,77.54,3,24792.9284845235,2,0.121917537215421,8987,Minor_Damage_And_Injuries
7486,30.0,22,0,50.9571558796719,0.481277316985214,83.58,1,42866.579179189,2,1.57560922196678,11463,Highly_Fatal_And_Damaging
497,50.2283105022831,13,12,69.644484958979,0.475146772448611,76.71,2,35694.2901603896,0,0.482865676422502,11815,Minor_Damage_And_Injuries
2859,45.7077625570776,11,9,67.4111212397448,0.312507032095204,79.17,3,26069.4968678269,2,0.129889248308694,9704,Significant_Damage_And_Serious_Injuries
5068,54.703196347032,5,3,80.6745670009116,0.375976199062387,79.63,5,26659.2351683511,3,0.01851592253734,7398,Highly_Fatal_And_Damaging
9723,38.9041095890411,10,0,41.6134913400182,0.584775333573747,82.7,4,34210.2043624715,2,0.062471887902611,6777,Significant_Damage_And_Fatalities
209,48.675799086758,7,10,70.0091157702826,0.346765957446808,83.19,6,22288.6163690367,3,0.0056665603554568,268,Highly_Fatal_And_Damaging
9810,36.986301369863,11,0,65.0410209662717,0.274641904075009,81.13,2,39069.3760403725,1,0.528221263058296,7673,Highly_Fatal_And_Damaging
1177,31.9178082191781,12,17,68.7784867821331,0.399777136675081,87.51,4,34859.8063971959,2,0.0645381425247153,12355,Highly_Fatal_And_Damaging
2611,65.3424657534246,1,19,77.848678213309,0.361190768121168,79.65,2,31661.6288095643,2,0.429534515417133,5430,Highly_Fatal_And_Damaging
2807,52.1004566210046,6,9,88.0583409298086,0.24543166245943,81.1,1,35377.2441941688,4,1.29944862994139,3959,Highly_Fatal_And_Damaging
6692,20.4109589041096,19,2,77.3473108477666,0.355781464118283,76.75,1,33776.6521906592,1,1.23976926623189,6767,Significant_Damage_And_Serious_Injuries
4530,32.1461187214612,12,8,84.2752962625342,0.433675441759827,82.53,1,29021.2749490607,0,1.06635953548775,9448,Highly_Fatal_And_Damaging
1979,66.4383561643835,12,5,54.7857793983592,0.367321312657771,80.4,4,28287.9926044483,3,0.0523085891514352,3873,Significant_Damage_And_Serious_Injuries
3392,44.8401826484018,8,0,58.3865086599818,0.488489722322394,83.33,4,23360.58611145,2,0.0426269693724433,11269,Highly_Fatal_And_Damaging
5271,66.2557077625571,12,15,74.0656335460346,0.232449332852506,79.64,7,24205.2243326284,1,0.0023028434699837,4354,Significant_Damage_And_Fatalities
287,78.675799086758,9,8,63.5369188696445,0.321883159033537,77.36,3,18924.3797701407,1,0.0955986499335119,959,Significant_Damage_And_Fatalities
5017,39.4977168949772,13,6,76.4357338195078,0.421053732419762,75.81,6,49341.2232208618,3,0.0129833111717393,3498,Significant_Damage_And_Serious_Injuries
8280,56.2557077625571,12,3,55.8340929808569,0.320440677966102,80.03,6,45399.1945658495,0,0.0112910935761171,7894,Highly_Fatal_And_Damaging
6541,49.4063926940639,14,14,57.1103008204193,0.350011539848539,85.91,5,52418.715099566,2,0.0340042459384705,10583,Minor_Damage_And_Injuries
7008,30.7762557077626,20,0,56.8368277119417,0.378139920663541,79.57,6,26238.3376242275,2,0.0064595192336722,1247,Highly_Fatal_And_Damaging
940,55.5251141552511,8,4,53.6463081130356,0.222712585647313,79.67,4,29638.2639734828,2,0.0548654683705585,9907,Minor_Damage_And_Injuries
8732,50.5022831050228,10,6,78.3044667274385,0.381024882798413,78.83,3,29906.0537333274,1,0.149886330606671,1509,Significant_Damage_And_Serious_Injuries
3784,45.0684931506849,15,3,68.6417502278943,0.404825820411107,78.97,2,25854.9503626354,4,0.349996580988271,2655,Minor_Damage_And_Injuries
8067,43.972602739726,15,11,72.0145852324522,0.309982690227191,76.92,7,25158.3121080831,1,0.002378405075128,10595,Minor_Damage_And_Injuries
8489,20.2739726027397,15,5,65.8158614402917,0.239661738189686,81.82,1,23183.5787772982,1,0.849133433713455,11940,Highly_Fatal_And_Damaging
9456,42.4200913242009,12,3,31.0847766636281,0.820260367832672,76.37,3,33576.0742769008,2,0.167563588643247,1863,Minor_Damage_And_Injuries
5732,48.2648401826484,11,3,31.0847766636281,0.542582762351244,78.55,5,43627.7949755618,3,0.0289622518314474,1765,Minor_Damage_And_Injuries
3196,34.8401826484018,14,5,51.4129443938013,0.30313090515687,82.3,3,22539.7166897045,1,0.112198793945968,12001,Minor_Damage_And_Injuries