,Safety_Score,Days_Since_Inspection,Total_Safety_Complaints,Control_Metric,Turbulence_In_gforces,Cabin_Temperature,Accident_Type_Code,Max_Elevation,Violations,Adverse_Weather_Metric,Accident_ID,Severity
9932,45.4794520547945,11,1,56.9279854147676,0.414923187883159,79.29,3,20985.5640745089,2,0.104245942370754,9436,Minor_Damage_And_Injuries
2175,69.5433789954338,11,9,78.669097538742,0.208287774972954,79.77,7,19550.4236118066,3,0.002025695218846,5221,Significant_Damage_And_Fatalities
5200,32.4200913242009,12,8,53.281677301732,0.245792282726289,87.97,4,26355.2604438277,3,0.0484508667497566,6145,Significant_Damage_And_Fatalities
9391,31.7808219178082,23,9,63.0811303555151,0.46108258204111,80.26,6,27487.6888024332,3,0.0067158182562128,4182,Significant_Damage_And_Fatalities
6239,57.1232876712329,8,12,62.8988149498633,0.445215290299315,82.66,3,37378.440261456,0,0.186439934637007,9330,Significant_Damage_And_Serious_Injuries
42,44.7945205479452,8,2,68.915223336372,0.151670393076091,76.89,4,36156.8263602184,0,0.0664963794143816,5783,Highly_Fatal_And_Damaging
6623,39.6803652968037,13,2,62.1239744758432,0.493899026325279,80.52,4,21612.7535707374,1,0.0398260252450034,9724,Significant_Damage_And_Serious_Injuries
2048,62.0547945205479,13,17,85.5970829535096,0.351093400649116,81.27,2,31661.6288095643,3,0.430069222346108,9036,Significant_Damage_And_Fatalities
9546,2.73972602739726,20,12,58.8422971741112,0.317555715831229,88.11,1,28986.6574792039,2,1.06763304103432,5895,Highly_Fatal_And_Damaging
1398,49.5890410958904,10,6,45.2142206016409,0.382467363865849,77.46,3,27686.2413636474,2,0.137435801532218,1049,Minor_Damage_And_Injuries
9915,42.3287671232877,12,1,61.6226071103008,0.26346267580238,82.41,6,35337.5926658344,2,0.0086365152729815,1458,Significant_Damage_And_Serious_Injuries
4392,40.8675799086758,13,1,64.3573381950775,0.301327803822575,77.36,6,40487.0460768338,4,0.0099062558019077,755,Significant_Damage_And_Serious_Injuries
6916,75.2511415525114,9,0,71.6499544211486,0.300245943021998,88.57,1,20970.593544562,4,0.770245196670641,760,Significant_Damage_And_Fatalities
1595,54.4292237442922,16,0,53.2360984503191,0.39292535160476,76.79,5,29213.8409826863,3,0.0199959371191929,5316,Highly_Fatal_And_Damaging
6162,68.6301369863014,8,1,70.464904284412,0.322965019834114,76.4,5,44036.8146613431,1,0.0297081807839066,10436,Minor_Damage_And_Injuries
4697,46.4840182648402,11,1,85.5970829535096,0.259135232600072,78.21,3,34497.643982666,3,0.17089911377233,11553,Significant_Damage_And_Serious_Injuries
390,29.634703196347,16,8,74.7948951686418,0.22740064911648,76.9,1,29971.7444634365,2,1.10713322942273,836,Significant_Damage_And_Serious_Injuries
692,21.2785388127854,15,8,62.7164995442115,0.39292535160476,79.85,4,38995.8855227598,2,0.0713789477305042,1616,Highly_Fatal_And_Damaging
5373,64.0182648401826,13,0,60.5287146763902,0.220548864046159,81.37,7,36324.4375831292,3,0.0031434471531834,3511,Significant_Damage_And_Fatalities
8317,57.9908675799087,15,7,75.2051048313583,0.237858636855391,79.96,7,33959.191621618,3,0.0032343539250976,2498,Significant_Damage_And_Fatalities
4453,60.1369863013699,10,0,65.3600729261623,0.46108258204111,75.61,6,27070.5380319051,1,0.0068338505529855,10754,Minor_Damage_And_Injuries
3397,68.4018264840182,8,2,75.2962625341842,0.312867652362062,78.78,4,29157.1074392488,2,0.0531058897859763,2256,Minor_Damage_And_Injuries
6731,27.945205479452,13,0,83.8195077484048,0.283296790479625,82.49,4,35048.0265895625,1,0.0641501985769842,3177,Highly_Fatal_And_Damaging
4141,39.5433789954338,9,1,38.3318140382862,0.671324197619906,88.18,4,22647.2609041561,1,0.0412718889170117,10668,Significant_Damage_And_Fatalities
7880,47.8995433789954,11,2,73.5186873290793,0.388958528669311,78.56,3,42084.199125663,1,0.20989097427362,3022,Significant_Damage_And_Serious_Injuries
4984,31.6438356164384,12,2,80.355515041021,0.229203750450775,83.94,4,25119.2421101637,2,0.0460458912336435,44,Highly_Fatal_And_Damaging
4066,48.7214611872146,18,19,44.3482224247949,0.621919221060224,79.37,6,22727.3215190547,2,0.0055955359961786,4996,Significant_Damage_And_Serious_Injuries
9708,30.3196347031963,12,0,50.5013673655424,0.35686332491886,77.21,7,42176.9222862854,3,0.00399284362384,1515,Significant_Damage_And_Fatalities
4642,36.8493150684931,17,6,61.5314494074749,0.381024882798413,74.85,2,25016.3637851441,1,0.335642631444626,10422,Minor_Damage_And_Injuries
8584,31.324200913242,16,5,57.5660893345488,0.429347998557519,79.1,3,29541.1841118771,1,0.147077299443035,6620,Significant_Damage_And_Serious_Injuries
4747,28.2191780821918,13,3,62.6253418413856,0.480556076451497,80.52,1,30112.7020804158,2,1.10713322942273,6219,Highly_Fatal_And_Damaging
3396,38.8584474885845,17,9,52.7347310847767,0.433314821492968,83.43,2,28044.2954629533,1,0.381164849621306,10376,Highly_Fatal_And_Damaging
156,55.662100456621,5,13,21.1485870556062,0.818096646231518,82.86,6,42536.9610561116,2,0.0108306048672192,1518,Highly_Fatal_And_Damaging
102,57.5799086757991,11,4,61.3947128532361,0.548352686620988,80.98,2,20134.1452289941,2,0.270944893610654,4835,Minor_Damage_And_Injuries
4014,44.4292237442922,8,4,62.2607110300821,0.409513883880274,80.06,4,30372.7583025121,4,0.0557625104986608,10261,Highly_Fatal_And_Damaging
8391,51.2785388127854,13,13,59.1613491340018,0.42177497295348,79.58,2,38666.0454138036,1,0.522405012067274,8950,Minor_Damage_And_Injuries
5969,30.7762557077626,12,4,74.61257976299,0.282936170212766,76.99,4,33036.6523319837,2,0.0600821670394064,12144,Highly_Fatal_And_Damaging
4334,22.2831050228311,15,12,59.7082953509572,0.556646952758745,79.06,1,35966.2470220649,2,1.34219324869291,7671,Highly_Fatal_And_Damaging
2248,57.5799086757991,11,7,76.8915223336372,0.428266137756942,78.52,2,25723.8293580535,3,0.349502745439655,7888,Minor_Damage_And_Injuries
1376,52.9223744292237,9,2,51.5952597994531,0.509045077533357,83.39,3,38304.3259164758,0,0.190986047416388,4977,Minor_Damage_And_Injuries
7588,28.5388127853881,13,2,48.7237921604376,0.514093761269383,77.35,2,27716.3461658188,2,0.375592449338442,6348,Significant_Damage_And_Fatalities
7583,23.8356164383562,14,7,58.4320875113947,0.394007212405337,78.7,1,32279.3814069112,2,1.18973850932643,958,Highly_Fatal_And_Damaging
8992,38.4474885844749,17,0,54.3755697356427,0.309622069960331,84.76,2,27520.4924785671,1,0.373413681056902,4225,Highly_Fatal_And_Damaging
5552,45.9817351598173,11,5,73.8833181403829,0.365878831590335,78.56,3,35902.3547465078,1,0.179291371105846,5456,Significant_Damage_And_Serious_Injuries
9422,51.2328767123288,10,15,70.1914311759344,0.394007212405337,76.98,3,20375.8154327724,2,0.101502669686354,684,Significant_Damage_And_Serious_Injuries
5264,48.9954337899543,14,4,71.0118505013674,0.52238802740714,83.24,6,25740.8803418544,2,0.0060942877568722,12422,Minor_Damage_And_Injuries
6584,54.5662100456621,9,5,88.4685505925251,0.362633249188604,78.08,2,9023.69269986881,1,0.0962986585465663,12127,Significant_Damage_And_Serious_Injuries
5327,46.6666666666667,14,2,62.0783956244303,0.375976199062387,80.98,2,25365.6336471011,2,0.341937267945787,1034,Minor_Damage_And_Injuries
931,20.3196347031963,15,26,61.0300820419326,0.263823296069239,82.97,4,20584.3239850503,1,0.0373266614318475,2770,Highly_Fatal_And_Damaging
2266,42.648401826484,8,5,74.7948951686418,0.233531193653083,77.6,4,42329.0179287936,1,0.0777981829794295,9570,Highly_Fatal_And_Damaging
1205,28.4018264840183,13,6,51.2762078395624,0.507241976199062,77.69,4,35509.2285154196,2,0.065604908734878,6091,Significant_Damage_And_Fatalities
5093,12.4657534246575,18,3,74.61257976299,0.316113234763794,76.0,4,30384.1142456733,4,0.0560106003796652,6413,Highly_Fatal_And_Damaging
5859,44.337899543379,15,2,55.6061987237922,0.309982690227191,81.71,2,32919.0524774902,2,0.444553307539715,788,Highly_Fatal_And_Damaging
685,67.3059360730594,8,7,70.3737465815861,0.330898665705012,82.04,2,27060.5178737769,2,0.364463009539701,9022,Minor_Damage_And_Injuries
7456,60.4566210045662,10,6,66.0893345487694,0.300967183555716,85.61,5,23123.3779300365,2,0.0156792923406637,986,Minor_Damage_And_Injuries
3407,68.4018264840182,8,4,54.2844120328168,0.590184637576631,77.3,2,30536.5363889344,4,0.408642256373192,7906,Highly_Fatal_And_Damaging
8634,23.1506849315068,14,0,80.0820419325433,0.319719437432383,81.03,1,32806.2895663649,2,1.20364148403587,2039,Highly_Fatal_And_Damaging
6319,34.337899543379,11,1,77.2561531449408,0.269953840605842,77.4,4,34310.6178985485,3,0.0634078516306716,1841,Highly_Fatal_And_Damaging
3786,37.7625570776256,14,0,73.1540565177758,0.223433826181031,79.09,3,24487.7919532445,3,0.121754699866092,2700,Significant_Damage_And_Serious_Injuries
8799,35.3881278538813,11,34,60.0273473108478,0.367321312657771,75.21,5,52988.5962894181,1,0.0336210417064479,11126,Highly_Fatal_And_Damaging
7641,37.5342465753425,14,1,74.7493163172288,0.389679769203029,79.31,7,34289.0143128188,1,0.0031737566231128,1783,Significant_Damage_And_Serious_Injuries
6040,59.6803652968037,14,7,39.8814949863264,0.729023440317345,77.27,2,31220.9491722684,2,0.421126243426699,3138,Highly_Fatal_And_Damaging
5469,42.5114155251142,16,7,42.5706472196901,0.608215650919581,79.64,6,45760.7560852147,2,0.0119400602625915,9227,Highly_Fatal_And_Damaging
6496,56.8949771689498,8,10,66.2716499544212,0.41095636494771,82.66,3,31143.0404321038,3,0.153635639691209,5517,Significant_Damage_And_Serious_Injuries
3312,61.324200913242,10,0,65.3600729261623,0.503635773530472,82.67,2,35580.6487001058,2,0.483125215393737,128,Minor_Damage_And_Injuries
9104,20.1826484018265,15,3,62.5797629899727,0.402301478543094,82.19,4,19028.4936151418,4,0.0344640314807206,7110,Highly_Fatal_And_Damaging
5917,49.5890410958904,7,7,61.3035551504102,0.476228633249188,79.49,4,40130.086673228,2,0.0740408460528916,9734,Highly_Fatal_And_Damaging
5511,56.4840182648402,15,7,71.3764813126709,0.362272628921745,77.2,7,26112.881093622,1,0.0022297173334674,12112,Significant_Damage_And_Fatalities
8651,62.4200913242009,13,3,80.2643573381951,0.323686260367832,77.56,7,32338.7123997491,1,0.003118626434593,11116,Significant_Damage_And_Fatalities
1188,44.6575342465753,12,5,60.5742935278031,0.33883231157591,77.09,6,38801.3690549755,1,0.0100173907512994,9574,Significant_Damage_And_Serious_Injuries
545,74.6575342465753,5,8,64.767547857794,0.279690587811035,79.84,6,36722.3335730371,2,0.0089172667699963,7358,Minor_Damage_And_Injuries
7331,40.0913242009132,10,7,66.5907019143118,0.334144248106743,81.4,7,49461.7985956107,2,0.0044929035955593,10126,Highly_Fatal_And_Damaging
1347,70.0,8,13,49.2707383773929,0.422496213487198,83.17,2,36037.4356530986,3,0.484710456352861,4205,Highly_Fatal_And_Damaging
9059,46.8949771689498,11,1,73.1996353691887,0.271396321673278,79.03,6,29454.4715561768,1,0.0073669243003083,7728,Significant_Damage_And_Serious_Injuries
5214,47.9908675799087,7,18,65.2233363719235,0.366239451857194,81.31,5,36056.3247444592,2,0.0244090469441248,12381,Highly_Fatal_And_Damaging
5541,45.1598173515982,11,6,60.3008204193255,0.409874504147133,79.22,6,13364.5100535046,2,0.0041246190527214,9150,Significant_Damage_And_Serious_Injuries
6807,70.5022831050228,7,4,64.4484958979034,0.497505228993869,88.78,1,10541.4719849599,1,0.387799082295146,8638,Minor_Damage_And_Injuries
6420,43.1963470319635,15,0,77.4840474020055,0.256971510998918,83.51,2,23048.7900757948,3,0.311425647542448,12102,Minor_Damage_And_Injuries
1887,58.675799086758,4,12,62.6253418413856,0.346405337179949,77.29,5,11265.9177885903,2,0.00565999846684,10210,Significant_Damage_And_Serious_Injuries
7141,70.5479452054795,7,1,64.4484958979034,0.25264406779661,78.17,5,33111.5733657375,2,0.0217946673291327,12149,Minor_Damage_And_Injuries
6175,41.689497716895,20,2,62.6253418413856,0.383188604399567,79.01,7,13538.0919469124,2,0.0012442451096944,3899,Significant_Damage_And_Fatalities
6370,41.3698630136986,19,4,40.975387420237,0.556286332491886,79.66,1,34325.6150767811,2,1.26281554046516,4643,Significant_Damage_And_Fatalities
2760,51.9178082191781,13,8,84.0018231540565,0.29555787955283,79.96,5,50545.0702257023,2,0.0353194524101037,12017,Minor_Damage_And_Injuries
3466,46.6666666666667,14,4,78.4412032816773,0.386434186801298,76.89,2,31290.8093282879,3,0.423848265485375,2808,Minor_Damage_And_Injuries
1892,51.7351598173516,13,9,41.6134913400182,0.782395239812477,79.13,2,33768.9628637163,2,0.454650608785892,4690,Highly_Fatal_And_Damaging
3563,50.5936073059361,13,13,65.2689152233364,0.438002884962135,82.15,2,31967.8246223586,2,0.431319179708053,1823,Minor_Damage_And_Injuries
1015,45.7990867579909,15,3,78.4867821330902,0.343159754778218,76.89,4,15865.8721701261,2,0.0296883507771248,7361,Minor_Damage_And_Injuries
1014,12.1004566210046,18,6,41.6134913400182,0.556286332491886,80.72,4,48338.7786128591,2,0.088524033837248,7385,Highly_Fatal_And_Damaging
2276,56.3013698630137,12,7,55.4694621695533,0.409153263613415,81.43,7,50201.5005708721,3,0.0043585994435759,795,Highly_Fatal_And_Damaging
6931,37.4885844748858,10,12,69.9179580674567,0.237858636855391,79.16,4,26338.7273242953,2,0.0480000313191448,2624,Highly_Fatal_And_Damaging
4327,45.296803652968,15,1,72.8350045578852,0.27428128380815,78.8,6,23536.9009038836,2,0.0060774076769983,1391,Minor_Damage_And_Injuries
6901,44.5662100456621,8,7,62.1695533272562,0.352535881716553,80.83,7,36008.6822689946,3,0.0030861823176718,6516,Highly_Fatal_And_Damaging
3749,20.1826484018265,15,0,85.5515041020967,0.280051208077894,78.15,4,30415.652244998,3,0.055322645707744,5726,Highly_Fatal_And_Damaging
9993,31.0958904109589,16,6,69.7812215132179,0.317195095564371,79.14,4,39202.4925208187,1,0.0714058753183895,5842,Significant_Damage_And_Serious_Injuries
4176,34.0182648401826,11,1,50.8659981768459,0.481277316985214,77.67,4,32749.9779320715,0,0.0602230539580057,4581,Significant_Damage_And_Fatalities
9666,60.0913242009132,10,3,70.4193254329991,0.375254958528669,76.14,2,31290.8093282879,3,0.424712504159189,1184,Minor_Damage_And_Injuries
2945,14.4748858447489,17,3,47.7666362807658,0.511930039668229,77.67,1,32227.7131370942,2,1.18372103996504,3846,Significant_Damage_And_Fatalities
2749,60.1369863013699,14,13,60.665451230629,0.423217454020916,77.08,7,34472.083799485,0,0.0032343539250976,7459,Significant_Damage_And_Fatalities
7111,24.0639269406393,18,1,56.1531449407475,0.315752614496934,80.27,4,39723.3329133428,0,0.0732355607136367,11324,Minor_Damage_And_Injuries
7095,33.9269406392694,11,2,70.1914311759344,0.33161990623873,78.9,2,30842.4666453009,3,0.420554790386963,8785,Highly_Fatal_And_Damaging
8792,37.3059360730594,17,7,67.6845943482224,0.375254958528669,80.95,5,31993.458888341,4,0.0216476009652135,6032,Minor_Damage_And_Injuries
3626,47.4885844748858,14,0,65.2689152233364,0.345684096646231,77.77,3,41646.5245489458,5,0.207361290677516,6557,Minor_Damage_And_Injuries
2928,33.1050228310502,15,0,76.8003646308113,0.383188604399567,80.64,3,37935.8016532287,1,0.189029307357235,5522,Significant_Damage_And_Serious_Injuries
9836,41.5068493150685,19,17,59.7538742023701,0.375976199062387,77.01,7,14342.6906548112,2,0.0014294182752822,1874,Significant_Damage_And_Fatalities
573,24.3835616438356,14,0,63.7192342752963,0.401940858276235,80.42,4,21762.5037953773,2,0.039455404263157,3432,Highly_Fatal_And_Damaging
7543,70.5479452054795,7,1,72.3792160437557,0.334865488640461,77.04,2,39884.6532151898,1,0.542971582342991,2670,Minor_Damage_And_Injuries
6493,4.79452054794521,20,9,58.7511394712853,0.609658131987018,83.36,4,44977.6137603199,1,0.082057235069279,10998,Highly_Fatal_And_Damaging
5431,31.3698630136986,12,11,66.0893345487694,0.386794807068157,75.8,1,22950.5810160187,1,0.852433505816292,7758,Highly_Fatal_And_Damaging
3791,45.0684931506849,11,2,55.5150410209663,0.578644789037144,77.3,4,33896.5116891607,2,0.0618975217848126,819,Minor_Damage_And_Injuries
8710,20.1826484018265,15,0,64.1294439380128,0.368763793725207,80.44,4,31164.4523117872,2,0.057671471877196,3145,Highly_Fatal_And_Damaging
344,45.2054794520548,11,2,60.3008204193255,0.380303642264695,85.42,6,27486.6947438252,2,0.0067522910178023,1631,Significant_Damage_And_Serious_Injuries
3523,34.4292237442922,15,1,62.3518687329079,0.382467363865849,81.09,5,35559.4849713687,3,0.0245030952312339,5338,Significant_Damage_And_Serious_Injuries
3632,64.337899543379,9,1,84.6855059252507,0.264183916336098,80.26,2,32397.8028563726,1,0.439042374653745,11111,Minor_Damage_And_Injuries
135,42.6940639269406,12,11,45.6700091157703,0.414923187883159,81.84,3,29832.3547137758,2,0.148519062507784,11554,Minor_Damage_And_Injuries
7942,23.5616438356164,14,8,43.8012762078396,0.543664623151821,77.16,1,20124.3050610838,3,0.74859438088771,8644,Significant_Damage_And_Fatalities
2297,16.1187214611872,17,3,78.8514129443938,0.247234763793725,79.51,3,30206.1645673772,1,0.151103535537813,6475,Highly_Fatal_And_Damaging
7067,33.972602739726,11,4,69.9635369188697,0.306376487558601,79.14,4,48242.6024819237,3,0.0885355613395593,1485,Highly_Fatal_And_Damaging
5295,38.9041095890411,10,12,54.3299908842297,0.466852506310854,75.78,4,26972.5039664084,3,0.0491943253022702,9393,Significant_Damage_And_Fatalities
4636,29.7260273972603,13,1,61.5770282588879,0.52599423007573,77.65,1,26762.0712962178,3,0.987183897224711,194,Highly_Fatal_And_Damaging
4390,39.1324200913242,13,0,53.9197812215132,0.61939487919221,79.76,3,42065.3824301481,3,0.20989097427362,6013,Significant_Damage_And_Serious_Injuries
9467,51.9178082191781,13,7,79.3072014585233,0.383909844933285,83.08,1,17157.8631807909,2,0.65511014674204,7169,Minor_Damage_And_Injuries
2803,41.5981735159817,13,8,62.2607110300821,0.383909844933285,76.37,4,26277.0351261399,1,0.0481755010618988,9032,Significant_Damage_And_Serious_Injuries
7730,71.7808219178082,10,3,84.8678213309025,0.199993508835196,79.88,7,30107.3466414306,2,0.0028252370061434,103,Significant_Damage_And_Fatalities
373,63.8356164383562,6,6,48.1312670920693,0.640310854670032,79.92,7,5142.28607310439,1,0.0014294182752822,9017,Significant_Damage_And_Serious_Injuries
1492,31.3698630136986,15,12,71.8778486782133,0.314310133429499,81.85,6,25158.3121080831,3,0.0059310930744335,10260,Significant_Damage_And_Serious_Injuries
9506,21.8721461187215,15,9,41.5679124886053,0.543664623151821,77.16,1,27638.220348067,4,1.02676320216031,8430,Significant_Damage_And_Fatalities
5544,23.1506849315068,15,15,74.9772105742936,0.373451857194374,78.32,4,37949.724386184,2,0.0694785537644393,10015,Highly_Fatal_And_Damaging
9090,21.2785388127854,15,8,74.1567912488605,0.457115759105661,83.75,1,37141.6341480605,3,1.34784952706186,9222,Highly_Fatal_And_Damaging
5769,41.1415525114155,9,2,76.4357338195078,0.281854309412189,79.77,5,20490.6517189881,3,0.0136731176298007,9580,Highly_Fatal_And_Damaging
5668,45.4794520547945,15,10,67.1376481312671,0.414923187883159,79.06,7,28559.6591388298,1,0.0028429851654431,9476,Minor_Damage_And_Injuries
2558,34.0182648401826,15,13,49.6809480401094,0.696567616300036,77.89,1,36463.5453790652,2,1.34219324869291,945,Minor_Damage_And_Injuries
2338,40.7305936073059,9,1,53.7830446672744,0.572153624233682,79.53,4,26164.096240265,1,0.0479837060862173,9205,Significant_Damage_And_Fatalities
9029,22.6027397260274,15,15,81.7684594348222,0.21658204111071,76.61,1,25520.9245281417,1,0.942924513782212,2001,Highly_Fatal_And_Damaging
210,42.1917808219178,12,3,66.4539653600729,0.329456184637577,78.69,3,30464.2328578244,3,0.152337945102486,1738,Significant_Damage_And_Serious_Injuries
4927,46.6666666666667,11,1,57.1558796718323,0.399055896141363,78.47,1,35207.2285556311,2,1.28587911562902,4314,Minor_Damage_And_Injuries
793,32.5570776255708,12,3,50.8659981768459,0.562777497295348,77.86,1,31787.1152516235,2,1.16938261952195,6784,Significant_Damage_And_Fatalities
3139,25.1141552511416,14,11,65.587967183227,0.391843490804183,77.68,4,36305.7929992729,1,0.0657919157803562,6521,Highly_Fatal_And_Damaging
3259,34.8401826484018,14,9,58.7511394712853,0.445936530833032,83.64,6,29784.7464710627,2,0.0070584523468429,6039,Significant_Damage_And_Serious_Injuries
9707,22.3287671232877,15,4,55.6973564266181,0.280411828344753,74.82,7,24613.5488916701,1,0.0024589552523909,1639,Significant_Damage_And_Fatalities
7419,15.296803652968,17,2,45.3965360072927,0.520945546339704,78.88,4,24455.0851973201,3,0.0449289157473636,11909,Significant_Damage_And_Fatalities
7828,34.703196347032,14,13,73.2907930720146,0.333062387306166,82.69,3,36541.849137828,2,0.182024489853589,16,Significant_Damage_And_Serious_Injuries
2990,51.2328767123288,13,14,64.8587055606199,0.485604760187523,76.48,7,34472.083799485,0,0.0029512469113651,7058,Minor_Damage_And_Injuries
1330,20.5022831050228,19,4,79.6718322698268,0.350372160115398,77.19,1,23811.1848692756,0,0.874477270398786,449,Significant_Damage_And_Serious_Injuries
8423,16.8036529680365,16,14,75.6608933454877,0.29591849981969,76.6,4,34703.885987701,0,0.0631839152641844,6040,Highly_Fatal_And_Damaging
542,20.5022831050228,19,14,60.0273473108478,0.308540209159754,76.77,3,26116.1340059494,2,0.129039751153255,6717,Significant_Damage_And_Serious_Injuries
3754,46.62100456621,11,1,61.2123974475843,0.430429859358096,76.67,3,32114.7155845654,2,0.160373891897123,11215,Significant_Damage_And_Serious_Injuries
6307,46.1187214611872,15,9,84.2752962625342,0.214418319509556,79.93,2,38116.5516912975,1,0.515851431914473,8921,Minor_Damage_And_Injuries
256,26.1187214611872,17,2,63.1722880583409,0.477310494049765,80.46,3,36405.033044569,2,0.18156561790013,7566,Significant_Damage_And_Serious_Injuries
7811,57.4429223744292,11,0,66.362807657247,0.40013775694194,77.18,2,16069.2651727545,3,0.214723789596801,6411,Minor_Damage_And_Injuries
7288,49.2237442922374,14,6,57.1103008204193,0.426102416155788,83.46,4,27686.2413636474,2,0.0509035417950462,9637,Minor_Damage_And_Injuries
9258,44.4292237442922,12,3,47.2652689152234,0.601003245582402,79.78,6,32655.8419309908,2,0.0077672881385304,2589,Minor_Damage_And_Injuries
7129,30.5936073059361,12,4,86.5086599817685,0.262380815001803,79.83,3,42885.3906813459,0,0.217596029133936,12387,Highly_Fatal_And_Damaging
1911,42.4657534246575,16,8,45.077484047402,0.473704291381176,81.45,4,14515.7951542876,3,0.0279354186380137,8181,Highly_Fatal_And_Damaging
6053,32.7853881278539,15,5,47.2196900638104,0.407710782545979,78.37,1,37034.4056430355,2,1.35127487616787,4331,Minor_Damage_And_Injuries
8231,18.7214611872146,19,1,59.1613491340018,0.48632600072124,79.81,3,19494.8587357381,0,0.0959492507511792,6334,Significant_Damage_And_Serious_Injuries
6961,73.1050228310502,10,1,84.5487693710119,0.298442841687703,78.64,7,33601.5718975099,2,0.0033294282629078,10858,Significant_Damage_And_Fatalities
5876,44.4748858447489,8,0,53.9197812215132,0.432232960692391,77.48,4,35578.1607300997,3,0.0653570076442063,1972,Significant_Damage_And_Fatalities
5868,48.1735159817352,14,1,67.4111212397448,0.491735304724126,83.24,2,16099.4774068421,2,0.219247711929046,12003,Minor_Damage_And_Injuries
5761,21.5068493150685,15,3,65.587967183227,0.321883159033537,80.27,3,30363.1407518457,3,0.151493600815679,411,Highly_Fatal_And_Damaging
7153,40.365296803653,20,8,45.897903372835,0.411316985214569,76.52,6,50314.7204576381,3,0.0129816301448266,2922,Significant_Damage_And_Serious_Injuries
2425,43.6986301369863,15,0,80.0364630811304,0.295197259285972,78.91,7,22214.4454585654,1,0.0016686306245456,11306,Minor_Damage_And_Injuries
4546,54.7488584474886,16,33,64.8131267092069,0.551598269022719,81.75,7,33915.180313015,2,0.0032343539250976,4593,Significant_Damage_And_Fatalities
8400,36.6666666666667,10,11,65.7247037374658,0.358305805986296,75.8,4,20412.1443415095,2,0.0379490753135521,5341,Highly_Fatal_And_Damaging
7502,53.013698630137,16,0,80.1276207839562,0.297721601153985,82.66,7,5513.58652800857,3,0.0013842397226114,1805,Significant_Damage_And_Fatalities
5599,40.1369863013699,16,0,64.2661804922516,0.439805986296429,84.94,2,48162.8722893482,3,0.664582259241775,2862,Minor_Damage_And_Injuries
288,48.6301369863014,10,7,71.0118505013674,0.279329967544176,78.14,6,26800.1395847399,2,0.0065134258015257,8117,Significant_Damage_And_Serious_Injuries
8757,49.7260273972603,7,0,72.971741112124,0.391482870537324,78.77,1,37933.3990008527,2,1.3954917626167,9877,Highly_Fatal_And_Damaging
9290,71.2328767123288,11,2,69.0063810391978,0.428266137756942,79.94,2,28688.8368057289,3,0.389500677257058,5665,Significant_Damage_And_Fatalities
548,56.9406392694064,11,39,64.5852324521422,0.414923187883159,84.54,2,44574.0627231152,1,0.606591695439003,3253,Minor_Damage_And_Injuries
3391,47.1689497716895,11,9,65.7702825888788,0.578644789037144,78.31,3,29365.0114975677,2,0.147133672802598,7533,Significant_Damage_And_Serious_Injuries
3718,37.7625570776256,14,4,79.3983591613491,0.315752614496934,75.2,6,28801.5388967117,3,0.0070762570450458,2827,Significant_Damage_And_Serious_Injuries
2120,76.1187214611872,9,12,66.9553327256153,0.306376487558601,78.5,7,23787.7963047131,2,0.0023705327922354,5658,Significant_Damage_And_Fatalities
6222,40.1369863013699,20,3,66.6818596171377,0.35325712225027,78.09,7,28356.8132043199,0,0.0027635053933695,6124,Significant_Damage_And_Fatalities
3356,37.0776255707762,14,12,58.8422971741112,0.605691309051569,79.06,3,47156.9384261401,2,0.236948192249694,10770,Significant_Damage_And_Serious_Injuries
8531,13.37899543379,18,17,71.3764813126709,0.274641904075009,75.51,1,43767.580522752,0,1.59744114351771,11908,Highly_Fatal_And_Damaging
2092,20.5022831050228,15,5,80.6289881494986,0.381746123332131,89.19,4,32626.6055861269,1,0.0600603540074943,3474,Highly_Fatal_And_Damaging
7328,13.7899543378995,17,1,63.4001823154057,0.585496574107465,80.07,4,40073.720174847,1,0.0742913315746002,7808,Highly_Fatal_And_Damaging
3219,70.4109589041096,11,1,68.6417502278943,0.404825820411107,79.61,7,22248.3350362665,2,0.0015846344945043,9625,Significant_Damage_And_Fatalities
8519,42.0547945205479,9,2,59.7538742023701,0.46829498737829,87.08,1,39289.2195249257,4,1.44569257769582,10445,Highly_Fatal_And_Damaging
5265,33.9269406392694,15,2,61.2123974475843,0.344962856112513,82.45,3,26459.3327304016,0,0.131453133849679,4103,Significant_Damage_And_Serious_Injuries
2128,36.8493150684931,14,11,59.7082953509572,0.308540209159754,79.99,3,43459.9317547451,4,0.217592818863117,9865,Significant_Damage_And_Serious_Injuries
117,54.8858447488584,12,4,61.2579762989973,0.437281644428417,78.36,4,28287.9926044483,1,0.0523085891514352,645,Minor_Damage_And_Injuries
1046,47.1232876712329,11,7,69.9179580674567,0.228482509917057,79.08,3,24001.8530974736,2,0.119911593140671,7697,Significant_Damage_And_Serious_Injuries
8025,53.9269406392694,12,7,77.028258887876,0.324768121168409,81.26,2,31661.6288095643,1,0.429534515417133,5548,Minor_Damage_And_Injuries
7132,27.1232876712329,13,2,79.9453053783045,0.268150739271547,75.68,7,35245.2033914192,1,0.0031012183932532,6323,Highly_Fatal_And_Damaging