,Safety_Score,Days_Since_Inspection,Total_Safety_Complaints,Control_Metric,Turbulence_In_gforces,Cabin_Temperature,Accident_Type_Code,Max_Elevation,Violations,Adverse_Weather_Metric,Accident_ID,Severity
2366,13.6986301369863,18,17,76.0255241567913,0.309622069960331,79.63,2,35006.6478704957,2,0.475322665637944,10864,Highly_Fatal_And_Damaging
9377,44.337899543379,15,0,49.3163172288059,0.46865560764515,80.33,3,41138.0780833803,4,0.203350840886945,11715,Highly_Fatal_And_Damaging
1222,21.7351598173516,21,4,73.0173199635369,0.340274792643346,79.89,7,42912.5244287391,1,0.0038918509197929,2282,Minor_Damage_And_Injuries
8522,37.5342465753425,14,0,73.0628988149499,0.272117562206996,78.5,3,29660.9634883589,2,0.147692401293215,6698,Significant_Damage_And_Serious_Injuries
823,36.027397260274,18,6,80.4010938924339,0.293394157951677,75.4,2,37038.5414452765,4,0.499845233093124,8672,Minor_Damage_And_Injuries
6856,39.1324200913242,13,2,69.1431175934367,0.380303642264695,79.17,3,13468.0085006978,3,0.0693979507759365,2602,Significant_Damage_And_Serious_Injuries
4784,51.2328767123288,13,1,62.2151321786691,0.552319509556437,83.76,5,8645.35570372917,1,0.00565999846684,11365,Minor_Damage_And_Injuries
4183,38.0821917808219,13,13,70.1002734731085,0.354699603317706,81.37,3,18673.766897687,2,0.0898133583444885,5959,Significant_Damage_And_Serious_Injuries
966,41.8264840182648,16,6,72.151321786691,0.248677244861161,79.2,6,39280.6384452088,1,0.0100243730139918,2883,Minor_Damage_And_Injuries
9982,23.6073059360731,14,7,78.0765724703738,0.36768193292463,78.54,4,55360.3569171219,2,0.11442122995123,7875,Highly_Fatal_And_Damaging
6738,54.5205479452055,9,0,53.1905195989061,0.575759826902272,84.13,6,41870.0262217125,3,0.0101532118856562,5660,Minor_Damage_And_Injuries
6853,54.8401826484018,5,28,64.9954421148587,0.248316624594302,75.84,4,25598.804538292,4,0.0475274351310079,10722,Highly_Fatal_And_Damaging
2220,42.2374429223744,12,4,66.9553327256153,0.419971871619185,81.27,7,35247.2887973971,1,0.003309240658801,5104,Significant_Damage_And_Serious_Injuries
3335,40.7762557077626,9,1,54.0565177757521,0.592348359177785,75.78,4,29502.7634210532,2,0.0539003607023165,8699,Significant_Damage_And_Fatalities
7156,41.7351598173516,16,6,76.4813126709207,0.253725928597187,83.41,2,42329.0179287936,2,0.569213825805112,1995,Minor_Damage_And_Injuries
6075,77.6712328767123,2,3,76.6180492251596,0.455673278038226,76.18,4,49986.899410661,2,0.0914887092870471,690,Minor_Damage_And_Injuries
537,45.0228310502283,15,3,57.7028258887876,0.416005048683736,79.22,2,37925.7002133991,0,0.510633766071412,787,Minor_Damage_And_Injuries
355,48.6301369863014,17,13,76.7547857793984,0.405907681211684,77.78,5,39561.1947997994,3,0.026629536451197,4912,Significant_Damage_And_Fatalities
7412,47.1232876712329,11,4,87.4658158614403,0.2923122971511,80.92,3,39651.766046119,2,0.197627289388574,7916,Significant_Damage_And_Serious_Injuries
9494,34.8401826484018,11,19,59.4348222424795,0.584054093040028,87.0,5,19947.8702117075,2,0.0125595820749567,1084,Highly_Fatal_And_Damaging
4068,27.945205479452,20,6,76.4813126709207,0.264905156869816,83.54,5,23270.1330877074,3,0.014990810229226,11756,Minor_Damage_And_Injuries
7956,21.9178082191781,19,2,77.3473108477666,0.272117562206996,78.35,3,24272.0591078432,1,0.119252737278626,2509,Significant_Damage_And_Serious_Injuries
5233,45.0228310502283,8,0,65.2689152233364,0.250119725928597,79.56,4,37065.4837499923,3,0.0670328004795129,5491,Highly_Fatal_And_Damaging
2293,43.1050228310502,15,1,58.7967183226983,0.282214929679048,81.08,2,20737.0208812898,1,0.281139882874009,5787,Minor_Damage_And_Injuries
89,30.7762557077626,20,2,56.8368277119417,0.303491525423729,84.76,6,50122.0197516808,3,0.0122725648420376,3108,Highly_Fatal_And_Damaging
8886,59.9086757990868,7,1,56.6545123062899,0.409153263613415,76.18,2,26687.6997953238,1,0.360857469184247,3969,Minor_Damage_And_Injuries
8083,9.31506849315068,19,9,49.8632634457612,0.362272628921745,81.2,4,38634.4918369471,1,0.0707412082678978,6307,Significant_Damage_And_Fatalities
5071,19.3607305936073,19,0,64.3573381950775,0.272838802740714,81.56,3,30477.3190817566,1,0.152337945102486,4077,Significant_Damage_And_Serious_Injuries
389,72.1004566210046,4,8,56.3810391978122,0.271035701406419,80.49,1,27384.8076695731,2,0.992892435251542,7624,Minor_Damage_And_Injuries
740,46.5753424657534,15,0,64.6308113035552,0.502914532996754,76.95,5,24084.887315452,1,0.0154972430753475,11693,Minor_Damage_And_Injuries
1286,36.2100456621005,11,13,51.2762078395624,0.422856833754057,85.26,4,34804.2208097873,1,0.0636202109984061,3817,Significant_Damage_And_Fatalities
511,58.1278538812785,15,5,61.8505013673656,0.656538766678687,77.39,7,21876.099922363,5,0.0016662571566624,12097,Significant_Damage_And_Fatalities
8412,47.5342465753425,18,0,57.7484047402006,0.395810313739632,77.27,7,31533.3961527062,4,0.002822371651751,4703,Significant_Damage_And_Fatalities
6348,35.9817351598173,11,15,71.4676390154968,0.258053371799495,79.85,5,34703.1971894708,3,0.0236396818701965,6351,Highly_Fatal_And_Damaging
7589,70.5479452054795,7,0,68.4594348222425,0.377418680129823,77.04,4,19245.887227457,1,0.0363976969306029,1040,Minor_Damage_And_Injuries
7105,46.1643835616438,15,17,66.8641750227894,0.351093400649116,82.34,2,45992.7707754917,1,0.627669708960065,1497,Minor_Damage_And_Injuries
3458,19.3607305936073,19,0,59.9817684594348,0.294476018752254,79.07,3,26116.1340059494,2,0.129039751153255,641,Significant_Damage_And_Serious_Injuries
7181,13.7899543378995,17,1,57.8851412944394,0.345684096646231,77.18,4,34108.4950856052,3,0.0623984755828219,436,Highly_Fatal_And_Damaging
9396,45.296803652968,11,4,63.4457611668186,0.248316624594302,82.73,4,19643.5987363401,2,0.0363976969306029,8937,Significant_Damage_And_Serious_Injuries
9025,29.7260273972603,12,1,75.7520510483136,0.36046952758745,77.0,7,36315.7270103316,1,0.0033245921784687,10660,Highly_Fatal_And_Damaging
9966,61.1872146118721,7,14,76.3445761166819,0.374533717994951,80.03,2,29887.8059671659,3,0.405852963176552,12308,Significant_Damage_And_Serious_Injuries
7239,51.9634703196347,13,13,67.2743846855059,0.160685899747566,76.89,5,26069.4968678269,0,0.0169084447733504,11914,Minor_Damage_And_Injuries
9093,65.9817351598173,5,12,45.4876937101185,0.48632600072124,77.74,3,29830.8511379732,2,0.147784430513303,9710,Minor_Damage_And_Injuries
5193,41.1415525114155,9,11,32.4977210574293,0.729744680851064,78.9,2,23758.6115451918,2,0.321668685211402,12304,Highly_Fatal_And_Damaging
3306,36.62100456621,10,10,76.5724703737466,0.374533717994951,81.01,3,31239.8537935055,2,0.156527896644788,10165,Highly_Fatal_And_Damaging
7128,22.648401826484,15,5,37.739288969918,0.542582762351244,80.78,1,37034.4056430355,2,1.35005026474898,4450,Significant_Damage_And_Fatalities
4961,59.8173515981735,14,5,60.9845031905196,0.370927515326361,74.82,4,52783.6699929497,1,0.0941830531015625,3172,Significant_Damage_And_Fatalities
5138,55.1598173515982,9,18,82.0875113947128,0.228482509917057,77.95,3,32880.837576059,2,0.163199733689906,1513,Significant_Damage_And_Serious_Injuries
5895,30.9132420091324,12,3,64.2661804922516,0.419611251352326,81.98,1,24605.471319083,2,0.887893341795068,1846,Highly_Fatal_And_Damaging
6892,28.9954337899543,16,11,70.0091157702826,0.299885322755139,78.64,4,22297.575620694,1,0.0409263541820256,3383,Significant_Damage_And_Serious_Injuries
6775,58.1278538812785,11,7,64.8131267092069,0.52599423007573,77.61,2,29989.7501979184,3,0.406388633122696,11014,Minor_Damage_And_Injuries
2318,40.0,10,1,53.5095715587967,0.245792282726289,78.06,1,18614.2680854717,2,0.685290136584357,2663,Significant_Damage_And_Fatalities
7563,14.8858447488584,20,2,74.2023701002735,0.235334294987378,77.43,3,24272.0591078432,1,0.119606400550729,9332,Significant_Damage_And_Serious_Injuries
7462,68.4931506849315,11,9,65.2233363719235,0.356142084385142,81.28,4,15509.4345048147,3,0.0284279690986392,8415,Significant_Damage_And_Fatalities
1924,20.958904109589,23,7,97.7666362807658,0.370927515326361,78.3,4,38630.4756847112,4,0.0704870568565678,12458,Minor_Damage_And_Injuries
5485,38.4474885844749,13,22,56.7456700091158,0.494620266858997,78.43,3,42190.154354331,3,0.209889349040736,4718,Minor_Damage_And_Injuries
5128,72.9680365296803,7,1,70.0546946216956,0.439805986296429,78.46,2,19380.3444367151,3,0.254442294313853,2929,Minor_Damage_And_Injuries
3267,51.6438356164384,9,3,88.9243391066545,0.276805625676163,77.53,4,29664.8117944913,2,0.0548024694560782,804,Significant_Damage_And_Serious_Injuries
3604,41.1415525114155,12,0,65.9525979945305,0.423938694554634,86.74,6,24421.6576824513,1,0.0064098498207914,2251,Significant_Damage_And_Serious_Injuries
3737,44.2009132420091,8,20,87.0556061987238,0.24543166245943,76.74,7,45783.5276614128,2,0.0038871488471179,4,Highly_Fatal_And_Damaging
2845,46.1187214611872,15,3,72.3336371923428,0.302409664623152,77.56,2,31603.8816790219,4,0.424911513212429,892,Minor_Damage_And_Injuries
8276,58.4018264840183,11,4,69.5989061075661,0.421414352686621,82.73,2,38384.4318243461,0,0.519355070097568,11335,Minor_Damage_And_Injuries
1678,44.4292237442922,15,8,54.876937101185,0.309982690227191,80.95,2,22381.0528939519,2,0.303007316955657,10330,Highly_Fatal_And_Damaging
1262,28.6301369863014,13,0,88.1494986326345,0.203960331770645,82.49,4,31646.7484368226,2,0.0570878909990524,654,Highly_Fatal_And_Damaging
3376,36.027397260274,14,4,61.3947128532361,0.456033898305084,77.6,4,29589.3854076653,2,0.0541065660538752,4126,Significant_Damage_And_Serious_Injuries
688,12.648401826484,21,2,68.7784867821331,0.189535521096285,76.46,3,35012.6011594488,0,0.174810006625748,11921,Significant_Damage_And_Serious_Injuries
5875,35.0684931506849,11,6,54.876937101185,0.450263974035341,78.23,4,43204.1689916855,3,0.0792458322820857,9627,Significant_Damage_And_Fatalities
5816,32.9223744292237,15,12,65.587967183227,0.282575549945907,78.3,6,37917.1797061165,1,0.0096878093375695,2969,Significant_Damage_And_Serious_Injuries
7957,30.9132420091324,12,3,64.0382862351869,0.417086909484313,77.91,4,21651.0494588669,1,0.0398611264038201,11873,Highly_Fatal_And_Damaging
8174,31.0958904109589,16,5,64.2206016408387,0.462525063108547,75.68,6,36742.9903189402,3,0.0086906732802662,11120,Significant_Damage_And_Serious_Injuries
7812,19.9086757990868,16,0,85.5515041020967,0.215500180310133,80.05,4,22016.952274007,2,0.0413384526477102,63,Highly_Fatal_And_Damaging
2806,31.1872146118721,15,0,54.6490428441203,0.383188604399567,81.71,4,28203.4891265458,2,0.0523085891514352,11973,Minor_Damage_And_Injuries
4588,46.8949771689498,14,8,72.8805834092981,0.352535881716553,79.8,2,42622.3715192289,0,0.579229481985553,8766,Minor_Damage_And_Injuries
3120,41.689497716895,19,8,72.8805834092981,0.259135232600072,80.06,7,33425.2255805168,2,0.0032646245817578,11363,Significant_Damage_And_Fatalities
9298,40.8219178082192,13,2,55.6517775752051,0.444854670032455,87.0,2,48525.8603425376,3,0.655799278013633,3195,Minor_Damage_And_Injuries
6590,46.7579908675799,11,3,66.362807657247,0.331980526505589,78.63,1,45541.2367525593,2,1.67536847267879,2194,Significant_Damage_And_Serious_Injuries
7457,42.1004566210046,12,2,55.9252506836828,0.578644789037144,83.03,2,37215.0757155478,3,0.50630490065634,7864,Minor_Damage_And_Injuries
3229,63.8812785388128,13,2,62.3518687329079,0.402662098809953,85.42,7,29247.4908093916,2,0.0027199527074108,7289,Significant_Damage_And_Fatalities
4476,26.3013698630137,14,13,72.0145852324522,0.237858636855391,81.29,4,34397.7574159421,0,0.0633223123824082,8170,Highly_Fatal_And_Damaging
6789,38.675799086758,13,14,73.1540565177758,0.334504868373603,81.37,3,12474.3600009115,2,0.0627235617216595,9760,Significant_Damage_And_Serious_Injuries
7864,38.0365296803653,14,2,60.8477666362808,0.37128813559322,78.46,5,31151.7511553384,2,0.0198462668231589,7442,Significant_Damage_And_Serious_Injuries
5689,29.8630136986301,12,0,74.61257976299,0.337750450775333,81.03,4,25934.1184942047,2,0.0466821769632099,10063,Highly_Fatal_And_Damaging
4396,19.5890410958904,15,3,67.0464904284412,0.416365668950595,79.58,4,26744.8667985702,1,0.0487621006652892,12440,Highly_Fatal_And_Damaging
5660,44.5662100456621,15,7,47.1285323609845,0.351454020915975,75.51,2,27506.8489311607,5,0.372425424131458,12174,Highly_Fatal_And_Damaging
1474,26.7123287671233,17,0,61.2579762989973,0.294476018752254,81.02,3,17011.9552427058,2,0.0841518390163713,207,Significant_Damage_And_Serious_Injuries
5757,50.2283105022831,13,6,68.869644484959,0.278248106743599,76.58,7,31180.6080761859,1,0.0028926214664554,7316,Minor_Damage_And_Injuries
9217,35.0228310502283,14,0,61.6226071103008,0.503996393797331,81.65,2,49106.3559589155,1,0.653014214204056,9592,Significant_Damage_And_Serious_Injuries
8977,39.4520547945205,10,1,74.4758432087512,0.264905156869816,77.96,4,39662.1519115334,2,0.0723253469968561,7574,Highly_Fatal_And_Damaging
9024,32.8310502283105,15,15,74.2935278030994,0.251562206996033,78.53,3,37178.3769732465,1,0.183959103652925,10844,Significant_Damage_And_Serious_Injuries
3366,52.648401826484,6,4,58.4776663628077,0.296279120086549,82.04,7,24455.0250063736,2,0.0025001614479847,3988,Highly_Fatal_And_Damaging
4527,79.6803652968037,8,22,45.897903372835,0.721450414713307,78.5,7,31898.6401662182,3,0.002836762534051,802,Significant_Damage_And_Serious_Injuries
3912,38.2648401826484,10,2,66.4539653600729,0.474064911648034,79.39,4,32677.2060754324,2,0.0595803417965499,11663,Highly_Fatal_And_Damaging
8335,45.0684931506849,11,35,55.2871467639016,0.583332852506311,78.43,6,22022.4520363672,2,0.005459989027262,5764,Minor_Damage_And_Injuries
6298,18.310502283105,16,8,62.5341841385597,0.288345474215651,78.0,7,36059.2215837245,1,0.0031855781125155,587,Highly_Fatal_And_Damaging
4590,55.5707762557078,12,21,55.8340929808569,0.568186801298233,83.6,2,26042.9934430378,2,0.351388022143726,8192,Highly_Fatal_And_Damaging
1225,34.5205479452055,15,2,87.4658158614403,0.372009376126938,79.07,3,20487.8674821751,1,0.10271429105142,7527,Significant_Damage_And_Serious_Injuries
1977,22.0091324200913,15,10,92.3883318140383,0.185208077893978,78.76,4,28994.8333817836,2,0.0531635622842917,10479,Highly_Fatal_And_Damaging
7653,35.9360730593607,11,9,74.7037374658159,0.326931842769563,79.85,2,50246.9001511825,2,0.67013217659738,10885,Highly_Fatal_And_Damaging
2267,28.675799086758,13,10,86.9644484958979,0.312146411828345,76.56,6,25187.7119180336,2,0.0062765408515574,12248,Highly_Fatal_And_Damaging
7638,49.8173515981735,10,11,78.9881494986326,0.311064551027768,84.8,6,40757.3230112037,2,0.0095978405594745,10256,Significant_Damage_And_Serious_Injuries
1093,16.3013698630137,16,0,67.2743846855059,0.460361341507393,84.72,3,23157.2982287448,4,0.114860898932605,5103,Highly_Fatal_And_Damaging
543,27.3059360730594,13,1,72.0145852324522,0.32116191849982,78.49,4,44362.5365040698,1,0.0823793731710981,9771,Highly_Fatal_And_Damaging
7650,48.4474885844749,14,1,68.7784867821331,0.265265777136675,76.77,2,20871.6060187312,1,0.278446237781689,4408,Minor_Damage_And_Injuries
4291,33.6986301369863,15,7,66.0437556973564,0.354699603317706,78.75,3,40491.8862409923,1,0.202363110539689,2573,Significant_Damage_And_Serious_Injuries
7531,29.1780821917808,13,1,64.9498632634458,0.455673278038226,77.59,2,40840.646356118,3,0.551419592392081,10159,Highly_Fatal_And_Damaging
9336,38.4931506849315,17,15,76.253418413856,0.520945546339704,80.09,2,33730.6363753111,1,0.454659027571974,11500,Minor_Damage_And_Injuries
4151,16.4840182648402,16,1,82.1786690975388,0.14481860800577,82.97,4,45084.6916396853,3,0.0811200932683146,6937,Highly_Fatal_And_Damaging
9513,51.2785388127854,10,2,69.0975387420237,0.315752614496934,80.53,6,27234.6801248376,1,0.0069793472078992,6919,Significant_Damage_And_Serious_Injuries
5929,54.2922374429224,9,2,63.4457611668186,0.553401370357014,77.16,3,32266.1362314826,3,0.160110192147785,319,Significant_Damage_And_Serious_Injuries
2142,28.2191780821918,13,14,82.8623518687329,0.211893977641543,80.27,1,23197.1080931768,0,0.849133433713455,6395,Highly_Fatal_And_Damaging
3462,36.3926940639269,11,1,79.3527803099362,0.275723764875586,81.25,7,46445.7090961569,2,0.0039677469749471,8148,Highly_Fatal_And_Damaging
5297,64.2009132420091,13,9,68.7329079307201,0.335586729174179,79.69,6,15509.4345048147,2,0.0034834907236872,12050,Significant_Damage_And_Fatalities
1332,52.2374429223744,13,11,54.2844120328168,0.471179949513162,78.49,1,34349.7064689016,1,1.26281554046516,1860,Highly_Fatal_And_Damaging
4771,37.8538812785388,14,4,79.3983591613491,0.222351965380454,76.41,3,26194.6862921461,0,0.130685044919669,8352,Significant_Damage_And_Serious_Injuries
6693,48.9954337899543,14,22,66.7730173199635,0.387876667868734,78.64,2,35694.2901603896,1,0.483069686878617,2551,Minor_Damage_And_Injuries
1706,19.5433789954338,19,5,52.5524156791249,0.638507753335737,80.65,3,35892.7983397101,3,0.179246049162375,7766,Minor_Damage_And_Injuries
8825,63.3333333333333,10,12,65.9981768459435,0.337750450775333,80.01,3,36742.4965923887,1,0.182958864917738,8629,Minor_Damage_And_Injuries
2008,62.1004566210046,6,1,63.126709206928,0.392204111071042,79.81,6,28815.0595298404,1,0.0070694502300699,10293,Significant_Damage_And_Serious_Injuries
2726,80.958904109589,8,20,53.0082041932544,0.564219978362784,79.79,7,29365.0114975677,0,0.002697681277822,11384,Significant_Damage_And_Serious_Injuries
4841,23.6529680365297,18,0,59.2069279854148,0.518421204471691,80.19,3,30056.8989424303,2,0.148832135405465,9653,Significant_Damage_And_Serious_Injuries
7224,73.5159817351598,10,1,65.9070191431176,0.338471691309052,75.27,7,18869.5876217835,1,0.0020379019154994,10249,Significant_Damage_And_Fatalities
5901,45.0684931506849,15,1,72.2424794895169,0.248677244861161,78.8,2,41247.2138694394,2,0.559006907847623,6578,Minor_Damage_And_Injuries
1891,48.1735159817352,14,6,85.7793983591614,0.199632888568337,78.56,3,22151.6148638974,3,0.110391364869765,6758,Minor_Damage_And_Injuries
6150,49.5890410958904,10,5,61.8505013673656,0.245792282726289,77.29,6,30026.5544078845,3,0.0075034789920839,4096,Significant_Damage_And_Serious_Injuries
5161,34.4748858447488,14,0,58.4776663628077,0.404465200144248,78.03,3,43915.3628054386,3,0.221481272569922,2854,Significant_Damage_And_Serious_Injuries
9008,27.945205479452,17,5,60.0729261622607,0.381024882798413,82.98,3,24242.431985579,1,0.120541261122413,11181,Significant_Damage_And_Serious_Injuries
3572,40.8219178082192,16,4,55.8796718322698,0.286902993148215,81.62,4,40894.8662671731,2,0.0755380401037781,575,Highly_Fatal_And_Damaging
8752,31.9634703196347,19,17,55.6973564266181,0.496423368193292,80.67,5,25239.6627058985,1,0.0166996848599072,10244,Minor_Damage_And_Injuries
9306,77.3059360730594,4,3,76.6180492251596,0.455673278038226,76.63,4,36581.5851337857,1,0.0670328004795129,269,Minor_Damage_And_Injuries
7358,19.6803652968037,15,44,45.5332725615314,0.721450414713307,78.59,1,34608.2943986072,1,1.27950242269574,1514,Significant_Damage_And_Fatalities
5405,36.0730593607306,17,0,73.4731084776664,0.297360980887126,78.48,3,30017.3106085214,2,0.149122605634599,5274,Minor_Damage_And_Injuries
3728,20.4109589041096,19,3,75.432999088423,0.335586729174179,77.19,6,15487.5322673657,1,0.0035981058834733,6577,Significant_Damage_And_Serious_Injuries
632,46.8493150684931,14,2,69.1886964448496,0.330898665705012,82.1,5,38711.3935671569,1,0.0259721525011381,5346,Minor_Damage_And_Injuries
4253,69.5433789954338,8,2,70.464904284412,0.330538045438154,76.27,2,44265.5437755615,0,0.59741302238325,4051,Minor_Damage_And_Injuries
9061,68.7671232876712,8,15,65.2233363719235,0.588742156509196,76.19,5,15196.4435200964,3,0.0119474272929286,389,Minor_Damage_And_Injuries
93,29.0867579908676,16,2,81.175934366454,0.237137396321673,77.38,6,29575.3516590254,3,0.0074835425239002,7003,Significant_Damage_And_Serious_Injuries
8653,42.5114155251142,12,6,68.915223336372,0.325849981968986,81.06,4,32509.9312590937,4,0.0602782872200922,10743,Significant_Damage_And_Serious_Injuries
9557,19.2237442922374,16,1,69.1431175934367,0.407710782545979,82.33,4,24820.1673697463,0,0.045349159176968,2108,Highly_Fatal_And_Damaging
578,43.1963470319635,9,4,66.1349134001823,0.298803461954562,84.11,4,37123.4671202188,4,0.0688847896387925,1233,Highly_Fatal_And_Damaging
596,6.57534246575342,19,7,80.4466727438469,0.3785005409304,80.15,1,33143.9853063049,2,1.21789625360354,3582,Highly_Fatal_And_Damaging
3105,35.8904109589041,14,4,56.0619872379216,0.345323476379372,79.97,3,32121.255934815,3,0.160237023074609,10505,Minor_Damage_And_Injuries
4572,37.1689497716895,14,7,66.6362807657247,0.373451857194374,81.84,4,31993.458888341,2,0.0593813308679131,6718,Significant_Damage_And_Serious_Injuries
6090,65.9817351598173,9,18,65.2689152233364,0.334865488640461,82.3,2,33226.1306928098,3,0.450817704051099,11861,Minor_Damage_And_Injuries
5402,22.648401826484,15,8,72.8805834092981,0.27428128380815,82.93,4,24906.7451617412,2,0.0453323988881035,9509,Highly_Fatal_And_Damaging
6033,49.4977168949772,7,0,64.3117593436645,0.347487197980527,83.58,1,33963.8106036965,2,1.24933997725514,1419,Highly_Fatal_And_Damaging
3369,53.2876712328767,16,1,82.9535095715588,0.271396321673278,78.11,6,37253.905366837,0,0.0088051895081175,3808,Significant_Damage_And_Fatalities
7733,25.5707762557078,14,15,65.0865998176846,0.38931914893617,78.63,4,37949.724386184,1,0.0691843136690765,12138,Highly_Fatal_And_Damaging
1980,64.6118721461187,6,39,58.1130355515041,0.564219978362784,82.38,3,35730.4510938833,1,0.17903915907143,3720,Significant_Damage_And_Serious_Injuries
8458,59.4063926940639,11,1,76.2989972652689,0.455673278038226,80.68,2,45300.0270165971,3,0.612998871089524,7276,Minor_Damage_And_Injuries
4821,54.2922374429224,16,0,70.6016408386509,0.291230436350523,82.5,7,42628.510405682,1,0.0037500668344686,2747,Significant_Damage_And_Fatalities
4191,27.6712328767123,13,1,55.6061987237922,0.47911359538406,78.31,4,27139.3034261052,2,0.0497094031861019,345,Highly_Fatal_And_Damaging
3558,46.1187214611872,11,15,63.9015496809481,0.245792282726289,78.54,3,32094.8041801564,3,0.159696995800694,2249,Significant_Damage_And_Serious_Injuries
5134,42.283105022831,12,8,56.9279854147676,0.47190119004688,84.27,7,18272.7284846477,2,0.0019810719425106,8634,Minor_Damage_And_Injuries
8756,50.7305936073059,10,18,54.7402005469462,0.377418680129823,80.98,3,22792.0341977544,1,0.113684532201768,2674,Significant_Damage_And_Serious_Injuries
9868,57.5342465753425,11,9,73.9744758432088,0.335226108907321,81.76,2,30068.5787324876,3,0.404487468588732,10447,Minor_Damage_And_Injuries
4333,28.4931506849315,16,9,79.2160437556974,0.268511359538406,79.3,6,30586.407239901,3,0.0071611528560277,3594,Significant_Damage_And_Serious_Injuries
6367,50.5479452054795,10,7,66.9097538742024,0.299885322755139,77.51,6,26705.9269085582,3,0.0067522910178023,1494,Significant_Damage_And_Serious_Injuries
5865,56.2557077625571,12,13,62.8532360984503,0.312507032095204,79.3,5,41329.4435546774,3,0.0276128944227577,8547,Minor_Damage_And_Injuries
8891,34.4748858447488,11,1,84.5487693710119,0.16284962134872,76.8,3,17287.2556177208,2,0.086846843745868,5026,Highly_Fatal_And_Damaging
903,28.9041095890411,13,0,66.1349134001823,0.438002884962135,80.62,2,31748.2529497146,1,0.430069222346108,5314,Highly_Fatal_And_Damaging
8464,61.8721461187214,13,20,73.1996353691887,0.260938333934367,81.18,7,32463.032918282,4,0.0031467667003417,6440,Significant_Damage_And_Fatalities
5588,34.0639269406393,15,18,58.8422971741112,0.359387666786873,80.74,3,35285.2690352296,1,0.175707515440699,10395,Significant_Damage_And_Serious_Injuries
1462,46.2557077625571,8,8,68.5050136736554,0.422496213487198,82.22,4,36056.3247444592,4,0.0665314538675571,11123,Highly_Fatal_And_Damaging
7421,47.945205479452,14,8,80.0820419325433,0.289427335016228,82.49,3,27206.7774652661,2,0.133480825287782,10840,Minor_Damage_And_Injuries
902,21.9634703196347,15,10,55.6973564266181,0.580447890371439,77.63,4,22678.6809668713,3,0.0419768073468294,8387,Significant_Damage_And_Fatalities
1193,58.4474885844749,7,0,54.4667274384686,0.454591417237649,77.48,5,27070.5380319051,1,0.0185634424474068,6689,Minor_Damage_And_Injuries
4782,87.4885844748858,5,3,78.0765724703738,0.204320952037505,82.6,7,36493.1943544014,3,0.0029809992085563,6366,Significant_Damage_And_Fatalities
1967,57.0319634703196,12,5,63.7192342752963,0.306015867291742,79.68,2,30615.0043937329,1,0.414941704093137,1936,Minor_Damage_And_Injuries
8902,95.2511415525114,5,0,63.9015496809481,0.306737107825459,79.81,7,36722.3335730371,2,0.003249481730425,1718,Significant_Damage_And_Fatalities
8910,41.689497716895,19,2,69.8723792160438,0.33161990623873,79.01,2,23214.4912184096,0,0.314050656397823,11091,Significant_Damage_And_Fatalities
4767,45.9817351598173,15,1,64.6308113035552,0.316473855030653,78.93,2,29727.4972777029,4,0.403593936192003,10525,Minor_Damage_And_Injuries
3128,36.027397260274,11,3,46.0346399270738,0.606773169852146,86.47,4,33871.586283706,3,0.0621354412786752,11860,Significant_Damage_And_Fatalities
5372,22.1004566210046,15,7,48.5870556061987,0.850913090515687,85.1,4,28126.4685617393,3,0.0515805396340857,2713,Significant_Damage_And_Fatalities
3107,49.4520547945205,17,5,86.2351868732908,0.333783627839884,79.81,7,28356.8132043199,1,0.0026275933121641,108,Significant_Damage_And_Fatalities
1249,28.2191780821918,20,22,72.6526891522334,0.355420843851424,80.52,4,38630.4756847112,2,0.0705271027139023,10174,Minor_Damage_And_Injuries
8484,41.8721461187215,12,8,61.3947128532361,0.409874504147133,80.62,6,32060.3364189763,0,0.0082142237438365,3313,Significant_Damage_And_Serious_Injuries
5035,33.7442922374429,18,5,55.0136736554239,0.547270825820411,77.93,1,25739.3846771422,2,0.945916971637711,10524,Highly_Fatal_And_Damaging
8372,28.9041095890411,13,2,52.7803099361896,0.280411828344753,80.61,1,26412.3256335554,2,0.978578768073676,4068,Highly_Fatal_And_Damaging
829,39.5890410958904,16,8,51.4129443938013,0.533927875946628,81.79,5,27420.8273928111,1,0.0187014909382164,2144,Highly_Fatal_And_Damaging
2790,53.7442922374429,9,1,75.4785779398359,0.334504868373603,79.71,3,26261.5515416009,0,0.131215115356971,4034,Significant_Damage_And_Serious_Injuries
8381,51.7808219178082,10,1,69.1431175934367,0.408792643346556,81.57,3,44701.6485825148,3,0.224922205425169,9107,Significant_Damage_And_Serious_Injuries
1875,18.3561643835616,20,20,68.5050136736554,0.443772809231878,76.53,1,31038.9017902922,1,1.14117623817193,6111,Significant_Damage_And_Serious_Injuries
8525,46.4840182648402,11,5,54.7857793983592,0.503275153263613,80.62,3,27569.7208350064,1,0.138218629477214,9834,Significant_Damage_And_Serious_Injuries
3579,30.1369863013699,12,2,32.4521422060164,0.584054093040028,79.22,7,49288.6355066503,1,0.0046961159949105,11736,Significant_Damage_And_Fatalities
341,52.3744292237443,6,12,50.6381039197812,0.47911359538406,87.47,6,33892.7702492079,1,0.0091876148524485,10342,Significant_Damage_And_Fatalities