,Safety_Score,Days_Since_Inspection,Total_Safety_Complaints,Control_Metric,Turbulence_In_gforces,Cabin_Temperature,Accident_Type_Code,Max_Elevation,Violations,Adverse_Weather_Metric,Accident_ID,Severity
444,54.1095890410959,12,10,75.2506836827712,0.288345474215651,75.05,5,43907.2002460851,1,0.0306133067658192,4397,Minor_Damage_And_Injuries
1653,1.14155251141552,20,1,67.7301731996354,0.199632888568337,77.03,7,29368.5496527533,0,0.0028926214664554,11160,Highly_Fatal_And_Damaging
7392,27.1689497716895,17,6,94.4393801276208,0.229203750450775,79.2,6,34489.279660486,1,0.0089903548639397,9012,Significant_Damage_And_Serious_Injuries
9829,26.9406392694064,13,5,61.4402917046491,0.346405337179949,77.0,4,32019.919489192,2,0.0592921596021897,9634,Highly_Fatal_And_Damaging
6004,40.0913242009132,10,14,57.6572470373747,0.414923187883159,78.79,4,35977.0123074185,1,0.0658221949166717,2568,Highly_Fatal_And_Damaging
4806,52.7397260273972,13,3,58.2953509571559,0.46829498737829,78.47,5,43786.173360848,1,0.0302458106880006,9837,Minor_Damage_And_Injuries
4858,63.1963470319635,13,8,73.0628988149499,0.352175261449693,77.09,7,27612.5083782762,2,0.0023811865337943,2968,Significant_Damage_And_Fatalities
131,56.8493150684931,12,0,73.1996353691887,0.352175261449693,80.79,2,29887.8059671659,2,0.405598313032733,4283,Minor_Damage_And_Injuries
9912,14.6118721461187,21,3,63.7648131267092,0.509405697800216,79.71,3,40209.1863413367,2,0.202363110539689,10173,Significant_Damage_And_Serious_Injuries
101,40.5479452054794,20,14,50.3646308113035,0.354699603317706,77.62,2,45105.8414366345,2,0.617744870168884,4507,Significant_Damage_And_Fatalities
9122,68.9954337899543,11,10,49.2707383773929,0.251201586729174,79.89,2,31187.3406270671,2,0.421556535122927,3078,Highly_Fatal_And_Damaging
4602,58.8584474885845,14,2,58.8422971741112,0.467213126577713,81.74,7,35634.8941329161,2,0.0031216494865634,1435,Significant_Damage_And_Fatalities
6588,43.1963470319635,8,6,74.7493163172288,0.221630724846736,76.3,1,18800.8838662568,3,0.691594571833008,9197,Highly_Fatal_And_Damaging
708,59.8173515981735,14,5,58.7511394712853,0.414923187883159,77.26,7,49860.8188729973,3,0.0046961159949105,9478,Significant_Damage_And_Fatalities
3803,51.4155251141552,17,11,41.2944393801276,0.714238009376126,78.5,7,39222.4051184905,3,0.0037008509669064,1101,Significant_Damage_And_Serious_Injuries
4105,22.1917808219178,15,4,71.0118505013674,0.334865488640461,81.26,1,13658.8165000358,2,0.518572471316774,9422,Highly_Fatal_And_Damaging
7798,34.3835616438356,18,11,53.6463081130356,0.440887847097007,81.44,2,39434.2561052846,3,0.533857644869173,3916,Highly_Fatal_And_Damaging
5454,54.1095890410959,12,3,49.3163172288059,0.421053732419762,81.43,2,36037.4356530986,3,0.48771365612333,874,Minor_Damage_And_Injuries
5662,42.8310502283105,15,18,78.669097538742,0.237858636855391,82.46,2,42329.0179287936,3,0.569213825805112,1122,Minor_Damage_And_Injuries
2564,31.3698630136986,12,11,66.362807657247,0.321883159033537,81.02,4,39269.0539266116,2,0.0717069574184071,2150,Highly_Fatal_And_Damaging
5754,40.365296803653,9,7,69.0519598906108,0.675651640822214,78.4,1,29433.3007197522,4,1.07538543423334,11684,Highly_Fatal_And_Damaging
8416,63.6986301369863,6,6,63.3090246125798,0.373451857194374,79.82,2,42303.4059989138,0,0.568908460170474,11333,Significant_Damage_And_Serious_Injuries
6185,53.1506849315068,12,3,61.485870556062,0.514093761269383,77.55,7,25648.6676085747,0,0.0023669714254217,9016,Minor_Damage_And_Injuries
234,59.4520547945205,10,20,44.7128532360985,0.693322033898305,77.08,7,28108.6735227329,2,0.0026119610221845,5900,Significant_Damage_And_Serious_Injuries
346,67.3059360730594,8,10,60.0729261622607,0.377418680129823,78.29,2,43412.8879047271,1,0.588559894511099,9892,Minor_Damage_And_Injuries
5024,20.4109589041096,19,14,29.4439380127621,0.774822214208438,80.78,5,39488.3014653357,2,0.0267894186959753,1983,Minor_Damage_And_Injuries
6480,24.3835616438356,17,12,74.7493163172288,0.335586729174179,77.62,3,17884.8085447038,2,0.0917993426892184,198,Significant_Damage_And_Serious_Injuries
5890,45.5707762557078,18,13,50.0911577028259,0.75246375766318,79.37,7,42628.3886404936,3,0.0041299947138364,8818,Significant_Damage_And_Serious_Injuries
3197,41.1415525114155,9,8,72.3792160437557,0.431151099891814,81.44,4,35683.7170907573,0,0.0650374206705968,8308,Highly_Fatal_And_Damaging
8596,48.4474885844749,14,5,52.8258887876026,0.520945546339704,83.57,2,42152.5021440486,2,0.569213825805112,8416,Highly_Fatal_And_Damaging
6840,60.1369863013699,14,22,71.3764813126709,0.224876307248467,85.4,7,29143.7545487936,3,0.002703378947204,817,Significant_Damage_And_Fatalities
3182,32.0547945205479,15,3,62.0783956244303,0.344962856112513,81.0,2,48525.8603425376,2,0.653900333012144,3215,Significant_Damage_And_Serious_Injuries
1690,62.7853881278539,10,4,56.0164083865087,0.456033898305084,84.41,3,7330.43313913308,3,0.0476009651917602,8971,Highly_Fatal_And_Damaging
4887,68.4018264840182,8,2,54.2844120328168,0.511930039668229,80.62,2,40177.3017762019,1,0.539780083967179,482,Highly_Fatal_And_Damaging
6809,47.5342465753425,17,19,44.3482224247949,0.621919221060224,76.04,7,24798.3540796078,2,0.002304927725523,1100,Significant_Damage_And_Serious_Injuries
9137,100.0,5,3,81.3582497721058,0.30313090515687,79.96,3,23758.0297826798,2,0.118532326369117,10323,Significant_Damage_And_Fatalities
4954,50.7762557077626,10,18,51.0483135824977,0.575759826902272,80.89,6,28245.641261576,1,0.0064487124768548,3055,Significant_Damage_And_Serious_Injuries
7234,20.1826484018265,19,3,35.8249772105743,0.611100613054453,88.01,2,47505.4622906068,2,0.641130507004313,4168,Minor_Damage_And_Injuries
31,32.648401826484,15,1,48.6326344576117,0.431151099891814,78.29,4,35960.9764022568,2,0.0657328863038229,6012,Minor_Damage_And_Injuries
428,19.9086757990868,16,1,74.0656335460346,0.428626758023801,84.6,3,28603.7548438843,2,0.141526014290169,7359,Highly_Fatal_And_Damaging
7559,31.7808219178082,21,4,51.5496809480401,0.51156941940137,78.9,7,39496.1600186791,2,0.0035736178259826,9518,Highly_Fatal_And_Damaging
6491,33.2420091324201,11,9,66.3172288058341,0.450263974035341,80.27,4,46847.45838576,2,0.0853073956125315,8533,Highly_Fatal_And_Damaging
3071,32.3744292237443,15,1,52.9170464904284,0.416365668950595,77.35,3,20985.5640745089,2,0.104738442481832,3540,Significant_Damage_And_Serious_Injuries
7172,45.2054794520548,15,0,81.8140382862352,0.317916336098088,83.34,7,20238.6378843825,1,0.0018293760999619,11565,Minor_Damage_And_Injuries
3889,21.2328767123288,15,2,62.1695533272562,0.337750450775333,80.5,1,26397.2031206751,3,0.977273485934279,9645,Highly_Fatal_And_Damaging
7871,49.2237442922374,14,6,63.947128532361,0.245792282726289,82.01,2,22674.8476547938,1,0.303007316955657,4350,Minor_Damage_And_Injuries
1805,53.4246575342466,12,13,70.1002734731085,0.460361341507393,75.05,2,61815.4982895265,0,0.736627401114748,11751,Minor_Damage_And_Injuries
878,39.3607305936073,13,5,66.4995442114859,0.465770645510278,83.94,2,41604.6105608803,1,0.561343946515332,11240,Significant_Damage_And_Serious_Injuries
2061,60.1369863013699,10,1,62.6253418413856,0.317195095564371,83.73,5,48197.220754101,0,0.0331848565099239,6527,Minor_Damage_And_Injuries
1985,51.1872146118721,10,1,61.7593436645397,0.323325640100974,82.48,6,19949.517832695,1,0.0049722243516095,1625,Significant_Damage_And_Serious_Injuries
4663,12.6027397260274,17,1,45.8067456700091,0.631295347998557,78.95,1,32718.3677403417,2,1.2119543063584,6891,Significant_Damage_And_Fatalities
7064,67.6712328767123,12,1,78.6235186873291,0.326210602235846,79.68,7,28815.0595298404,1,0.0026711476016034,11136,Significant_Damage_And_Fatalities
1423,72.4657534246575,10,8,63.9015496809481,0.448100252434187,79.27,7,42647.0633080233,1,0.0037778342515366,9935,Significant_Damage_And_Fatalities
9375,32.648401826484,15,7,55.4238833181404,0.647523260007212,78.13,1,31715.6151270393,3,1.16677479820232,4109,Minor_Damage_And_Injuries
622,21.9178082191781,18,13,68.049225159526,0.345684096646231,79.53,6,38634.4918369471,2,0.0094104061735453,8556,Significant_Damage_And_Serious_Injuries
5282,51.5525114155251,16,0,72.2880583409298,0.337750450775333,85.08,7,20217.165694795,1,0.0019527384636911,9186,Significant_Damage_And_Fatalities
610,69.9086757990868,8,2,48.9061075660894,0.524191128741435,83.27,4,31318.3160971791,1,0.0575557829885468,5056,Significant_Damage_And_Serious_Injuries
6111,55.2511415525114,11,2,48.4958979033728,0.691158312297151,80.47,2,42231.8232408344,3,0.568969119985746,10803,Highly_Fatal_And_Damaging
6838,38.0821917808219,17,6,54.3755697356427,0.467213126577713,76.86,1,10587.3525848917,2,0.414537351776925,7734,Highly_Fatal_And_Damaging
3646,44.5662100456621,15,3,68.003646308113,0.338471691309052,83.5,7,30457.891756664,2,0.0026935419028164,10509,Minor_Damage_And_Injuries
3325,21.7808219178082,15,0,69.9635369188697,0.240022358456545,81.87,4,32421.108118941,1,0.0586746001326933,10141,Highly_Fatal_And_Damaging
1685,65.8904109589041,5,2,58.20419325433,0.526354850342589,83.42,7,25173.3281205107,3,0.0020929365258833,3611,Significant_Damage_And_Serious_Injuries
9379,54.7945205479452,12,1,80.4010938924339,0.262380815001803,80.55,3,33385.1482642618,3,0.165002363929807,5639,Minor_Damage_And_Injuries
6333,29.0867579908676,13,0,77.7119416590702,0.362272628921745,79.34,4,27433.2558692257,2,0.0499833389656219,13,Highly_Fatal_And_Damaging
4030,28.9041095890411,13,2,68.3682771194166,0.398695275874504,81.48,4,32874.4118594201,2,0.060013008820757,11124,Highly_Fatal_And_Damaging
2707,39.2694063926941,10,0,72.151321786691,0.273199423007573,78.68,4,17496.9718028607,2,0.0311584829016707,8805,Highly_Fatal_And_Damaging
2879,48.9041095890411,17,16,49.1340018231541,0.422496213487198,77.78,7,29289.6517614832,3,0.0025795310297736,1735,Significant_Damage_And_Serious_Injuries
5838,48.7671232876712,14,17,65.4968094804011,0.46108258204111,78.85,2,32441.0873612425,2,0.438933417929691,9066,Minor_Damage_And_Injuries
13,63.6529680365297,13,4,78.669097538742,0.232088712585647,80.78,7,30882.7263765865,3,0.0025672836304489,2451,Significant_Damage_And_Fatalities
6458,27.8538812785388,13,10,86.9644484958979,0.263823296069239,80.98,1,34035.0816055846,3,1.25007868278081,3774,Highly_Fatal_And_Damaging
7425,70.5022831050228,11,5,46.6271649954421,0.539697800216372,83.58,7,27551.1035270287,2,0.0022939358099787,607,Significant_Damage_And_Serious_Injuries
9501,63.6986301369863,10,0,61.2123974475843,0.328374323837,77.53,2,40360.6120851516,0,0.546221486814704,11844,Minor_Damage_And_Injuries
1313,32.9680365296804,12,1,78.669097538742,0.224876307248467,81.26,4,24926.7672088726,3,0.0462059771710494,10507,Highly_Fatal_And_Damaging
7617,40.8219178082192,9,10,46.0802187784868,0.37489433826181,83.17,4,27281.2201719224,2,0.0502229972557038,10822,Significant_Damage_And_Fatalities
7754,60.1826484018265,14,13,58.5232452142206,0.543664623151821,78.87,7,21179.1038747685,1,0.0017017280266771,6608,Significant_Damage_And_Fatalities
6166,61.8264840182648,13,13,75.7520510483136,0.311064551027768,76.93,7,32690.6257735184,3,0.0030225303488482,12200,Significant_Damage_And_Fatalities
2204,46.027397260274,15,8,68.8240656335461,0.278248106743599,84.36,2,19364.5453914156,1,0.264253743919955,4089,Minor_Damage_And_Injuries
971,74.1095890410959,6,7,75.8432087511395,0.272117562206996,78.37,6,45294.8304706165,2,0.0116993176601363,4834,Minor_Damage_And_Injuries
2356,80.3196347031963,8,22,45.3965360072927,0.607133790119004,80.24,4,31898.6401662182,2,0.0583819270530569,8171,Significant_Damage_And_Serious_Injuries
6061,27.1689497716895,13,7,54.1932543299909,0.455312657771367,87.0,4,22442.6590784495,2,0.040289697526126,1298,Highly_Fatal_And_Damaging
7014,37.5342465753425,20,1,68.0948040109389,0.527797331410025,78.09,7,36310.4576909527,3,0.0030754991689989,9420,Significant_Damage_And_Fatalities
8779,52.3744292237443,9,6,53.1905195989061,0.575759826902272,83.39,2,31122.6458475577,3,0.421126243426699,9692,Minor_Damage_And_Injuries
3854,29.7716894977169,13,10,61.5770282588879,0.375976199062387,82.23,4,44952.516880075,3,0.082036560492673,5358,Highly_Fatal_And_Damaging
7127,51.0502283105023,13,3,43.0720145852325,0.729023440317345,84.96,6,38055.6903779597,1,0.0093983482120637,7116,Highly_Fatal_And_Damaging
5953,55.1141552511415,12,9,43.6645396536007,0.721450414713307,75.63,2,37455.3411742423,1,0.508501264493174,1583,Highly_Fatal_And_Damaging
983,35.2054794520548,11,5,84.1841385597083,0.199632888568337,78.48,4,34068.413317104,4,0.0623039234639817,8615,Highly_Fatal_And_Damaging
7272,27.8995433789954,17,5,76.5724703737466,0.28149368914533,75.05,3,16837.0598386233,0,0.0815450263010881,10910,Significant_Damage_And_Serious_Injuries
4523,36.7579908675799,11,10,67.4111212397448,0.245071042192571,80.43,5,23467.0817843707,2,0.0154972430753475,6847,Highly_Fatal_And_Damaging
5034,63.4246575342466,6,0,76.5724703737466,0.243989181391994,80.54,3,33701.3739418717,2,0.167321669948203,429,Significant_Damage_And_Serious_Injuries
8243,57.2602739726027,11,0,68.8240656335461,0.254086548864046,82.38,2,28510.1224862741,3,0.383674121036191,8544,Minor_Damage_And_Injuries
2652,37.4885844748858,10,2,52.5979945305378,0.335226108907321,77.16,4,32995.4366192001,0,0.0598313484459099,10353,Significant_Damage_And_Fatalities
3865,24.9771689497717,14,9,59.7994530537831,0.382827984132708,79.99,6,39818.7823826373,2,0.0094713834140633,4492,Highly_Fatal_And_Damaging
6600,63.6529680365297,6,6,45.4876937101185,0.520945546339704,76.01,5,29573.3521901497,2,0.0200302301072619,2035,Minor_Damage_And_Injuries
2194,40.1369863013699,13,12,55.0592525068368,0.448100252434187,85.26,3,50314.7204576381,4,0.247733688843325,1749,Minor_Damage_And_Injuries
496,28.9497716894977,13,8,52.7803099361896,0.444133429498738,87.0,1,47285.2784140676,3,1.73575874706691,1638,Highly_Fatal_And_Damaging
1309,59.1780821917808,11,1,50.5013673655424,0.319719437432383,83.51,7,28988.7326975845,2,0.0027937392372972,1674,Significant_Damage_And_Serious_Injuries
5487,47.9908675799087,7,6,75.1139471285324,0.312867652362062,77.42,3,33257.5951870857,2,0.164857538935295,7490,Highly_Fatal_And_Damaging
5762,22.0547945205479,15,19,79.9453053783045,0.267429498737829,80.98,4,15168.1726335733,4,0.0279296157916735,2574,Highly_Fatal_And_Damaging
715,45.9817351598173,15,0,59.9817684594348,0.503635773530472,76.23,2,31596.317066831,1,0.42760965194734,9441,Minor_Damage_And_Injuries
2236,47.8995433789954,7,14,78.0765724703738,0.329456184637577,80.2,5,18887.3161579666,3,0.0133018956111364,8741,Highly_Fatal_And_Damaging
4228,54.0639269406393,9,1,59.024612579763,0.345323476379372,79.55,3,22475.1258704004,2,0.112198793945968,11862,Highly_Fatal_And_Damaging
4794,18.310502283105,16,9,70.1002734731085,0.338111071042192,78.28,4,27007.9663942613,1,0.0488975818320902,10408,Highly_Fatal_And_Damaging
6507,40.6849315068493,16,8,55.1048313582498,0.307097728092319,81.7,2,35098.2780197552,1,0.4741097524186,1001,Highly_Fatal_And_Damaging
273,45.3424657534247,8,1,59.2980856882407,0.510848178867652,81.42,4,28604.1783965419,2,0.0528451340525014,4161,Highly_Fatal_And_Damaging
7664,60.1369863013699,14,2,51.4585232452142,0.480556076451497,76.19,7,31532.3594638294,2,0.0029121853389128,7044,Significant_Damage_And_Serious_Injuries
3129,22.3287671232877,15,14,81.7684594348222,0.355060223584565,89.19,4,47592.316643138,2,0.0865963416873615,12386,Highly_Fatal_And_Damaging
7671,23.7442922374429,14,7,53.327256153145,0.395449693472773,85.87,4,34446.9762238693,3,0.0628086341822525,12243,Significant_Damage_And_Fatalities
4918,75.4337899543379,9,7,77.5296262534184,0.314670753696357,84.92,2,35956.3758124246,3,0.485968993616324,9309,Significant_Damage_And_Fatalities
4086,45.2054794520548,15,1,83.9106654512306,0.231367472051929,78.02,2,34553.5335145431,1,0.468290903150115,7436,Minor_Damage_And_Injuries
5173,53.7442922374429,16,13,60.7566089334549,0.385352326000721,76.1,3,38011.0212226692,2,0.189062380253031,4382,Significant_Damage_And_Fatalities
3118,67.3059360730594,12,3,72.7438468550593,0.390040389469888,78.56,5,42842.0382744754,3,0.0286321409870276,11023,Minor_Damage_And_Injuries
4202,29.0867579908676,16,3,82.2242479489517,0.287624233681933,82.59,2,36366.1530073838,1,0.488682348438616,1014,Significant_Damage_And_Serious_Injuries
5614,51.0502283105023,13,0,43.0720145852325,0.727941579516768,79.35,3,31528.0938591145,2,0.155972033378461,204,Highly_Fatal_And_Damaging
4324,19.041095890411,16,4,73.2452142206017,0.238940497655968,78.7,1,27823.4561463994,1,1.01607221631166,2839,Highly_Fatal_And_Damaging
462,68.0365296803653,12,1,77.3017319963537,0.32116191849982,77.86,7,24305.3909035946,1,0.0022816943729445,3550,Significant_Damage_And_Fatalities
2932,27.1689497716895,17,2,73.4731084776664,0.463246303642264,79.77,3,21253.388520372,2,0.106394034490747,11875,Significant_Damage_And_Serious_Injuries
2971,41.5525114155251,9,6,57.5660893345488,0.29591849981969,83.32,4,32108.8944544788,2,0.0593966255335747,9118,Highly_Fatal_And_Damaging
6560,65.0228310502283,9,2,69.0519598906108,0.445215290299315,78.49,4,34285.7094677402,3,0.0631125719381193,5055,Minor_Damage_And_Injuries
6700,73.37899543379,6,2,72.7894257064722,0.331980526505589,77.04,3,29146.6878538815,2,0.145942988462053,1133,Minor_Damage_And_Injuries
5140,36.4383561643836,17,1,60.1640838650866,0.302409664623152,79.3,2,38976.3406797894,0,0.527487410542601,383,Minor_Damage_And_Injuries
7107,42.283105022831,12,4,57.4749316317229,0.430069239091237,82.03,3,32656.9970926707,1,0.161857417023106,6304,Significant_Damage_And_Serious_Injuries
2878,4.79452054794521,20,1,68.915223336372,0.203960331770645,78.7,6,16238.5861110973,4,0.0034058087230216,450,Highly_Fatal_And_Damaging
5650,79.7260273972603,7,0,56.3810391978122,0.365878831590335,83.08,7,23861.037409217,2,0.0021179586552055,11986,Significant_Damage_And_Serious_Injuries
3262,39.8173515981735,9,0,75.38742023701,0.375254958528669,80.21,5,25934.1184942047,1,0.0169721831895714,11562,Highly_Fatal_And_Damaging
2037,43.7899543378995,12,0,79.8997265268915,0.240022358456545,84.52,5,25377.6648055458,2,0.0169084447733504,9812,Significant_Damage_And_Serious_Injuries
7217,41.7808219178082,9,2,75.9343664539654,0.334504868373603,79.08,4,23744.0693140378,2,0.0435847572179465,10388,Highly_Fatal_And_Damaging
5756,59.4063926940639,7,1,75.38742023701,0.342077893977641,78.64,2,28780.4235482389,1,0.389500677257058,212,Highly_Fatal_And_Damaging
2291,27.7168949771689,13,5,65.1321786690975,0.580447890371439,79.73,5,32372.4222574949,1,0.0213757507668136,1672,Highly_Fatal_And_Damaging
9831,32.8310502283105,15,5,51.640838650866,0.288345474215651,78.83,3,18799.4895727458,0,0.0950588591438292,9114,Minor_Damage_And_Injuries
4484,53.8812785388128,12,34,66.9553327256153,0.420332491886044,86.39,2,44377.5915457626,2,0.598166042993753,2126,Minor_Damage_And_Injuries
3079,58.7671232876712,14,1,65.1321786690975,0.293033537684818,78.95,1,39242.1984983224,1,1.44569257769582,3418,Significant_Damage_And_Fatalities
4054,10.8675799086758,18,2,54.4667274384686,0.484162279120086,78.13,4,34345.363421422,4,0.0628086341822525,1113,Significant_Damage_And_Fatalities
2565,17.3972602739726,16,14,63.1722880583409,0.338111071042192,78.28,6,33567.8763125468,1,0.0083608226783814,11487,Highly_Fatal_And_Damaging
3322,38.0821917808219,17,5,78.4867821330902,0.281133068878471,75.69,4,48882.9969470896,3,0.0895323319881988,6154,Minor_Damage_And_Injuries
7594,22.9223744292237,15,8,73.6554238833182,0.404104579877389,89.19,3,47592.316643138,2,0.236948192249694,6165,Highly_Fatal_And_Damaging
3598,38.0821917808219,10,4,74.1567912488605,0.40013775694194,78.65,4,27093.0972739741,2,0.0503793565096615,12021,Highly_Fatal_And_Damaging
7717,43.1963470319635,15,0,72.7438468550593,0.231728092318788,75.59,4,47141.2263132954,1,0.0865139983925863,8810,Minor_Damage_And_Injuries
2376,34.0182648401826,18,8,54.5578851412944,0.371648755860079,80.67,3,33896.0232636711,1,0.168173042884736,6089,Minor_Damage_And_Injuries
6706,41.9634703196347,12,2,66.4539653600729,0.423938694554634,81.53,3,32349.2373608048,1,0.160237023074609,3179,Significant_Damage_And_Serious_Injuries
9776,18.1278538812785,16,14,67.0920692798541,0.298803461954562,78.28,4,47893.7179720062,2,0.0886488268505119,1471,Highly_Fatal_And_Damaging
932,43.7442922374429,15,5,93.6645396536008,0.27788748647674,82.53,2,30619.787367647,2,0.416258197098539,6526,Minor_Damage_And_Injuries
8805,39.9543378995434,13,0,77.3928896991796,0.465049404976559,75.95,3,26777.3964024865,1,0.133100818437916,7538,Significant_Damage_And_Serious_Injuries
4302,45.4337899543379,11,3,59.4804010938925,0.514093761269383,78.37,2,28436.741416448,0,0.384621350729976,5695,Significant_Damage_And_Serious_Injuries
1540,45.1141552511415,11,2,75.8432087511395,0.282936170212766,79.03,3,48317.9303453667,1,0.241790540689486,11001,Significant_Damage_And_Serious_Injuries
1063,63.6986301369863,6,6,60.4375569735643,0.391482870537324,80.43,3,34804.4674968751,1,0.172361875338915,6207,Significant_Damage_And_Serious_Injuries
5722,40.365296803653,13,3,51.5496809480401,0.444133429498738,85.26,2,35845.5631116782,2,0.485116943649484,10279,Minor_Damage_And_Injuries
1353,1.14155251141552,21,4,68.7784867821331,0.271396321673278,85.22,3,31224.5282436972,1,0.156961862886295,5501,Highly_Fatal_And_Damaging
2106,37.351598173516,14,1,68.049225159526,0.253004688063469,78.21,3,28202.759653544,1,0.141000605097377,5373,Significant_Damage_And_Serious_Injuries
2509,45.9817351598173,11,12,73.5186873290793,0.347126577713667,79.09,3,21154.8577344722,3,0.105892406693153,4964,Significant_Damage_And_Serious_Injuries
3433,30.1826484018265,12,10,74.9316317228806,0.245071042192571,79.45,6,30077.4161879637,3,0.0071826402128383,6152,Highly_Fatal_And_Damaging
2211,19.1780821917808,21,3,50.6836827711942,0.527076090876307,76.64,3,21741.0794070774,3,0.108435417579846,2650,Highly_Fatal_And_Damaging
7781,59.4063926940639,11,12,97.9945305378305,0.21297583844212,75.76,2,31117.2543741181,2,0.422623432615956,12143,Minor_Damage_And_Injuries
6779,46.1643835616438,11,10,66.2260711030082,0.440887847097007,78.85,6,27563.6657696117,1,0.0065690389430568,4447,Significant_Damage_And_Serious_Injuries
3533,4.65753424657534,20,0,60.0273473108478,0.28149368914533,87.11,4,26492.3892543085,2,0.0482410618460628,11262,Highly_Fatal_And_Damaging
1539,58.9954337899543,14,5,64.3117593436645,0.40374395961053,77.76,7,38259.1406718787,1,0.0037340888678924,4942,Significant_Damage_And_Fatalities
9855,23.1050228310502,14,16,74.9316317228806,0.457115759105661,85.02,1,32896.9593523965,1,1.21021150227993,891,Highly_Fatal_And_Damaging
4034,41.5525114155251,16,6,84.1385597082954,0.280411828344753,81.08,2,30336.1814847037,1,0.412117131132194,5755,Minor_Damage_And_Injuries
5646,7.85388127853881,19,12,58.8422971741112,0.408792643346556,77.04,2,29969.886886305,1,0.404401762084286,5794,Highly_Fatal_And_Damaging
8279,51.324200913242,13,1,45.4876937101185,0.478392354850342,76.48,5,48814.0867809123,2,0.0331848565099239,2009,Highly_Fatal_And_Damaging
4264,25.296803652968,14,3,76.8003646308113,0.229564370717634,80.64,3,33358.8046009305,1,0.166023869314956,5208,Highly_Fatal_And_Damaging
4315,63.6986301369863,6,4,75.38742023701,0.238940497655968,86.32,3,36736.2901448529,3,0.183405433181803,4681,Significant_Damage_And_Serious_Injuries
98,45.7534246575342,11,17,59.024612579763,0.311425171294627,85.61,6,25813.3805437588,3,0.0060942877568722,10816,Significant_Damage_And_Serious_Injuries
6932,34.7488584474886,14,5,78.8058340929809,0.302770284890011,84.48,6,51862.7961315608,2,0.0126013358091873,837,Significant_Damage_And_Serious_Injuries
8945,36.3926940639269,11,2,73.746581586144,0.296279120086549,80.26,2,9720.70649609129,2,0.130827813843521,10240,Highly_Fatal_And_Damaging
7202,50.3196347031963,14,10,0.0,0.777707176343311,80.78,5,36354.4884269448,2,0.0245406632757047,135,Highly_Fatal_And_Damaging
7096,44.4292237442922,15,2,79.2160437556974,0.31034331049405,78.91,2,35815.5275372957,2,0.485968993616324,453,Minor_Damage_And_Injuries
6627,50.2739726027397,13,0,63.6736554238833,0.334865488640461,77.8,6,37010.4431579161,2,0.0084275714341822,6294,Minor_Damage_And_Injuries
7326,38.0821917808219,17,3,73.1996353691887,0.318276956364948,78.59,2,30784.9894960232,2,0.416733810413223,4467,Minor_Damage_And_Injuries
9624,24.337899543379,14,12,70.7839562443026,0.226679408582762,78.51,4,31778.0561033887,3,0.0568993839144786,11535,Highly_Fatal_And_Damaging
6603,23.6073059360731,18,0,79.535095715588,0.229203750450775,79.53,2,33067.6244116376,2,0.44742024933316,10650,Significant_Damage_And_Serious_Injuries
4946,46.4840182648402,11,6,39.8814949863264,0.725417237648755,77.95,2,24285.8919300678,1,0.328620657287925,10589,Minor_Damage_And_Injuries
7140,63.8356164383562,13,0,45.6244302643574,0.508684457266498,86.3,7,37386.7912712908,2,0.0034535908318688,7651,Significant_Damage_And_Serious_Injuries
8166,38.9954337899543,10,17,51.8231540565178,0.540058420483231,79.21,1,10730.4301304362,4,0.387799082295146,12157,Significant_Damage_And_Fatalities
7680,46.1643835616438,15,3,78.0765724703738,0.355060223584565,76.89,2,41494.368499835,3,0.561343946515332,11590,Minor_Damage_And_Injuries
4686,56.7123287671233,15,2,66.5451230628988,0.375615578795528,77.75,7,28891.4980176386,1,0.0026575664181592,698,Significant_Damage_And_Fatalities
3223,34.0182648401826,15,1,21.1485870556062,0.804753696357736,77.64,3,44182.8331581808,2,0.220238164001149,8993,Minor_Damage_And_Injuries
3438,38.8584474885845,10,12,51.8231540565178,0.540058420483231,82.2,4,37882.5272097875,1,0.0693587686375482,11392,Significant_Damage_And_Fatalities
7975,34.337899543379,15,19,58.8422971741112,0.508323836999639,84.82,3,52411.3766964889,2,0.260940879484196,2677,Significant_Damage_And_Serious_Injuries
9013,24.1095890410959,14,5,89.9726526891523,0.328734944103858,85.4,3,37242.7749066967,2,0.183959103652925,7260,Highly_Fatal_And_Damaging
5187,30.7762557077626,19,3,57.2470373746582,0.426102416155788,82.38,3,38671.1085004594,2,0.192477284009883,6666,Minor_Damage_And_Injuries
4434,55.0684931506849,12,1,63.7192342752963,0.482359177785791,77.6,2,25730.2207538216,2,0.349502745439655,7219,Minor_Damage_And_Injuries
3687,45.6164383561644,15,1,65.8158614402917,0.375615578795528,78.94,1,27910.317545628,3,1.01750757171657,8378,Minor_Damage_And_Injuries
2930,44.9315068493151,18,21,49.4530537830446,0.52599423007573,77.78,7,29573.3521901497,3,0.0027780566142464,7363,Significant_Damage_And_Serious_Injuries
9445,38.4474885844749,17,23,67.3655423883318,0.276084385142445,80.01,1,40101.9196560567,2,1.48585764918901,1411,Minor_Damage_And_Injuries
4955,53.4703196347032,9,4,84.5487693710119,0.275002524341868,80.16,3,18059.2372512249,4,0.0917011581917121,8701,Significant_Damage_And_Serious_Injuries
9731,41.9178082191781,16,3,61.3035551504102,0.349290299314821,80.1,2,27752.7367849651,2,0.375592449338442,404,Minor_Damage_And_Injuries