,Safety_Score,Days_Since_Inspection,Total_Safety_Complaints,Control_Metric,Turbulence_In_gforces,Cabin_Temperature,Accident_Type_Code,Max_Elevation,Violations,Adverse_Weather_Metric,Accident_ID,Severity
8840,39.8173515981735,10,4,66.5907019143118,0.334144248106743,78.68,4,30197.0499678191,1,0.0557229960185177,11967,Highly_Fatal_And_Damaging
4681,58.0365296803653,11,5,64.8131267092069,0.329095564370718,82.69,2,48274.055452493,3,0.65347854608736,3805,Minor_Damage_And_Injuries
9534,30.6849315068493,16,0,67.5934366453965,0.208287774972954,81.32,6,34016.7896094001,4,0.0092343199017369,7473,Significant_Damage_And_Serious_Injuries
8790,42.4657534246575,16,5,55.0592525068368,0.307097728092319,82.0,2,32919.0524774902,1,0.442575446115247,9075,Highly_Fatal_And_Damaging
3588,33.7899543378995,11,0,89.6080218778487,0.270314460872701,79.83,1,28568.1625189766,1,1.04840753620722,6457,Highly_Fatal_And_Damaging
5428,46.027397260274,15,3,54.6946216955333,0.503275153263613,77.69,2,31292.9574886337,0,0.424352083307853,4509,Highly_Fatal_And_Damaging
9629,20.4109589041096,19,9,52.9626253418414,0.454952037504507,77.44,5,34198.7569609193,1,0.023547370390478,2235,Minor_Damage_And_Injuries
2596,52.3744292237443,13,1,65.4512306289882,0.311785791561485,77.8,2,28824.4073267722,1,0.3880237886808,1415,Minor_Damage_And_Injuries
284,63.8812785388128,13,11,89.9726526891523,0.185208077893978,80.58,4,40930.4297531618,2,0.0751284641453142,8266,Significant_Damage_And_Fatalities
3274,33.9269406392694,11,7,69.0975387420237,0.462525063108547,82.73,4,35214.8191729282,2,0.0637237663805801,3964,Highly_Fatal_And_Damaging
7351,22.3287671232877,15,27,61.4402917046491,0.405186440677966,84.03,7,46047.5076270262,2,0.0038745014608703,4810,Highly_Fatal_And_Damaging
1602,21.2328767123288,15,3,71.0118505013674,0.240022358456545,81.87,4,39835.7183100935,4,0.0723885206448047,410,Highly_Fatal_And_Damaging
7359,41.8721461187215,12,8,80.2643573381951,0.340996033177064,79.09,5,28225.4878267242,0,0.0193100351190768,6564,Significant_Damage_And_Serious_Injuries
39,40.0,13,8,49.8632634457612,0.357223945185719,78.62,6,46457.4404448416,3,0.0115453696276444,8616,Minor_Damage_And_Injuries
6799,48.1735159817352,14,1,97.9945305378305,0.217663901911287,78.0,2,13214.8518929535,2,0.17603090511794,7536,Minor_Damage_And_Injuries
5857,50.2739726027397,17,6,80.4922515952598,0.240382978723404,79.31,7,32867.8635713521,2,0.0029809992085563,10186,Significant_Damage_And_Fatalities
4363,18.7214611872146,19,3,59.1157702825889,0.471179949513162,78.25,4,44292.0072613337,3,0.0824157481424522,7657,Significant_Damage_And_Serious_Injuries
198,46.2100456621004,18,4,42.8896991795807,0.608215650919581,82.69,7,24523.0271444722,2,0.0022795111625947,9561,Significant_Damage_And_Serious_Injuries
4880,52.7397260273972,6,0,59.024612579763,0.422496213487198,82.8,3,22475.1258704004,3,0.112198793945968,11641,Highly_Fatal_And_Damaging
8071,16.5296803652968,16,0,71.7866909753874,0.398695275874504,76.88,1,31038.9017902922,4,1.1418573845188,9099,Highly_Fatal_And_Damaging
2472,42.1004566210046,12,12,45.6700091157703,0.350011539848539,79.12,3,23634.9170656621,2,0.116827128778597,9326,Minor_Damage_And_Injuries
5825,68.2191780821918,8,8,68.2771194165907,0.357223945185719,77.91,4,49898.0501197341,1,0.0897757319620174,6076,Minor_Damage_And_Injuries
3879,58.4474885844749,4,20,76.3445761166819,0.292672917417959,78.28,4,32690.6257735184,2,0.0595803417965499,12379,Highly_Fatal_And_Damaging
8914,62.283105022831,10,7,85.278030993619,0.346405337179949,78.92,2,28780.4235482389,2,0.3880237886808,5155,Minor_Damage_And_Injuries
9136,42.7853881278539,8,1,57.6116681859617,0.488489722322394,81.8,4,44882.6151076864,2,0.0824277038157889,4847,Highly_Fatal_And_Damaging
7856,21.4611872146119,15,3,67.7757520510483,0.253004688063469,75.84,4,48288.1424354103,2,0.0882316474042015,7991,Highly_Fatal_And_Damaging
7875,47.6255707762557,14,14,55.6517775752051,0.281133068878471,79.99,2,26770.2625354896,1,0.359258711215434,12034,Highly_Fatal_And_Damaging
191,34.3835616438356,15,7,21.1485870556062,0.774822214208438,85.58,3,28384.5263097579,1,0.141411385811606,7293,Significant_Damage_And_Serious_Injuries
1095,59.1780821917808,11,5,70.1914311759344,0.421414352686621,77.91,6,54660.6342971425,1,0.0136143822090333,11989,Minor_Damage_And_Injuries
2093,55.3424657534247,9,15,78.0765724703738,0.333062387306166,76.87,3,35851.210781326,1,0.178257538798474,8847,Significant_Damage_And_Serious_Injuries
7662,58.2191780821918,8,7,92.2971741112124,0.211533357374684,81.1,6,41264.2046444076,2,0.0100247500426134,625,Significant_Damage_And_Serious_Injuries
1449,23.9269406392694,14,7,86.918869644485,0.234973674720519,81.35,1,28834.5769311732,3,1.0603906859471,10302,Highly_Fatal_And_Damaging
6805,24.703196347032,18,3,80.6289881494986,0.30313090515687,78.05,6,49272.8265031172,0,0.0128950518817826,1385,Significant_Damage_And_Serious_Injuries
8783,47.7168949771689,11,6,66.9097538742024,0.419971871619185,79.22,1,27346.3366621651,3,0.993891141184969,187,Significant_Damage_And_Serious_Injuries
2881,15.0228310502283,20,2,76.7547857793984,0.224876307248467,79.15,3,34522.3491637318,0,0.170645148830517,2382,Significant_Damage_And_Serious_Injuries
814,34.4748858447488,11,11,73.1996353691887,0.3785005409304,77.65,2,20374.9875573108,0,0.274727998472217,8414,Highly_Fatal_And_Damaging
2288,36.8036529680365,11,10,53.281677301732,0.405186440677966,81.56,4,21037.2785374601,1,0.0388307713777085,8705,Significant_Damage_And_Fatalities
3415,63.6529680365297,10,2,63.5824977210575,0.225236927515326,80.41,2,26020.7634174777,4,0.352422365698257,3338,Minor_Damage_And_Injuries
4634,30.7305936073059,12,0,52.2333637192343,0.236055535521096,81.26,4,23701.007581183,2,0.0435364457252003,9338,Significant_Damage_And_Fatalities
4001,22.7853881278539,15,13,73.0173199635369,0.333062387306166,88.57,2,23513.7633170546,2,0.315638700388621,6602,Highly_Fatal_And_Damaging
232,44.0182648401826,12,7,56.7912488605287,0.331980526505589,77.4,3,42607.0710974919,0,0.212243576123403,4748,Minor_Damage_And_Injuries
7499,25.2511415525114,14,13,56.8368277119417,0.505078254597908,79.1,4,35509.2285154196,3,0.0651636744257849,1194,Significant_Damage_And_Fatalities
1553,48.8584474885845,17,13,69.9179580674567,0.369124413992066,77.78,5,33095.9115787169,1,0.0223033361226062,5381,Significant_Damage_And_Fatalities
8040,61.8721461187214,13,20,64.2661804922516,0.408071402812838,77.39,7,45795.5029606522,1,0.0042971745609235,3724,Significant_Damage_And_Fatalities
4656,26.3470319634703,13,22,55.1504102096627,0.434396682293545,87.0,4,39646.0018104717,3,0.0722610484320384,200,Significant_Damage_And_Fatalities
6658,21.2785388127854,15,1,54.7857793983592,0.481277316985214,76.07,4,36683.4599205663,2,0.0671881005094446,1288,Significant_Damage_And_Fatalities
611,64.2009132420091,13,1,60.3919781221513,0.262380815001803,81.37,2,42674.1929421019,2,0.577773876497628,6994,Significant_Damage_And_Fatalities
9353,70.0913242009132,11,1,61.7137648131267,0.496423368193292,81.71,4,41187.0679632975,3,0.0751863237275054,1172,Significant_Damage_And_Fatalities
8553,25.9817351598173,17,12,63.9015496809481,0.334504868373603,77.58,3,34283.7746157361,1,0.170794962939637,3449,Significant_Damage_And_Serious_Injuries
6873,40.6392694063927,13,8,80.9480401093892,0.306015867291742,78.96,4,45239.9524774151,2,0.0834798282891029,10213,Significant_Damage_And_Serious_Injuries
4380,44.4748858447489,8,14,71.1941659070192,0.346765957446808,79.62,1,21782.8175480912,3,0.79055360627557,12213,Highly_Fatal_And_Damaging
3807,70.5022831050228,11,1,52.8258887876026,0.377058059862964,75.8,7,33573.2699399035,3,0.0030797732865949,12108,Significant_Damage_And_Serious_Injuries
2349,41.9178082191781,12,1,35.8249772105743,0.88192643346556,82.45,2,20873.6503811668,3,0.280846251085749,6753,Minor_Damage_And_Injuries
9115,26.1643835616438,17,0,70.5560619872379,0.331259285971872,78.78,3,24905.0619902748,3,0.12374128673581,6151,Significant_Damage_And_Serious_Injuries
348,29.3150684931507,16,18,68.5050136736554,0.388237288135593,82.54,6,34589.1544020152,1,0.0083235766830855,12419,Significant_Damage_And_Serious_Injuries
8477,35.1141552511415,11,4,43.0720145852325,0.543304002884962,81.52,2,24602.8187246127,5,0.323437570988376,5915,Significant_Damage_And_Fatalities
2808,54.8401826484018,9,6,74.0200546946217,0.238579877389109,78.56,5,36748.2703672973,3,0.0246971318965553,848,Significant_Damage_And_Serious_Injuries
8839,22.0091324200913,15,5,65.3600729261623,0.412038225748287,79.48,6,20862.6343445671,2,0.0056100341380821,6650,Highly_Fatal_And_Damaging
7308,56.9406392694064,12,10,72.0145852324522,0.363354489722322,79.26,2,28780.4235482389,2,0.387182416712817,6639,Minor_Damage_And_Injuries
8717,46.1643835616438,11,10,59.5715587967183,0.52960043274432,82.23,3,34305.0853441854,1,0.172001299953239,6679,Significant_Damage_And_Serious_Injuries
4628,47.945205479452,14,8,66.0893345487694,0.337750450775333,79.35,1,45541.2367525593,2,1.66043195531517,9893,Minor_Damage_And_Injuries
247,23.7899543378995,14,7,79.2160437556974,0.324768121168409,78.78,1,13658.8165000358,2,0.518572471316774,10305,Highly_Fatal_And_Damaging
4738,30.8219178082192,12,1,49.4530537830446,0.498947710061305,77.69,2,40813.3057574463,3,0.553097083571328,7146,Highly_Fatal_And_Damaging
3813,25.8904109589041,14,0,91.79580674567,0.22379444644789,80.79,4,53915.3329941275,1,0.106775559667783,4792,Highly_Fatal_And_Damaging
7235,58.310502283105,11,8,49.5897903372835,0.522748647673999,80.41,5,44516.6297345178,1,0.0299604645458222,1900,Highly_Fatal_And_Damaging
8117,35.2054794520548,11,12,50.1823154056518,0.484522899386945,77.67,4,36010.8964759583,3,0.0664512614802825,6773,Significant_Damage_And_Fatalities
833,31.2785388127854,16,4,65.1321786690975,0.466491886043996,84.55,1,40822.7854450646,1,1.4845242861878,9573,Significant_Damage_And_Serious_Injuries
6191,28.6301369863014,13,1,97.6754785779398,0.208287774972954,81.39,4,23086.0226940907,2,0.0427864059446497,55,Highly_Fatal_And_Damaging
5743,38.9954337899543,10,7,51.8231540565178,0.539697800216372,78.91,1,24314.5667574427,3,0.901972619496758,1605,Significant_Damage_And_Fatalities
9675,30.5936073059361,19,1,57.8395624430264,0.42898737829066,77.56,2,30719.9849494449,2,0.415749786415761,7963,Minor_Damage_And_Injuries
4671,37.6712328767123,14,4,79.3983591613491,0.322965019834114,80.58,6,26266.3679590952,2,0.0064619822105722,1257,Significant_Damage_And_Serious_Injuries
5304,72.3287671232876,10,3,67.4567000911577,0.377779300396682,79.45,7,35320.9454536098,2,0.0032702064507118,5947,Significant_Damage_And_Fatalities
192,41.1415525114155,9,0,72.0145852324522,0.350011539848539,82.44,7,35976.202143689,3,0.0031134229348183,2331,Highly_Fatal_And_Damaging
1418,29.8173515981735,12,0,56.8824065633546,0.364436350522899,84.72,6,38521.3038909916,4,0.0095785530675441,4573,Highly_Fatal_And_Damaging
7570,68.2648401826484,8,4,79.0337283500456,0.281133068878471,78.24,2,28658.6331440388,2,0.387182416712817,6476,Minor_Damage_And_Injuries
7262,36.62100456621,11,11,65.4056517775752,0.329456184637577,82.41,2,15542.643666541,4,0.210056403589152,785,Highly_Fatal_And_Damaging
2423,37.5342465753425,14,9,61.8960802187785,0.453509556437072,80.52,6,30858.5431373534,1,0.0080873269613846,6525,Significant_Damage_And_Serious_Injuries
8494,58.4474885844749,11,10,72.151321786691,0.338471691309052,79.27,2,31865.4133969239,3,0.433325049954443,3365,Minor_Damage_And_Injuries
1191,27.3972602739726,17,0,65.587967183227,0.414923187883159,80.62,5,23102.2576815429,2,0.0158176935689754,11771,Significant_Damage_And_Serious_Injuries
2191,24.7945205479452,14,3,38.9699179580674,0.654375045077533,77.91,7,32734.2222720854,2,0.0030062041981204,8516,Significant_Damage_And_Fatalities
6671,51.8721461187215,6,0,67.228805834093,0.273199423007573,78.77,6,34905.791923836,2,0.0085059711833998,1503,Highly_Fatal_And_Damaging
1518,39.8173515981735,10,2,66.5907019143118,0.405907681211684,78.68,3,34132.2412197546,2,0.17089911377233,71,Highly_Fatal_And_Damaging
5908,43.6986301369863,8,4,68.3682771194166,0.377058059862964,77.89,1,28433.3299479963,2,1.05028681182213,7559,Highly_Fatal_And_Damaging
3045,31.1872146118721,12,5,67.8213309024613,0.399055896141363,76.13,4,21651.0494588669,4,0.0397882618618052,3006,Highly_Fatal_And_Damaging
9727,36.986301369863,10,10,74.9772105742936,0.240382978723404,79.16,7,43023.0169934209,2,0.0039725312065608,12210,Highly_Fatal_And_Damaging
6684,66.5753424657534,9,2,45.897903372835,0.657981247746123,78.27,7,26885.1576261271,3,0.0022912609282116,7803,Significant_Damage_And_Serious_Injuries
3102,68.675799086758,11,6,52.5524156791249,0.590184637576631,82.13,6,38340.917759317,1,0.0097143627189163,1373,Significant_Damage_And_Serious_Injuries
1467,30.5936073059361,12,3,86.9644484958979,0.362993869455463,79.31,1,45265.3882053258,3,1.64589054204515,8790,Highly_Fatal_And_Damaging
2897,30.1369863013699,16,5,44.7584320875114,0.556286332491886,84.94,6,24604.4655931727,3,0.0061326298407307,2490,Minor_Damage_And_Injuries
5446,30.6392694063927,12,3,79.0337283500456,0.393646592138478,79.31,6,38623.3910253659,3,0.0101020846763771,3492,Highly_Fatal_And_Damaging
9254,48.310502283105,11,3,62.8076572470374,0.279690587811035,78.63,4,18411.0289640045,3,0.0350890825621048,1775,Significant_Damage_And_Serious_Injuries
6066,75.662100456621,10,9,57.5205104831358,0.351093400649116,83.72,7,29171.2113721281,2,0.0026900102736656,8588,Significant_Damage_And_Fatalities
734,48.2648401826484,14,5,44.3938012762078,0.729023440317345,78.9,7,27755.473500689,2,0.0025001614479847,9529,Highly_Fatal_And_Damaging
1007,51.2328767123288,10,3,62.0783956244303,0.316834475297511,80.06,4,33538.2092577659,2,0.0611836711383713,4988,Significant_Damage_And_Serious_Injuries
3621,69.5433789954338,11,13,57.338195077484,0.466131265777136,78.1,1,25274.8444652899,2,0.932882500163015,5790,Significant_Damage_And_Fatalities
647,52.9680365296804,9,11,78.9881494986326,0.333062387306166,85.92,6,15414.0990178963,3,0.003353359112172,7768,Significant_Damage_And_Serious_Injuries
8194,34.8401826484018,15,3,52.4156791248861,0.629852866931121,83.76,2,27654.2850151467,3,0.374206789143652,4508,Minor_Damage_And_Injuries
9800,29.5890410958904,13,8,66.7730173199635,0.325849981968986,79.51,2,31748.2529497146,2,0.429534515417133,6130,Highly_Fatal_And_Damaging
9465,34.6118721461187,11,0,81.7228805834093,0.472261810313739,76.8,2,14865.9056452982,3,0.178843572386274,5357,Highly_Fatal_And_Damaging
7899,51.2328767123288,13,19,62.2151321786691,0.525272989542012,78.12,5,51044.7091093402,2,0.0362715401061526,8444,Minor_Damage_And_Injuries
7526,65.9817351598173,12,3,66.5451230628988,0.32116191849982,78.63,7,23826.0913171613,1,0.0021251101298309,2436,Significant_Damage_And_Fatalities
5556,30.7305936073059,16,3,54.6946216955333,0.383188604399567,80.09,3,28716.2754578791,3,0.141555437659519,9468,Minor_Damage_And_Injuries
9937,27.8538812785388,17,8,75.1139471285324,0.265626397403534,77.26,6,45645.0096876542,2,0.0113283291184958,7932,Significant_Damage_And_Serious_Injuries
1538,54.1095890410959,12,2,55.9708295350957,0.604970068517851,78.46,3,38671.1085004594,2,0.192838801599164,11988,Significant_Damage_And_Serious_Injuries
3977,66.5753424657534,9,2,37.2835004557886,0.59451208077894,80.2,4,24079.4243606516,1,0.0438556546147655,11166,Significant_Damage_And_Serious_Injuries
663,32.4200913242009,12,5,68.3226982680037,0.191699242697439,80.99,6,25205.4411576935,2,0.0064098498207914,6407,Highly_Fatal_And_Damaging
9908,66.2557077625571,9,7,64.9042844120328,0.329095564370718,78.52,4,40833.4652166856,0,0.0753117470472317,12454,Minor_Damage_And_Injuries
6825,62.6940639269406,6,2,73.1540565177758,0.352175261449693,84.62,2,25814.2775225024,4,0.348733923104527,8608,Significant_Damage_And_Serious_Injuries
8682,64.337899543379,9,1,91.2032816773017,0.217663901911287,79.73,5,35847.895873568,1,0.0253444907773519,1545,Minor_Damage_And_Injuries
1559,52.7397260273972,13,5,58.2953509571559,0.287263613415074,77.16,1,26210.1922272661,3,0.957561433696264,1664,Minor_Damage_And_Injuries
5154,58.1278538812785,11,5,76.8915223336372,0.491014064190407,78.91,2,40494.3158720077,4,0.548030970801103,10773,Minor_Damage_And_Injuries
4570,79.4977168949772,8,13,45.897903372835,0.63021348719798,78.5,7,31544.5869936275,1,0.0028863577583363,9941,Significant_Damage_And_Serious_Injuries
2815,38.5844748858447,13,4,62.1695533272562,0.42177497295348,86.43,5,21612.7535707374,2,0.0148082405234847,1982,Significant_Damage_And_Serious_Injuries
3752,27.8538812785388,17,1,55.6061987237922,0.547270825820411,79.21,7,28162.0204173235,2,0.0025508001865213,12268,Significant_Damage_And_Serious_Injuries
1646,42.283105022831,12,11,50.8659981768459,0.493899026325279,82.25,3,30810.90656482,1,0.152703287141862,4173,Minor_Damage_And_Injuries
3947,39.3607305936073,10,11,65.7247037374658,0.449903353768481,77.5,1,21489.4750236165,1,0.79055360627557,12352,Highly_Fatal_And_Damaging
1049,42.1004566210046,16,7,57.4749316317229,0.439084745762712,83.6,6,42607.0710974919,1,0.0105823276581405,3033,Minor_Damage_And_Injuries
5807,27.8995433789954,13,1,72.0145852324522,0.462525063108547,78.31,7,30792.2617001504,1,0.0028072276731208,8688,Highly_Fatal_And_Damaging
1669,20.0456621004566,19,28,71.1030082041933,0.422135593220339,80.41,3,34198.7569609193,1,0.171510133935463,2649,Significant_Damage_And_Serious_Injuries
2757,22.2831050228311,18,3,61.2579762989973,0.518421204471691,80.19,3,15991.4147574307,3,0.0784881253243107,10522,Significant_Damage_And_Serious_Injuries
1667,38.7671232876712,14,0,73.0628988149499,0.201435989902632,85.28,6,22199.1464356491,1,0.0056667704507736,1107,Significant_Damage_And_Serious_Injuries
302,40.2739726027397,9,0,80.9936189608022,0.362633249188604,78.7,4,41401.7229807727,0,0.075850778236244,5498,Highly_Fatal_And_Damaging
393,43.607305936073,12,3,73.2907930720146,0.268150739271547,81.13,3,33701.3739418717,3,0.167165430554854,6637,Significant_Damage_And_Serious_Injuries
5393,52.3744292237443,13,15,69.9179580674567,0.369124413992066,83.97,2,46608.2720139824,4,0.633815557320407,10494,Minor_Damage_And_Injuries
8664,23.6073059360731,18,7,52.5524156791249,0.449542733501623,76.87,4,36997.329884366,1,0.0677114487516343,10414,Minor_Damage_And_Injuries
7383,34.7488584474886,11,5,43.0720145852325,0.518421204471691,80.82,1,34595.3633432901,1,1.27597904434728,9346,Significant_Damage_And_Fatalities
9736,49.0867579908676,14,4,54.922515952598,0.385352326000721,79.75,2,37854.0579003469,3,0.513039501471087,7104,Highly_Fatal_And_Damaging
3238,50.7762557077626,10,18,62.2607110300821,0.525272989542012,83.73,3,25800.5889851058,3,0.128032619795491,1105,Significant_Damage_And_Serious_Injuries
4866,47.4885844748858,14,6,50.3190519598906,0.485965380454381,77.89,5,8981.31545951776,2,0.0025979797481065,2497,Highly_Fatal_And_Damaging
8120,44.8401826484018,8,10,73.9744758432088,0.339553552109629,80.61,4,33892.7702492079,1,0.0620379742960961,11959,Highly_Fatal_And_Damaging
6596,27.8538812785388,13,10,51.2762078395624,0.524191128741435,78.63,4,21179.1038747685,3,0.0387908818557251,2842,Significant_Damage_And_Fatalities
8678,49.4520547945205,14,1,51.9143117593437,0.538976559682654,77.92,2,21656.813215206,2,0.292872788776625,4389,Highly_Fatal_And_Damaging
5643,30.3196347031963,16,0,82.9079307201459,0.337750450775333,78.43,6,22408.0504227668,2,0.0052692571860081,2503,Significant_Damage_And_Serious_Injuries
4212,44.7945205479452,8,6,52.5979945305378,0.392564731337901,77.91,4,37446.250967139,1,0.0684797739185114,1042,Significant_Damage_And_Fatalities
5001,30.1826484018265,12,1,78.1221513217867,0.390401009736747,80.98,4,36315.7270103316,2,0.0665145741903083,7485,Highly_Fatal_And_Damaging
894,26.4840182648402,13,25,72.0145852324522,0.205042192571222,79.88,6,29310.9552448007,2,0.0074386021940639,7901,Highly_Fatal_And_Damaging
1783,65.4337899543379,12,4,69.644484958979,0.232449332852506,78.22,7,12798.705832638,3,0.0011234644365509,5905,Significant_Damage_And_Fatalities
8265,41.7808219178082,16,7,55.6061987237922,0.369485034258925,79.73,3,8981.31545951776,1,0.0209268310262037,12231,Highly_Fatal_And_Damaging
6259,23.7899543378995,14,13,56.8368277119417,0.375976199062387,82.11,5,35120.7762258787,2,0.0232444911274353,6435,Highly_Fatal_And_Damaging
2748,22.9223744292237,22,6,80.9936189608022,0.312507032095204,81.29,4,30992.0427846588,1,0.0569738691451074,8421,Minor_Damage_And_Injuries
9157,22.0091324200913,15,3,72.8805834092981,0.259135232600072,76.93,4,30938.8209970298,3,0.0575081967404916,7761,Highly_Fatal_And_Damaging
1851,57.945205479452,14,0,61.2579762989973,0.629852866931121,77.77,7,30982.4858135607,5,0.0029271050852218,2931,Significant_Damage_And_Fatalities
6940,31.1415525114155,16,5,68.5961713764813,0.228843130183916,81.34,1,40821.1958847229,1,1.50398754286448,12319,Significant_Damage_And_Serious_Injuries
3284,19.4977168949772,16,3,71.6499544211486,0.388958528669311,80.4,4,20106.7303917632,4,0.0368680615097747,10943,Highly_Fatal_And_Damaging
1052,60.5479452054795,14,9,73.0628988149499,0.260938333934367,78.5,3,24545.78142223,2,0.123159947775821,3153,Significant_Damage_And_Fatalities
9351,27.8538812785388,17,6,67.3199635369189,0.377418680129823,79.22,4,49913.2164631099,1,0.0914887092870471,3439,Significant_Damage_And_Serious_Injuries
8694,31.0958904109589,16,3,62.5797629899727,0.307818968626037,78.31,4,37731.015435099,3,0.0698675424887429,4695,Significant_Damage_And_Serious_Injuries
494,20.4109589041096,19,2,56.1531449407475,0.555204471691309,81.82,1,42573.9353524322,2,1.56591013730234,9955,Minor_Damage_And_Injuries
850,55.7077625570776,12,6,64.6763901549681,0.331980526505589,80.22,3,30035.7155455223,1,0.149886330606671,10682,Minor_Damage_And_Injuries
8791,18.1735159817352,16,10,59.0701914311759,0.57648106743599,78.91,1,35600.2188830259,2,1.31166391799607,9415,Highly_Fatal_And_Damaging
4101,29.634703196347,16,0,74.7948951686418,0.384631085467003,76.85,6,29135.8671429797,2,0.0070927408116502,10532,Significant_Damage_And_Serious_Injuries
276,58.8584474885845,14,8,64.4029170464904,0.40374395961053,77.78,7,25253.7450785466,2,0.002216364763074,2836,Significant_Damage_And_Fatalities
5822,68.4474885844749,12,2,59.5259799453054,0.469376848178867,83.23,4,49860.8188729973,2,0.0902752849258249,2756,Significant_Damage_And_Fatalities
4965,55.7534246575342,15,5,70.3281677301732,0.26346267580238,78.96,7,18298.7567204596,4,0.0017549977473814,11237,Significant_Damage_And_Fatalities
2563,49.2694063926941,13,7,50.2734731084777,0.408071402812838,79.94,2,29508.8846091564,2,0.397454927362596,3718,Highly_Fatal_And_Damaging
8659,50.2739726027397,13,10,69.644484958979,0.41095636494771,84.2,2,15052.6234969544,1,0.205120203963662,10460,Minor_Damage_And_Injuries
8150,62.648401826484,6,1,56.7000911577028,0.495702127659574,83.92,7,31827.6148641008,1,0.0026275933121641,5614,Minor_Damage_And_Injuries
2416,45.7990867579909,11,4,81.9051959890611,0.226679408582762,80.76,3,40532.7854398732,3,0.20178360182813,7041,Significant_Damage_And_Serious_Injuries
2885,33.9269406392694,12,1,55.1048313582498,0.269232600072124,79.28,4,40987.1094313103,3,0.0753117470472317,846,Significant_Damage_And_Fatalities
5970,17.3059360730594,16,6,47.2652689152234,0.493899026325279,77.48,1,34417.3177764866,1,1.2680776739922,5566,Significant_Damage_And_Fatalities
1082,52.8767123287671,13,1,65.4512306289882,0.503635773530472,79.66,5,31827.6148641008,2,0.0215739524915231,9144,Minor_Damage_And_Injuries
3971,68.4931506849315,11,3,59.1157702825889,0.365878831590335,79.21,7,35154.7272649408,2,0.0032123630149128,3970,Significant_Damage_And_Fatalities
6817,44.3835616438356,15,5,82.0419325432999,0.158882798413271,79.3,1,45084.6916396853,2,1.71077585281461,7509,Minor_Damage_And_Injuries
7599,39.5433789954338,21,3,58.20419325433,0.46829498737829,82.0,7,30195.7392180597,3,0.002668264424911,5634,Significant_Damage_And_Fatalities
6492,46.6666666666667,14,21,78.4867821330902,0.450263974035341,85.04,2,20228.1228705605,1,0.27379814127354,8077,Minor_Damage_And_Injuries
7247,39.5890410958904,17,11,69.4165907019143,0.440887847097007,76.92,4,26972.5039664084,0,0.0491943253022702,5118,Minor_Damage_And_Injuries
84,23.4246575342466,15,10,71.1941659070192,0.351454020915975,79.58,4,42336.4810156185,2,0.0776846904276515,10362,Highly_Fatal_And_Damaging
5736,50.365296803653,13,1,70.2825888787603,0.386073566534439,77.91,2,20374.9875573108,2,0.277637542715051,10373,Minor_Damage_And_Injuries
674,26.1187214611872,17,6,70.8295350957156,0.438724125495853,83.64,2,12444.521332321,0,0.162877092965986,6119,Significant_Damage_And_Serious_Injuries
6622,40.9132420091324,16,8,80.4466727438469,0.375976199062387,76.92,7,49461.7985956107,2,0.0043663249002705,12030,Minor_Damage_And_Injuries
3961,27.3972602739726,17,0,76.5268915223336,0.202157230436351,78.7,4,37623.173029289,3,0.0685210393095788,7302,Significant_Damage_And_Serious_Injuries
5627,21.5981735159817,15,0,63.8103919781222,0.591627118644068,82.19,1,37265.2725889536,2,1.37759041351401,4669,Highly_Fatal_And_Damaging
8526,32.4200913242009,12,10,70.8295350957156,0.306737107825459,79.45,4,33980.6616754711,0,0.0625580091581576,2930,Highly_Fatal_And_Damaging
1719,35.1598173515982,11,1,78.8969917958068,0.20576343310494,76.8,6,22834.1486913392,3,0.0053839919649068,1697,Highly_Fatal_And_Damaging
5937,41.6438356164383,9,1,57.9762989972653,0.503996393797331,83.33,4,37987.349601721,2,0.0696924473309929,4391,Highly_Fatal_And_Damaging
6405,19.6803652968037,16,0,66.5907019143118,0.380303642264695,81.64,4,40231.6795447782,1,0.0742383861271261,12453,Highly_Fatal_And_Damaging
4061,64.9315068493151,9,15,49.6809480401094,0.347487197980527,76.3,2,15521.1855005986,1,0.217882733481642,5994,Highly_Fatal_And_Damaging
8606,36.027397260274,14,4,51.0938924339107,0.341717273710782,82.99,2,45105.8414366345,2,0.613499622606416,8803,Minor_Damage_And_Injuries
76,13.7899543378995,17,0,62.6709206927985,0.300967183555716,79.84,3,41118.8206454296,3,0.203686644663722,1318,Highly_Fatal_And_Damaging
176,9.90867579908676,19,12,54.0109389243391,0.466852506310854,82.15,5,30719.4991147123,1,0.0202962591321259,9715,Significant_Damage_And_Fatalities
9388,68.7671232876712,8,11,58.7967183226983,0.467213126577713,77.26,2,35679.2157133397,3,0.481652773305888,4612,Minor_Damage_And_Injuries
2328,39.634703196347,10,18,59.4348222424795,0.419611251352326,82.8,1,10730.4301304362,0,0.202495647194575,8272,Highly_Fatal_And_Damaging
3413,24.8858447488584,14,5,72.0145852324522,0.331980526505589,78.52,1,16868.7507825344,2,0.65511014674204,1150,Highly_Fatal_And_Damaging
3956,40.958904109589,9,4,76.4357338195078,0.281854309412189,84.48,4,27206.7774652661,3,0.0496227386047458,8854,Highly_Fatal_And_Damaging
1918,50.3196347031963,13,5,52.0966271649954,0.494620266858997,80.14,2,16200.3364300591,2,0.209716720905563,10777,Highly_Fatal_And_Damaging