,Safety_Score,Days_Since_Inspection,Total_Safety_Complaints,Control_Metric,Turbulence_In_gforces,Cabin_Temperature,Accident_Type_Code,Max_Elevation,Violations,Adverse_Weather_Metric,Accident_ID,Severity
2659,56.4383561643835,11,7,48.4958979033728,0.560613775694194,75.88,2,45903.4682004767,0,0.627074277696416,3779,Highly_Fatal_And_Damaging
9803,48.7214611872146,14,1,66.9097538742024,0.306376487558601,77.49,2,42848.6249545133,3,0.577208625420804,10451,Minor_Damage_And_Injuries
3669,4.65753424657534,20,13,64.7219690063811,0.408432023079697,88.11,2,26266.1389809758,1,0.355282942083275,11386,Highly_Fatal_And_Damaging
980,30.6849315068493,16,1,72.151321786691,0.413480706815723,83.26,6,28759.0997547688,3,0.0074835425239002,9954,Significant_Damage_And_Serious_Injuries
1121,42.9680365296804,8,0,39.8814949863264,0.584414713306888,78.37,6,37308.5865884339,3,0.0085199329640938,10484,Significant_Damage_And_Fatalities
9745,72.5570776255708,7,44,64.9042844120328,0.557007573025604,81.14,5,38971.5849739803,3,0.025816320539418,3005,Minor_Damage_And_Injuries
6134,42.2374429223744,9,11,70.8751139471286,0.404465200144248,82.08,4,49040.7161051711,3,0.0905924441864506,423,Highly_Fatal_And_Damaging
5000,76.1643835616438,9,5,66.362807657247,0.298803461954562,88.57,4,20721.9313806503,1,0.0377994193715539,3630,Significant_Damage_And_Fatalities
4265,15.4794520547945,17,4,67.5022789425707,0.231367472051929,76.63,4,46674.0869460328,1,0.0845834601765373,11656,Highly_Fatal_And_Damaging
7261,44.337899543379,8,2,57.6116681859617,0.61939487919221,87.34,4,36297.4081004407,2,0.0667522739749065,12399,Highly_Fatal_And_Damaging
8028,20.0456621004566,19,8,62.1695533272562,0.492095924990984,79.67,3,32187.5437770809,2,0.160231707920052,11877,Significant_Damage_And_Serious_Injuries
4704,47.7168949771689,10,0,85.8705560619873,0.215500180310133,83.37,6,39455.0809877443,2,0.0104735164225717,5173,Significant_Damage_And_Serious_Injuries
2104,46.1643835616438,11,1,52.5979945305378,0.392564731337901,79.72,2,37871.0557631729,0,0.510633766071412,9384,Minor_Damage_And_Injuries
2394,68.2648401826484,8,8,58.7967183226983,0.211172737107825,87.06,2,11360.5979176227,3,0.153524645586453,10577,Minor_Damage_And_Injuries
8292,22.7397260273973,14,0,60.4831358249772,0.244349801658853,84.15,1,21997.4295032142,2,0.815759669125553,8391,Highly_Fatal_And_Damaging
4606,72.1461187214612,11,11,71.4676390154968,0.245071042192571,78.14,7,42627.7631749649,3,0.0039571065728607,12492,Significant_Damage_And_Fatalities
2841,70.3196347031963,11,4,66.1349134001823,0.278608727010458,78.52,7,40019.496871603,4,0.0034714018958536,2799,Significant_Damage_And_Fatalities
2426,48.4931506849315,10,19,64.4940747493163,0.335226108907321,81.78,3,33607.4557979406,1,0.16750355692314,5909,Significant_Damage_And_Serious_Injuries
7329,60.1369863013699,7,7,79.1704649042844,0.224876307248467,81.53,6,43306.5874531553,2,0.0106970316356193,8888,Significant_Damage_And_Serious_Injuries
1613,52.7397260273972,6,3,57.5205104831358,0.402301478543094,80.55,5,29322.7881463054,3,0.0195855691124162,4164,Highly_Fatal_And_Damaging
5606,51.6438356164384,10,0,74.2023701002735,0.264905156869816,84.41,6,42282.7920364201,3,0.0101249384175377,7517,Significant_Damage_And_Serious_Injuries
181,53.8356164383562,12,1,50.6836827711942,0.717844212044716,78.9,5,40541.7290443807,1,0.0273077737918846,2895,Significant_Damage_And_Serious_Injuries
7243,42.283105022831,8,0,34.8678213309025,0.61939487919221,78.08,3,37308.5865884339,3,0.186318355278325,8379,Significant_Damage_And_Fatalities
8568,2.64840182648402,20,12,64.7219690063811,0.281854309412189,88.11,1,26492.3892543085,2,0.978454626515347,813,Highly_Fatal_And_Damaging
1118,22.648401826484,15,25,61.0300820419326,0.298803461954562,85.02,4,41118.8206454296,3,0.0753117470472317,6802,Highly_Fatal_And_Damaging
9933,55.7990867579909,8,11,77.1194165907019,0.32116191849982,85.92,4,53200.8631540441,1,0.0979063303069243,6966,Significant_Damage_And_Serious_Injuries
8035,48.2648401826484,7,6,75.1139471285324,0.288345474215651,79.51,4,32183.6566153411,0,0.0592112001916615,11041,Highly_Fatal_And_Damaging
2269,48.8127853881278,10,7,58.4320875113947,0.526354850342589,82.64,6,52249.6101461372,2,0.0121599528509085,12477,Significant_Damage_And_Serious_Injuries
7233,68.4931506849315,11,1,64.2661804922516,0.32080129823296,85.71,6,48197.220754101,3,0.0116440067057929,10094,Significant_Damage_And_Fatalities
4137,61.8721461187214,13,13,69.5077484047402,0.246874143526866,77.27,7,27295.816524348,3,0.0024837755547159,1743,Significant_Damage_And_Fatalities
7968,22.1917808219178,18,3,59.024612579763,0.219106382978723,79.8,3,24854.1018365485,2,0.12374128673581,791,Significant_Damage_And_Serious_Injuries
5945,43.7899543378995,8,2,60.665451230629,0.426102416155788,82.03,4,37353.2152049364,2,0.0684797739185114,1512,Highly_Fatal_And_Damaging
306,57.4429223744292,11,5,70.4193254329991,0.334144248106743,79.75,5,29267.9599316394,2,0.020054275742136,7472,Minor_Damage_And_Injuries
6514,50.2739726027397,17,14,59.7994530537831,0.300245943021998,81.73,7,27823.0505835169,0,0.0024333840498698,5773,Significant_Damage_And_Fatalities
6562,44.4292237442922,15,2,49.3163172288059,0.531042913811756,76.27,2,30701.4903580148,0,0.41399497585173,9053,Highly_Fatal_And_Damaging
818,24.6575342465753,17,4,75.2962625341842,0.238940497655968,80.78,6,26632.0129708879,2,0.0065120821981488,6436,Significant_Damage_And_Serious_Injuries
4364,16.986301369863,20,15,65.9981768459435,0.380303642264695,76.79,1,42504.4422413966,3,1.57560922196678,6384,Significant_Damage_And_Serious_Injuries
9418,32.4200913242009,12,10,62.9443938012762,0.445215290299315,79.77,4,44657.3812033314,0,0.0824277038157889,443,Highly_Fatal_And_Damaging
4143,23.4703196347032,14,6,53.5095715587967,0.264544536602957,76.93,1,18799.4895727458,2,0.691708668521294,7880,Significant_Damage_And_Fatalities
1987,29.4063926940639,13,0,69.5533272561531,0.415644428416877,75.31,1,22950.5810160187,1,0.852433505816292,7618,Highly_Fatal_And_Damaging
7615,49.1780821917808,14,22,43.1631722880583,0.485604760187523,76.95,2,26385.9208020125,2,0.35647718909282,8160,Highly_Fatal_And_Damaging
8905,26.1643835616438,17,2,73.1084776663628,0.232809953119365,79.8,2,31677.4511328005,1,0.429074922493588,3898,Significant_Damage_And_Serious_Injuries
569,19.4063926940639,19,0,58.7511394712853,0.609658131987018,80.19,3,25762.3181919827,2,0.128263029713891,10569,Significant_Damage_And_Serious_Injuries
3557,24.1552511415525,18,5,59.6171376481313,0.47190119004688,79.09,1,37225.9862790392,0,1.37940962208732,8625,Significant_Damage_And_Serious_Injuries
3809,49.2237442922374,14,22,67.0464904284412,0.276084385142445,80.91,2,23787.7963047131,2,0.320229608370603,7565,Minor_Damage_And_Injuries
9928,56.5296803652968,12,10,50.3646308113035,0.476949873782906,80.9,6,35275.1736500642,1,0.0084633709127399,1486,Highly_Fatal_And_Damaging
5445,71.689497716895,7,0,63.7192342752963,0.498947710061305,78.17,5,38281.2923716348,2,0.0262202357668089,1626,Minor_Damage_And_Injuries
7248,31.5981735159817,12,0,82.9079307201459,0.18052001442481,78.93,3,18807.9837594115,1,0.0970591864698041,8085,Highly_Fatal_And_Damaging
5176,32.8767123287671,12,9,65.1321786690975,0.439084745762712,82.02,4,45769.7818318359,0,0.0830454489098009,1264,Highly_Fatal_And_Damaging
6314,59.9086757990868,11,22,78.5323609845032,0.271035701406419,85.36,2,36493.1943544014,3,0.494990146588943,7084,Minor_Damage_And_Injuries
3318,36.0730593607306,17,1,72.7894257064722,0.219106382978723,76.8,7,50476.5268180962,3,0.0047297349055516,3534,Minor_Damage_And_Injuries
309,32.8767123287671,15,7,57.7484047402006,0.478392354850342,78.85,5,33635.2346432366,2,0.0236089231156199,337,Significant_Damage_And_Serious_Injuries
9846,29.3607305936073,13,13,78.5779398359162,0.243989181391994,84.15,1,46445.7090961569,0,1.67078269958978,2824,Highly_Fatal_And_Damaging
366,42.5114155251142,16,3,65.1321786690975,0.389679769203029,77.13,1,8335.48049352774,4,0.414537351776925,478,Minor_Damage_And_Injuries
5257,32.6940639269406,12,0,49.5442114858706,0.526354850342589,77.35,4,35012.5425984798,2,0.0645381425247153,8029,Significant_Damage_And_Fatalities
4475,55.9360730593607,15,4,55.4694621695533,0.456394518571944,83.28,7,45649.8132732537,2,0.0038460374795458,10652,Significant_Damage_And_Serious_Injuries
8975,47.7625570776256,14,14,70.6472196900638,0.276805625676163,76.86,2,30056.215219895,2,0.404487468588732,5311,Minor_Damage_And_Injuries
5133,17.0776255707763,16,6,69.1886964448496,0.455673278038226,77.48,4,26748.2070214776,1,0.0490314461556636,2338,Highly_Fatal_And_Damaging
1320,69.8173515981735,11,3,57.338195077484,0.381746123332131,75.8,7,49860.8188729973,2,0.0043472836769768,10281,Significant_Damage_And_Fatalities
4177,51.7808219178082,9,11,61.6226071103008,0.37128813559322,82.52,3,32509.9312590937,1,0.161857417023106,933,Significant_Damage_And_Serious_Injuries
5823,14.9771689497717,17,10,57.2470373746582,0.317555715831229,78.84,3,28986.6574792039,3,0.14597123365178,352,Highly_Fatal_And_Damaging
8110,44.0182648401826,12,6,30.7201458523245,0.820260367832672,76.37,5,29067.5618479554,4,0.0199277151957828,8941,Minor_Damage_And_Injuries
2145,70.3196347031963,4,5,55.6061987237922,0.300967183555716,79.04,3,22841.7634088089,3,0.113058050628457,10991,Minor_Damage_And_Injuries
208,24.7488584474886,14,7,87.4658158614403,0.215860800576992,83.48,4,21267.7043733175,2,0.0384517831023515,125,Highly_Fatal_And_Damaging
1023,54.2465753424657,9,0,51.5952597994531,0.564580598629643,83.28,3,43786.8471432262,2,0.220238164001149,9543,Minor_Damage_And_Injuries
3922,41.0045662100457,9,10,46.0802187784868,0.545828344752975,85.58,3,37882.5272097875,2,0.189029307357235,12154,Significant_Damage_And_Fatalities
6429,56.2557077625571,11,40,72.4703737465816,0.17330760908763,81.88,2,30271.1947677453,2,0.409147604414216,3483,Minor_Damage_And_Injuries
7019,38.4474885844749,17,0,52.3245214220602,0.433314821492968,76.9,2,27549.6797423815,2,0.373623459926084,12441,Highly_Fatal_And_Damaging
3623,45.2054794520548,15,1,68.6417502278943,0.386794807068157,83.5,1,28817.1039612992,2,1.05753731287411,1824,Minor_Damage_And_Injuries
1451,44.9315068493151,18,10,40.2917046490429,0.557368193292463,78.87,6,21720.5738257697,3,0.0052241104458536,7048,Significant_Damage_And_Serious_Injuries
6120,49.1780821917808,7,8,86.0072926162261,0.484522899386945,83.19,1,23785.9624040255,3,0.870409654339999,7117,Highly_Fatal_And_Damaging
7075,72.1461187214612,11,9,67.4567000911577,0.306376487558601,77.51,5,23467.0817843707,2,0.0151268704731323,8967,Significant_Damage_And_Fatalities
628,46.1643835616438,11,4,64.4029170464904,0.30313090515687,81.69,6,27372.9129741752,0,0.0066587657653386,7240,Significant_Damage_And_Serious_Injuries
4709,16.0730593607306,17,3,43.5278030993619,0.47911359538406,79.81,1,34595.3633432901,2,1.27665927889249,11053,Significant_Damage_And_Fatalities
9600,34.6575342465753,11,5,60.8477666362808,0.303852145690588,76.49,4,33495.7760928761,1,0.0607835994251368,12281,Highly_Fatal_And_Damaging
8537,30.5936073059361,12,2,78.1221513217867,0.249759105661738,77.64,4,40529.3198501271,1,0.0745708540130751,1559,Highly_Fatal_And_Damaging
1611,33.1963470319635,11,1,41.4311759343665,0.457115759105661,79.22,4,24865.1960841046,1,0.0451516518630109,7441,Significant_Damage_And_Fatalities
9325,44.703196347032,8,11,53.8742023701003,0.381024882798413,76.07,4,58297.4802661454,2,0.102535145756963,11110,Significant_Damage_And_Fatalities
8563,57.4429223744292,15,4,66.7274384685506,0.192781103498016,79.7,5,51474.8711787021,4,0.0340042459384705,11881,Significant_Damage_And_Fatalities
4073,19.9086757990868,16,0,64.1294439380128,0.368763793725207,78.46,4,55982.2927170896,2,0.114134651826475,1867,Highly_Fatal_And_Damaging
7550,20.1826484018265,15,0,65.0865998176846,0.256610890732059,84.15,2,21997.4295032142,2,0.299180249329287,9970,Highly_Fatal_And_Damaging
1342,50.7762557077626,17,7,68.049225159526,0.362272628921745,78.89,2,38266.3884130149,2,0.51978130044264,6670,Significant_Damage_And_Fatalities
7783,51.2328767123288,13,3,59.0701914311759,0.316834475297511,78.68,2,27518.7235157539,2,0.373413681056902,8475,Minor_Damage_And_Injuries
5655,40.5479452054794,20,11,60.1640838650866,0.352535881716553,79.17,7,50314.7204576381,4,0.0049004107444253,9060,Significant_Damage_And_Fatalities
6143,45.0684931506849,11,6,72.5615314494075,0.351454020915975,77.72,3,31439.4684756778,3,0.157836605440154,12290,Significant_Damage_And_Serious_Injuries
9332,34.8858447488584,11,5,52.9626253418414,0.325849981968986,81.8,5,37435.1456158357,2,0.0241015917950138,9073,Significant_Damage_And_Fatalities
254,25.2511415525114,17,9,79.535095715588,0.320440677966102,79.24,6,35409.7627604901,2,0.0089225252417212,11576,Significant_Damage_And_Serious_Injuries
7683,49.0867579908676,14,2,92.8896991795807,0.162489001081861,79.98,2,12091.874378794,2,0.169198630884806,5657,Minor_Damage_And_Injuries
3258,60.1826484018265,14,9,39.8814949863264,0.459279480706816,77.62,4,34947.3962820931,2,0.0644470101331862,8086,Significant_Damage_And_Serious_Injuries
4915,51.0502283105023,10,16,55.6973564266181,0.502914532996754,83.71,3,38011.0212226692,2,0.18927904197012,3947,Significant_Damage_And_Serious_Injuries
9752,37.9452054794521,17,5,50.7748404740201,0.52238802740714,77.65,5,33391.2869416829,3,0.0222599212440119,3691,Highly_Fatal_And_Damaging
9794,42.648401826484,16,0,72.7438468550593,0.186650558961413,81.83,1,57708.1398683153,3,1.97740930519594,10605,Minor_Damage_And_Injuries
6334,50.7762557077626,10,0,68.8240656335461,0.28149368914533,80.53,6,37678.0134576201,1,0.0100253470599817,6443,Significant_Damage_And_Serious_Injuries
2456,57.9908675799087,11,0,66.6362807657247,0.246513523260007,82.43,5,25842.7105033025,3,0.0163890504418398,4631,Minor_Damage_And_Injuries
365,82.2374429223744,7,11,80.6289881494986,0.272838802740714,78.44,7,44244.903458707,1,0.0039133288481627,8307,Significant_Damage_And_Fatalities
413,67.6712328767123,12,0,82.1330902461258,0.359748287053732,80.66,2,31968.8470560273,1,0.431319179708053,4707,Significant_Damage_And_Fatalities
8313,57.6712328767123,11,9,83.9106654512306,0.294476018752254,79.36,5,35847.895873568,4,0.024495461619962,3773,Minor_Damage_And_Injuries
8242,56.7579908675799,8,4,65.0865998176846,0.339553552109629,78.85,6,27305.7293869438,2,0.0065104028303182,11382,Significant_Damage_And_Serious_Injuries
1316,28.4931506849315,16,17,80.0820419325433,0.295197259285972,78.78,3,26032.9419014836,2,0.128263029713891,5621,Significant_Damage_And_Serious_Injuries
8428,43.5616438356164,9,7,83.7739288969918,0.358305805986296,80.71,3,34481.225822636,2,0.170645148830517,6893,Highly_Fatal_And_Damaging
6965,31.0958904109589,12,25,73.1996353691887,0.325489361702128,77.26,4,39140.6113678675,0,0.0718018696549619,2163,Highly_Fatal_And_Damaging
9498,39.4977168949772,13,1,69.5989061075661,0.312146411828345,76.77,3,4203.26637262123,4,0.0209268310262037,1637,Significant_Damage_And_Serious_Injuries
3230,54.5205479452055,8,6,55.6517775752051,0.503635773530472,75.67,2,35000.8621054718,1,0.473525440021114,11423,Significant_Damage_And_Serious_Injuries
9748,46.5296803652968,11,1,52.5979945305378,0.396892174540209,76.96,2,9666.94055790232,3,0.12212240073769,8603,Minor_Damage_And_Injuries
6866,36.5753424657534,14,5,57.8851412944394,0.350372160115398,83.08,1,16391.201556306,1,0.563737503783226,10707,Significant_Damage_And_Serious_Injuries
5074,87.4885844748858,6,21,52.461257976299,0.475868012982329,78.33,7,37447.461911083,1,0.0034658384752764,59,Significant_Damage_And_Serious_Injuries
5042,43.8356164383562,12,3,64.2661804922516,0.243628561125135,78.31,4,29944.115484551,2,0.0547403831070529,3472,Significant_Damage_And_Serious_Injuries
5417,24.1552511415525,14,3,72.0601640838651,0.278969347277317,77.08,4,21101.5489464311,3,0.0387908818557251,1479,Highly_Fatal_And_Damaging
8293,55.1141552511415,8,1,70.3737465815861,0.330898665705012,81.73,6,36989.0802344552,1,0.0085572348133236,5084,Significant_Damage_And_Serious_Injuries
2520,23.8812785388128,18,7,50.5925250683683,0.509045077533357,78.49,1,22620.012762986,4,0.83130070319387,3405,Minor_Damage_And_Injuries
5383,47.5342465753425,11,9,74.7037374658159,0.28509989181392,81.24,1,41468.3975005761,2,1.5224826267586,11777,Significant_Damage_And_Serious_Injuries
5438,76.6666666666667,6,23,65.0865998176846,0.37128813559322,79.58,3,22450.2663425306,1,0.112551766589855,3628,Minor_Damage_And_Injuries
60,43.3333333333333,12,3,77.5296262534184,0.185568698160836,79.76,5,14519.2418896442,2,0.0112049590659801,7845,Significant_Damage_And_Serious_Injuries
5409,25.296803652968,14,22,54.7857793983592,0.538255319148936,86.43,7,47946.3125870917,3,0.00469390067071,79,Significant_Damage_And_Fatalities
4353,20.0913242009132,15,10,49.0884229717411,0.590545257843491,82.2,4,34985.7217148431,2,0.0639321880002275,7973,Significant_Damage_And_Fatalities
867,30.1826484018265,13,11,63.7192342752963,0.383188604399567,80.37,7,27170.4051650641,2,0.0024324399813657,716,Highly_Fatal_And_Damaging
673,8.53881278538813,19,6,29.8997265268915,0.856683014785431,78.9,4,37920.6754100736,2,0.0694785537644393,8367,Significant_Damage_And_Fatalities
1795,23.3333333333333,18,4,80.0820419325433,0.322965019834114,78.92,3,32624.4911271595,2,0.162552102201674,3290,Significant_Damage_And_Serious_Injuries
7231,65.4337899543379,9,20,54.8313582497721,0.427905517490083,78.93,4,29542.2935498954,1,0.0537163727417456,11085,Significant_Damage_And_Serious_Injuries
592,44.0639269406393,8,3,87.0556061987238,0.264183916336098,79.51,3,48905.4579354148,1,0.243023149487446,8038,Highly_Fatal_And_Damaging
5119,62.0091324200913,10,0,61.2123974475843,0.46108258204111,76.67,2,35679.2157133397,3,0.482942371692265,4380,Minor_Damage_And_Injuries
8393,30.5022831050228,12,0,79.535095715588,0.228121889650198,77.0,3,36048.4823583013,1,0.17869972048531,1595,Highly_Fatal_And_Damaging
1852,77.3059360730594,5,14,53.7374658158614,0.462164442841687,85.02,7,39964.6882619404,2,0.0035504538859374,4902,Minor_Damage_And_Injuries
5126,30.5936073059361,12,5,68.4138559708295,0.377058059862964,78.78,5,38735.7513409735,4,0.026380928931565,5176,Highly_Fatal_And_Damaging
8499,47.0319634703196,14,2,55.4694621695533,0.539697800216372,76.43,2,31596.317066831,2,0.425876292389397,1056,Minor_Damage_And_Injuries
217,43.8356164383562,12,2,69.5533272561531,0.409513883880274,79.61,3,27584.056491732,4,0.137231411214061,5006,Significant_Damage_And_Serious_Injuries
5499,74.2009132420091,10,0,65.9070191431176,0.339914172376487,77.53,7,26248.7929504245,3,0.0021664518895932,922,Significant_Damage_And_Fatalities
9032,54.0639269406393,9,1,63.6736554238833,0.301688424089434,83.73,4,27432.9987675072,3,0.0497643329463912,3056,Highly_Fatal_And_Damaging
5686,12.648401826484,21,0,73.1084776663628,0.327292463036423,82.53,4,31526.6329253501,1,0.0577524992640029,10902,Significant_Damage_And_Serious_Injuries
2096,61.324200913242,10,9,68.3682771194166,0.398695275874504,81.12,5,15509.4345048147,2,0.0102392831013005,6822,Minor_Damage_And_Injuries
1038,60.5479452054795,7,1,56.6545123062899,0.495702127659574,76.32,2,25730.2207538216,3,0.348598243853363,4927,Minor_Damage_And_Injuries
8044,57.0776255707762,15,1,56.1531449407475,0.546910205553552,77.04,4,30982.4858135607,2,0.0564238689532988,10795,Significant_Damage_And_Serious_Injuries
7371,28.675799086758,13,6,62.7620783956244,0.329456184637577,82.12,4,31967.4549517257,3,0.0592921596021897,8283,Highly_Fatal_And_Damaging
5250,34.6575342465753,11,8,54.3755697356427,0.204681572304363,87.97,4,29638.2639734828,1,0.055051130714473,1003,Significant_Damage_And_Fatalities
7991,67.5342465753425,12,15,67.3655423883318,0.324768121168409,78.86,4,38011.0212226692,5,0.0690777355402737,6330,Significant_Damage_And_Fatalities
1386,60.5479452054795,11,0,61.2579762989973,0.456394518571944,79.97,5,33640.8300414984,1,0.0228367689591343,5265,Minor_Damage_And_Injuries
2816,46.2557077625571,8,12,46.718322698268,0.504717634331049,79.64,6,45343.9869773539,3,0.0119400602625915,2100,Highly_Fatal_And_Damaging
845,18.9497716894977,16,7,89.4257064721969,0.248677244861161,77.1,4,16355.890560807,4,0.0299661504225882,2731,Highly_Fatal_And_Damaging
6217,49.0867579908676,10,0,66.9097538742024,0.302770284890011,79.24,7,41567.5210621664,2,0.0037624088321581,7779,Minor_Damage_And_Injuries
2865,39.8173515981735,9,6,76.8459434822243,0.492456545257843,78.4,1,24314.5667574427,2,0.898387825256726,11951,Highly_Fatal_And_Damaging
1661,38.4474885844749,17,9,52.3245214220602,0.424659935088352,79.39,2,39434.2561052846,2,0.533684621923382,11776,Highly_Fatal_And_Damaging
1447,27.945205479452,13,5,57.2470373746582,0.211172737107825,79.15,3,26044.9115519259,4,0.128032619795491,98,Highly_Fatal_And_Damaging
1158,43.3333333333333,12,9,56.1531449407475,0.453509556437072,82.36,6,35167.1709289219,1,0.0089282704487646,9474,Minor_Damage_And_Injuries
4676,4.93150684931507,20,1,64.9954421148587,0.289427335016228,84.78,1,21997.4295032142,2,0.813088558799784,1908,Highly_Fatal_And_Damaging
7040,41.9178082191781,12,0,52.1422060164084,0.522748647673999,78.91,2,22671.8172128642,1,0.304127714807532,8502,Minor_Damage_And_Injuries
24,25.296803652968,14,5,47.2652689152234,0.594872701045799,76.19,5,49288.6355066503,3,0.0324373855024073,11434,Significant_Damage_And_Fatalities
6133,28.9497716894977,13,0,68.3682771194166,0.398695275874504,81.48,2,40840.646356118,0,0.551040805007,4369,Highly_Fatal_And_Damaging
5065,54.7945205479452,12,2,50.9571558796719,0.62660728452939,77.93,2,32349.2953783122,3,0.439042374653745,10925,Minor_Damage_And_Injuries
8233,22.8310502283105,15,2,73.4275296262534,0.463246303642264,76.19,1,34544.1444583375,3,1.28056792439571,2115,Highly_Fatal_And_Damaging
7582,54.8401826484018,9,3,75.7064721969006,0.368763793725207,76.56,7,54110.277505056,3,0.0044512685400527,8276,Significant_Damage_And_Serious_Injuries
9945,78.675799086758,8,13,75.8432087511395,0.276805625676163,76.87,7,45294.8304706165,2,0.0042445268454015,6401,Significant_Damage_And_Fatalities
2028,46.2100456621004,11,1,69.2798541476755,0.306376487558601,81.2,6,36790.5008094017,3,0.0089785010334624,3985,Significant_Damage_And_Serious_Injuries
3630,19.5890410958904,16,21,61.0300820419326,0.268150739271547,86.57,3,26492.3892543085,2,0.131944986729566,1851,Highly_Fatal_And_Damaging
4977,43.1506849315068,12,13,57.8851412944394,0.426823656689506,77.25,6,30147.9054384671,2,0.0074386021940639,485,Significant_Damage_And_Serious_Injuries
6296,9.49771689497717,18,2,71.4220601640839,0.267429498737829,78.16,6,27801.6840675044,2,0.0068575422196638,2606,Highly_Fatal_And_Damaging
418,64.5205479452055,13,19,64.6763901549681,0.339192931842769,86.1,7,31856.3033820759,3,0.0027613913586809,729,Significant_Damage_And_Fatalities
4902,40.7305936073059,9,7,53.7830446672744,0.488129102055535,78.22,1,39565.8344826951,1,1.46134822160589,2939,Significant_Damage_And_Fatalities
1732,57.9908675799087,11,0,61.5314494074749,0.414201947349441,76.95,2,47324.952775233,3,0.641936905014567,1287,Minor_Damage_And_Injuries
4000,42.5114155251142,12,13,79.5806745670009,0.222351965380454,79.18,6,27724.2560137305,2,0.0068721559940489,7230,Significant_Damage_And_Serious_Injuries
8387,37.3972602739726,14,7,61.4402917046491,0.352175261449693,81.63,6,31993.458888341,3,0.0081280799171015,4591,Significant_Damage_And_Serious_Injuries
137,34.6575342465753,11,5,84.1841385597083,0.198911648034619,78.52,7,53915.3329941275,0,0.0044042937342093,12336,Highly_Fatal_And_Damaging
8342,34.703196347032,11,0,70.5560619872379,0.337029210241615,79.14,2,37236.7491118675,0,0.503944598786528,10512,Highly_Fatal_And_Damaging
6404,40.8675799086758,9,4,72.0145852324522,0.516978723404255,78.56,6,37292.1290296158,1,0.0084067327022918,5136,Highly_Fatal_And_Damaging
3639,39.2237442922374,17,5,66.4995442114859,0.416726289217454,78.75,1,21865.1119571099,2,0.804372516793261,10606,Minor_Damage_And_Injuries
965,28.8584474885845,13,2,64.6763901549681,0.238579877389109,78.76,4,35920.1462391505,4,0.0659522021298071,1174,Highly_Fatal_And_Damaging
4774,57.8995433789954,15,7,55.6973564266181,0.455673278038226,79.6,7,31706.3038057388,2,0.0027774002201713,10463,Significant_Damage_And_Serious_Injuries
834,46.3470319634703,11,0,62.1695533272562,0.323686260367832,82.41,6,19949.517832695,4,0.0047746180532177,6509,Significant_Damage_And_Serious_Injuries
2821,28.5844748858447,20,1,75.2506836827712,0.305294626758024,76.68,4,37164.6419753701,2,0.0680573980642769,7953,Minor_Damage_And_Injuries
3479,76.1187214611872,9,6,46.6271649954421,0.453509556437072,87.08,7,46713.1308762299,3,0.0042574609930323,3213,Significant_Damage_And_Serious_Injuries
773,41.0502283105023,13,1,89.9726526891523,0.298803461954562,80.85,6,39017.5759192136,0,0.0095627945323216,8165,Significant_Damage_And_Serious_Injuries
9168,44.337899543379,15,19,77.848678213309,0.247595384060584,80.98,2,32538.6591268151,2,0.440110495001411,6368,Minor_Damage_And_Injuries
2700,60.1826484018265,7,14,67.4567000911577,0.29591849981969,80.03,3,32301.4341762744,2,0.161099598375108,6614,Significant_Damage_And_Serious_Injuries
7406,50.2283105022831,13,25,69.644484958979,0.309982690227191,81.9,2,16546.394397041,2,0.231292269047612,11400,Minor_Damage_And_Injuries
4393,75.2054794520548,9,1,73.4731084776664,0.368763793725207,76.69,7,28815.0595298404,2,0.0029112509081116,12181,Significant_Damage_And_Fatalities
4920,38.4474885844749,17,18,73.1084776663628,0.290148575549946,80.06,4,43767.580522752,2,0.0798112391732618,5065,Minor_Damage_And_Injuries
5753,28.2648401826484,13,6,71.8322698268004,0.324046880634692,82.49,4,34977.6810000549,2,0.0639026705133312,5908,Highly_Fatal_And_Damaging
9084,31.2785388127854,15,7,61.7593436645397,0.361190768121168,78.32,7,12758.4528479477,2,0.0014544341667077,4229,Significant_Damage_And_Serious_Injuries
2424,36.1643835616438,14,5,61.485870556062,0.447379011900469,82.46,1,24420.713003042,1,0.894482923105375,1654,Significant_Damage_And_Serious_Injuries
7411,57.9908675799087,11,1,41.5679124886053,0.457115759105661,75.98,2,26252.0559004645,2,0.355224117242135,918,Highly_Fatal_And_Damaging
843,67.5342465753425,12,15,45.897903372835,0.411316985214569,82.01,7,49884.0090545166,2,0.0046961159949105,2109,Significant_Damage_And_Serious_Injuries
7598,11.5068493150685,18,32,64.5396536007293,0.387876667868734,82.39,4,39901.6054859658,1,0.0722610484320384,241,Highly_Fatal_And_Damaging
4550,57.0776255707762,15,5,56.1531449407475,0.405186440677966,83.6,7,54660.6342971425,1,0.0044929035955593,282,Significant_Damage_And_Serious_Injuries
8849,49.7716894977169,10,1,50.5925250683683,0.408071402812838,80.0,3,22475.1258704004,4,0.112255875099451,1290,Minor_Damage_And_Injuries
6112,50.2739726027397,17,14,59.7994530537831,0.469376848178867,76.04,7,22951.8359276977,3,0.0023282998207378,843,Significant_Damage_And_Fatalities