,Safety_Score,Days_Since_Inspection,Total_Safety_Complaints,Control_Metric,Turbulence_In_gforces,Cabin_Temperature,Accident_Type_Code,Max_Elevation,Violations,Adverse_Weather_Metric,Accident_ID,Severity
4551,62.283105022831,10,10,65.9981768459435,0.309982690227191,78.49,5,29593.8930095095,2,0.0199273006311425,9845,Minor_Damage_And_Injuries
9721,42.8310502283105,9,5,62.8532360984503,0.295197259285972,83.74,4,30660.2752933007,1,0.0554629237628166,8628,Highly_Fatal_And_Damaging
2954,34.3835616438356,11,9,64.2661804922516,0.236416155787955,80.86,1,23362.5382988508,3,0.859867417828303,9371,Highly_Fatal_And_Damaging
4,26.4840182648402,13,25,47.9489516864175,0.541140281283808,77.16,3,35509.2285154196,2,0.176883368384811,9054,Significant_Damage_And_Fatalities
4848,69.634703196347,8,0,82.9079307201459,0.269953840605842,78.78,5,25298.9797853968,2,0.0169084447733504,4582,Minor_Damage_And_Injuries
6378,43.3333333333333,9,24,68.003646308113,0.38571294626758,79.54,7,28091.6401071219,1,0.0026681802404638,12276,Highly_Fatal_And_Damaging
1932,6.02739726027397,22,2,68.7784867821331,0.291230436350523,80.74,6,31224.5282436972,2,0.0079418934963305,9045,Significant_Damage_And_Serious_Injuries
7343,62.0091324200913,10,1,71.1030082041933,0.375254958528669,76.73,2,14865.9056452982,1,0.19418011329717,8814,Minor_Damage_And_Injuries
4248,22.2831050228311,15,7,70.7839562443026,0.379582401730977,78.52,4,39792.6226383172,4,0.0732355607136367,2231,Highly_Fatal_And_Damaging
2130,12.9680365296804,18,2,75.432999088423,0.270314460872701,77.58,4,41371.6365588084,2,0.0763609776836303,10602,Highly_Fatal_And_Damaging
6039,31.5981735159817,12,3,56.8368277119417,0.586939055174901,83.58,1,39741.3462846585,2,1.46200242626009,9774,Significant_Damage_And_Fatalities
8917,56.4840182648402,15,6,70.3281677301732,0.26346267580238,81.78,3,23275.6522223314,3,0.11615420110311,6691,Significant_Damage_And_Fatalities
1465,30.0,16,6,49.0428441203282,0.374533717994951,78.33,3,15252.2217803697,2,0.0756091709686122,12013,Minor_Damage_And_Injuries
6379,51.6438356164384,10,2,84.0018231540565,0.197108546700325,84.83,3,39781.3011260561,2,0.197531127238067,5892,Significant_Damage_And_Serious_Injuries
8997,58.0821917808219,11,7,76.8915223336372,0.426823656689506,81.12,1,33346.1748713174,2,1.22673721768654,7245,Minor_Damage_And_Injuries
8055,25.5707762557078,18,2,62.0783956244303,0.518421204471691,79.1,3,24133.6121321743,1,0.120843466623102,751,Significant_Damage_And_Serious_Injuries
7976,56.9406392694064,11,1,73.4275296262534,0.297360980887126,79.63,2,32342.1106893599,2,0.437800105252872,146,Minor_Damage_And_Injuries
9946,45.8904109589041,15,0,68.2771194165907,0.324046880634692,81.48,1,20295.7021182553,1,0.738027144366183,1341,Minor_Damage_And_Injuries
4532,46.1643835616438,18,0,45.8067456700091,0.657981247746123,81.42,7,47433.0162389743,2,0.0046095259518669,1843,Significant_Damage_And_Serious_Injuries
3788,35.0228310502283,15,8,57.8851412944394,0.350372160115398,79.72,1,21202.4057836347,1,0.786415759887547,10705,Significant_Damage_And_Serious_Injuries
3125,27.1232876712329,17,1,57.2926162260711,0.438724125495853,83.58,7,23842.4324905691,1,0.0023460657550054,6376,Significant_Damage_And_Serious_Injuries
4454,53.8812785388128,12,8,82.5888787602553,0.211893977641543,75.76,2,34553.5335145431,2,0.467631224501648,11692,Minor_Damage_And_Injuries
3275,9.58904109589041,18,19,85.5515041020967,0.211893977641543,76.96,1,31250.1583662827,0,1.1424194449444,845,Highly_Fatal_And_Damaging
9066,48.7671232876712,14,7,70.8751139471286,0.386073566534439,77.89,2,28671.2954228205,2,0.389500677257058,4861,Minor_Damage_And_Injuries
7572,40.7762557077626,13,20,60.2552415679125,0.353617742517129,78.2,1,34151.7001524221,2,1.24933997725514,4224,Significant_Damage_And_Serious_Injuries
5087,47.8995433789954,7,11,78.9881494986326,0.179438153624233,78.61,3,22331.8751251695,2,0.111897062828597,3731,Highly_Fatal_And_Damaging
1758,35.296803652968,11,4,78.0765724703738,0.250840966462315,81.25,4,20515.550387688,1,0.0375914964961934,9206,Highly_Fatal_And_Damaging
2693,34.4748858447488,15,7,59.7538742023701,0.267790119004688,76.49,6,40238.3320935957,3,0.0100253470599817,9718,Significant_Damage_And_Serious_Injuries
6029,59.4063926940639,11,9,49.6353691886965,0.346405337179949,82.81,3,8981.31545951776,2,0.0335592574899424,3588,Highly_Fatal_And_Damaging
6946,23.9269406392694,14,1,71.0574293527803,0.482359177785791,81.72,4,29830.019294451,2,0.0543696861900085,7986,Highly_Fatal_And_Damaging
7952,44.5662100456621,8,0,53.6463081130356,0.245792282726289,87.06,4,17318.5484826987,3,0.0317660254151927,4240,Significant_Damage_And_Fatalities
4157,33.7442922374429,15,16,70.1458523245214,0.299885322755139,81.85,6,28793.1686940315,3,0.0073302481648599,4396,Significant_Damage_And_Serious_Injuries
7220,55.662100456621,5,0,59.0701914311759,0.324768121168409,80.71,4,22475.1258704004,3,0.0412718889170117,9719,Highly_Fatal_And_Damaging
2198,31.2785388127854,12,2,82.9079307201459,0.264183916336098,84.55,4,20578.6728343934,1,0.036900366110634,12312,Highly_Fatal_And_Damaging
6705,33.013698630137,15,0,70.8295350957156,0.313228272628922,78.03,3,37868.6045618699,3,0.189029307357235,12074,Significant_Damage_And_Serious_Injuries
6793,45.2511415525114,15,18,66.8641750227894,0.192059862964299,83.03,1,34641.5118628154,1,1.27597904434728,3768,Minor_Damage_And_Injuries
6641,25.9817351598173,14,0,48.0856882406563,0.589824017309773,82.72,1,29636.502041771,3,1.08269875185483,7977,Significant_Damage_And_Fatalities
529,41.8264840182648,16,5,76.4813126709207,0.335226108907321,80.79,2,25688.5204959083,3,0.347298540906663,7198,Minor_Damage_And_Injuries
5847,27.4429223744292,13,6,81.3582497721058,0.237137396321673,76.94,2,23197.1080931768,2,0.315041983474647,11734,Highly_Fatal_And_Damaging
8187,31.0958904109589,16,7,72.8805834092981,0.351814641182834,76.18,6,29311.5725785883,4,0.0075454384718346,4796,Significant_Damage_And_Serious_Injuries
1609,40.8219178082192,13,1,64.3573381950775,0.30313090515687,76.04,3,35490.4760411693,2,0.177215690226313,11916,Significant_Damage_And_Serious_Injuries
1042,59.5433789954338,14,15,63.2634457611668,0.43259358095925,78.87,7,39722.0683812798,4,0.0037160205631359,5971,Significant_Damage_And_Fatalities
1578,56.7123287671233,15,7,57.9762989972653,0.393285971871619,78.7,7,50201.5005708721,2,0.0047297349055516,11155,Significant_Damage_And_Fatalities
66,37.3972602739726,14,1,79.7629899726527,0.360830147854309,78.39,6,49758.6415438009,2,0.0128953266110588,3269,Significant_Damage_And_Serious_Injuries
4808,76.62100456621,6,0,72.4703737465816,0.387155427335016,75.94,6,33573.2699399035,3,0.0084767013238469,3903,Minor_Damage_And_Injuries
8828,37.2146118721461,14,19,60.2552415679125,0.582250991705733,77.86,3,25825.9208547104,2,0.128453568773262,554,Significant_Damage_And_Serious_Injuries
7602,25.8904109589041,14,5,65.2689152233364,0.316473855030653,79.48,4,29727.4972777029,3,0.0547403831070529,11119,Highly_Fatal_And_Damaging
4759,31.1872146118721,16,5,65.1321786690975,0.382827984132708,80.59,3,37550.3987735086,1,0.187105192249461,8413,Significant_Damage_And_Serious_Injuries
1485,39.8173515981735,13,2,70.6927985414767,0.205402812838081,81.52,4,31677.4511328005,2,0.0569905136266613,2522,Significant_Damage_And_Serious_Injuries
522,22.3287671232877,15,1,70.7839562443026,0.267790119004688,75.01,4,41259.8228090867,1,0.0751284641453142,9713,Highly_Fatal_And_Damaging
9815,30.7762557077626,19,2,48.6782133090247,0.693322033898305,77.35,2,27654.2850151467,2,0.372872915328827,730,Highly_Fatal_And_Damaging
476,51.2328767123288,13,13,58.97903372835,0.438724125495853,82.82,2,31967.8246223586,2,0.43265129710754,6646,Minor_Damage_And_Injuries
8296,31.1415525114155,12,2,54.6946216955333,0.448100252434187,77.21,6,27792.3921214436,5,0.0069463924865017,4023,Significant_Damage_And_Fatalities
9490,34.5205479452055,15,28,21.1485870556062,0.600282005048683,80.78,1,38783.3566123134,3,1.42618225353357,6414,Significant_Damage_And_Serious_Injuries
9303,61.4611872146119,10,2,70.3281677301732,0.226679408582762,76.14,2,39117.4599820194,2,0.528221263058296,197,Minor_Damage_And_Injuries
4953,33.7899543378995,11,0,70.1458523245214,0.291230436350523,79.14,4,27619.7064200209,1,0.0506515878177534,8481,Highly_Fatal_And_Damaging
6905,29.3607305936073,13,10,82.8623518687329,0.17330760908763,80.09,4,28994.8333817836,2,0.0532825062350489,9831,Highly_Fatal_And_Damaging
7028,42.8767123287671,12,3,68.915223336372,0.325849981968986,81.23,3,34172.7763897644,1,0.17089911377233,8953,Significant_Damage_And_Serious_Injuries
6144,41.8264840182648,12,1,41.6134913400182,0.645359538406058,78.9,7,24600.5650962669,3,0.0021485118028988,6997,Minor_Damage_And_Injuries
4125,42.6940639269406,9,10,85.1868732907931,0.281854309412189,81.73,1,35115.5284801318,3,1.29520155662408,7961,Highly_Fatal_And_Damaging
8542,27.8538812785388,17,6,62.5341841385597,0.26346267580238,78.16,6,10829.3792485855,2,0.0029204344898001,928,Significant_Damage_And_Serious_Injuries
1024,22.3744292237443,18,5,66.3172288058341,0.269953840605842,75.05,6,24613.5488916701,2,0.0061191635095294,6331,Significant_Damage_And_Serious_Injuries
1020,36.986301369863,10,5,74.0656335460346,0.33883231157591,78.7,6,35390.7352371476,1,0.0092343199017369,7500,Highly_Fatal_And_Damaging
4627,54.4292237442922,12,8,55.9252506836828,0.390761630003606,81.43,7,40605.9159409807,2,0.0035540175873783,4374,Highly_Fatal_And_Damaging
9909,35.7534246575342,11,6,62.1239744758432,0.427905517490083,86.43,4,30163.1094343542,1,0.0553078262715637,6393,Highly_Fatal_And_Damaging
988,38.7671232876712,13,6,69.5533272561531,0.370927515326361,81.53,5,28009.0035979271,3,0.0186972981750902,362,Significant_Damage_And_Serious_Injuries
3618,44.5662100456621,15,5,80.9024612579763,0.312507032095204,83.56,7,20238.6378843825,0,0.001876532063273,7620,Minor_Damage_And_Injuries
3603,70.5022831050228,7,3,84.0018231540565,0.18809304002885,80.24,2,23758.0297826798,4,0.321537842277719,4860,Minor_Damage_And_Injuries
241,52.283105022831,6,24,82.0875113947128,0.395810313739632,75.64,3,38524.2271801827,4,0.193472475815945,6164,Significant_Damage_And_Serious_Injuries
3126,63.1050228310502,6,7,52.6435733819508,0.284739271547061,77.16,2,31487.5567418341,4,0.42706926105018,11731,Minor_Damage_And_Injuries
860,44.5205479452055,8,0,52.5979945305378,0.417808150018031,79.62,2,15521.1855005986,2,0.212995086500785,7275,Significant_Damage_And_Fatalities
1122,8.53881278538813,19,9,78.4867821330902,0.291591056617381,79.84,2,30206.1645673772,2,0.411084650236287,3699,Highly_Fatal_And_Damaging
6509,53.2420091324201,12,0,55.5606198723792,0.491374684457266,78.83,2,35000.8621054718,0,0.473525440021114,3936,Highly_Fatal_And_Damaging
9240,44.5662100456621,8,0,53.8742023701003,0.469376848178867,83.57,4,23360.58611145,1,0.0422835255042087,5223,Significant_Damage_And_Fatalities
6237,36.8036529680365,10,5,53.6007292616226,0.476589253516048,78.91,6,32677.2060754324,2,0.0077672881385304,10779,Highly_Fatal_And_Damaging
9698,53.6529680365297,13,1,40.5195989061076,0.502914532996754,78.46,5,38537.3634081449,2,0.02602937463813,5393,Significant_Damage_And_Serious_Injuries
5921,43.1963470319635,12,3,82.0419325432999,0.360108907320591,82.49,2,22106.5964598616,5,0.299887442870648,3181,Significant_Damage_And_Serious_Injuries
3057,69.3607305936073,8,1,58.3409298085688,0.421053732419762,83.9,2,31288.3431555066,1,0.424285998664813,8069,Minor_Damage_And_Injuries
6479,58.310502283105,4,10,41.79580674567,0.735153984853949,82.16,7,28384.5263097579,1,0.0026777424402933,5956,Significant_Damage_And_Fatalities
6647,60.5479452054795,10,12,68.5050136736554,0.377418680129823,79.71,2,21098.2703267995,1,0.285534039048003,139,Minor_Damage_And_Injuries
5249,32.5570776255708,12,0,68.9608021877849,0.151670393076091,86.96,4,28510.1224862741,1,0.0517797336074063,8506,Highly_Fatal_And_Damaging
2891,48.310502283105,10,7,100.0,0.303491525423729,83.07,6,41620.6186844805,3,0.0099470290646216,10313,Significant_Damage_And_Serious_Injuries
2980,45.9817351598173,18,4,53.9653600729262,0.542582762351244,77.78,7,31087.6739161044,2,0.0026275933121641,286,Significant_Damage_And_Serious_Injuries
1134,20.8675799086758,19,2,77.3473108477666,0.465049404976559,78.75,3,41696.2616017663,4,0.208475823050671,7457,Significant_Damage_And_Serious_Injuries
7253,25.8904109589041,14,2,62.2607110300821,0.314670753696357,78.09,4,31541.9153279893,3,0.0571970099697241,11206,Highly_Fatal_And_Damaging
1756,35.7077625570776,14,15,72.1969006381039,0.527076090876307,83.57,6,43914.0768249921,1,0.0105252032379729,849,Significant_Damage_And_Serious_Injuries
2487,62.648401826484,10,15,58.7511394712853,0.467213126577713,76.13,4,26782.0242843159,2,0.0492519989432694,4843,Minor_Damage_And_Injuries
6767,36.8493150684931,14,3,55.0592525068368,0.585496574107465,81.38,2,44557.4777498365,4,0.603019887158319,3445,Minor_Damage_And_Injuries
8398,48.9954337899543,14,5,71.0118505013674,0.427184276956365,77.89,5,47101.4857514357,1,0.0321506743413185,4415,Minor_Damage_And_Injuries
5881,24.2922374429224,14,12,57.5205104831358,0.388597908402452,85.17,4,23487.7294956704,3,0.0437840696939847,5705,Highly_Fatal_And_Damaging
7159,49.5890410958904,14,2,92.8896991795807,0.134,79.98,2,22558.3597330324,1,0.304127714807532,10215,Minor_Damage_And_Injuries
9158,22.1917808219178,15,12,48.5870556061987,0.61939487919221,78.75,1,42040.4447033276,1,1.54658153040591,3522,Significant_Damage_And_Fatalities
3277,89.0867579908676,5,10,63.9015496809481,0.339914172376487,77.98,7,41242.3724679574,0,0.003749464751173,5893,Significant_Damage_And_Fatalities
2323,75.4337899543379,9,1,74.1567912488605,0.402662098809953,79.43,5,23692.0970279195,2,0.0157543917646869,6977,Significant_Damage_And_Fatalities
6634,23.0593607305936,14,16,74.9316317228806,0.457115759105661,81.85,1,55934.468569702,3,2.04849047999187,1628,Highly_Fatal_And_Damaging
6887,44.337899543379,15,6,70.0091157702826,0.547270825820411,76.11,2,28473.7861502813,2,0.385350791346705,4532,Minor_Damage_And_Injuries
8295,40.7305936073059,13,0,53.0993618960802,0.322604399567255,77.92,6,31487.5567418341,1,0.0076857571275459,3972,Minor_Damage_And_Injuries
6615,43.7899543378995,12,3,71.6955332725615,0.183044356292824,79.48,4,25252.7452231213,2,0.0462706745428268,1928,Significant_Damage_And_Serious_Injuries
7954,25.8904109589041,14,0,48.5870556061987,0.634901550667147,78.37,2,27787.0718761387,1,0.378611274088549,10999,Significant_Damage_And_Fatalities
695,27.5799086757991,13,1,53.7830446672744,0.510848178867652,77.35,6,31432.1242314197,2,0.0081766060915224,613,Significant_Damage_And_Fatalities
8264,50.7762557077626,13,8,78.2588878760255,0.343159754778218,83.51,5,5573.65221329357,3,0.0025979797481065,2068,Minor_Damage_And_Injuries
8534,42.8310502283105,15,25,72.7894257064722,0.219106382978723,78.92,2,30271.1947677453,2,0.412117131132194,9836,Minor_Damage_And_Injuries
282,58.675799086758,7,0,53.6463081130356,0.309982690227191,82.08,5,37800.797006327,2,0.026380928931565,4565,Minor_Damage_And_Injuries
528,48.7214611872146,10,2,67.3199635369189,0.372369996393797,77.11,3,34501.86147776,1,0.17069849613111,8631,Significant_Damage_And_Serious_Injuries
3782,50.8675799086758,13,10,45.897903372835,0.668078615218175,80.8,7,33999.2497576599,2,0.0030355800736773,6123,Highly_Fatal_And_Damaging
2814,66.3926940639269,9,7,49.4074749316317,0.444133429498738,78.06,5,6740.55705429001,2,0.0025979797481065,5057,Highly_Fatal_And_Damaging
9363,64.4748858447489,6,14,63.3090246125798,0.286542372881356,84.03,7,21714.810478226,2,0.0020344980346991,4519,Significant_Damage_And_Serious_Injuries
6431,27.8538812785388,13,3,67.2743846855059,0.223433826181031,81.26,2,23291.3274000395,4,0.315041983474647,11476,Highly_Fatal_And_Damaging
1017,70.0456621004566,8,15,64.9042844120328,0.46108258204111,78.29,2,29784.2743594728,1,0.403546822916697,4876,Minor_Damage_And_Injuries
4830,37.6712328767123,14,5,57.6116681859617,0.312507032095204,82.3,1,32734.0661637251,0,1.21296402356341,5530,Significant_Damage_And_Serious_Injuries
4787,29.7260273972603,13,13,62.2607110300821,0.375615578795528,82.12,4,38271.1876810546,1,0.0703800483391097,12078,Highly_Fatal_And_Damaging
9948,33.3333333333333,15,0,84.9134001823154,0.280051208077894,77.3,5,42113.4954189783,0,0.0288232028739526,5135,Significant_Damage_And_Serious_Injuries
8284,58.9954337899543,14,7,64.3117593436645,0.40374395961053,79.35,1,34183.3511992209,1,1.25637083671277,8073,Significant_Damage_And_Fatalities
9789,47.9908675799087,11,13,38.7876025524157,0.759315542733501,82.86,6,28384.5263097579,2,0.0073169326036967,10568,Minor_Damage_And_Injuries
2235,41.1872146118721,13,4,60.1185050136736,0.548352686620988,76.79,4,13468.0085006978,2,0.0250399969857958,4584,Significant_Damage_And_Serious_Injuries
1472,26.3013698630137,17,4,65.1777575205105,0.458918860439956,78.83,3,23070.4282654136,2,0.114395822423754,7807,Significant_Damage_And_Serious_Injuries
5783,24.3835616438356,14,11,68.4138559708295,0.640671474936891,75.35,1,45416.5825159865,1,1.66957305446872,7629,Highly_Fatal_And_Damaging
2479,52.3744292237443,6,12,50.6381039197812,0.354699603317706,76.3,5,43378.4381107207,1,0.0295882262366942,5143,Significant_Damage_And_Fatalities
4717,43.0593607305936,9,22,62.8532360984503,0.350732780382257,81.21,4,30428.3031280998,1,0.0558063494423823,644,Highly_Fatal_And_Damaging
3950,42.8767123287671,12,14,70.1458523245214,0.326931842769563,83.01,3,30428.3031280998,3,0.150707712103425,4611,Significant_Damage_And_Serious_Injuries
9744,12.9680365296804,18,0,69.8723792160438,0.309622069960331,80.03,1,36428.7540694172,3,1.32525896658218,11624,Highly_Fatal_And_Damaging
5656,35.4794520547945,11,9,70.4193254329991,0.518421204471691,76.74,6,15560.247426871,2,0.0030933898322462,7562,Highly_Fatal_And_Damaging
8148,64.8401826484018,9,0,64.3573381950775,0.448460872701046,78.49,5,46418.3805063549,2,0.0313585716185308,2346,Minor_Damage_And_Injuries
2737,45.7534246575342,15,0,73.6098450319052,0.386073566534439,77.25,2,36883.7899744297,3,0.499845233093124,9433,Minor_Damage_And_Injuries
4825,36.62100456621,11,11,65.4056517775752,0.272478182473855,81.28,2,51160.0188437154,3,0.690352132882796,3951,Highly_Fatal_And_Damaging
5854,42.5114155251142,16,2,59.9817684594348,0.318276956364948,81.2,2,31716.2273185735,1,0.42863320847532,2719,Minor_Damage_And_Injuries
4791,33.4703196347032,12,1,75.432999088423,0.31358889289578,79.8,6,34640.5468695966,1,0.0086081548306711,7959,Highly_Fatal_And_Damaging
1844,61.324200913242,10,1,61.2579762989973,0.395449693472773,81.76,5,31639.1855021958,1,0.0217946673291327,6914,Minor_Damage_And_Injuries
9848,40.7762557077626,9,7,51.9143117593437,0.517339343671114,79.53,1,46503.7091327248,1,1.68272487532654,1307,Significant_Damage_And_Fatalities
5238,42.648401826484,9,22,32.4977210574293,0.777707176343311,86.52,2,30393.2366090176,2,0.407910453312984,10124,Highly_Fatal_And_Damaging
6637,45.1598173515982,8,29,71.9690063810392,0.362633249188604,82.36,7,18887.3161579666,2,0.0016033383209366,5890,Highly_Fatal_And_Damaging
3290,55.4337899543379,12,8,64.6763901549681,0.425020555355211,81.12,1,33346.1748713174,2,1.2282281733603,9586,Minor_Damage_And_Injuries
9188,37.4429223744292,17,0,69.5989061075661,0.355060223584565,80.2,3,14625.1742357841,4,0.0751392310460593,10575,Minor_Damage_And_Injuries
8368,30.1369863013699,12,2,32.4521422060164,0.678175982690227,78.51,7,49288.6355066503,1,0.0045467181518066,2221,Significant_Damage_And_Fatalities
9916,68.7671232876712,8,2,70.464904284412,0.330538045438154,79.76,2,35354.6491535324,2,0.478306032390798,3024,Minor_Damage_And_Injuries
9450,53.1963470319635,12,1,47.0829535095716,0.568186801298233,76.59,1,34325.6150767811,2,1.26391420686112,5107,Highly_Fatal_And_Damaging
4349,37.3972602739726,14,9,56.9279854147676,0.467213126577713,82.3,6,29640.2094341724,1,0.0073669243003083,5770,Minor_Damage_And_Injuries
1730,24.8401826484018,18,2,60.8021877848678,0.471179949513162,78.47,1,44135.7042932746,3,1.62444555920038,10280,Minor_Damage_And_Injuries
5918,45.4794520547945,15,0,46.2625341841386,0.485965380454381,78.29,3,35578.1607300997,5,0.176883368384811,12164,Highly_Fatal_And_Damaging
2186,28.9954337899543,13,22,87.5569735642662,0.302409664623152,80.8,4,42829.4991682479,2,0.0790283218204027,3396,Highly_Fatal_And_Damaging
1724,36.62100456621,14,5,41.6134913400182,0.558089433826181,84.94,6,30889.1456903206,2,0.0081169289831728,8577,Minor_Damage_And_Injuries
7324,29.7260273972603,13,8,64.6308113035552,0.417086909484313,80.13,4,38281.7142472046,0,0.0710287636448836,8981,Highly_Fatal_And_Damaging
2016,56.3013698630137,11,20,63.947128532361,0.448100252434187,78.12,3,39759.020002548,1,0.197841727574669,2823,Minor_Damage_And_Injuries
4482,33.1963470319635,12,3,66.3172288058341,0.406989542012261,80.27,1,46755.5164453914,1,1.75661161113112,5542,Highly_Fatal_And_Damaging
5635,41.1415525114155,12,3,73.7010027347311,0.28149368914533,84.75,3,25080.5824492383,1,0.124435001468023,12057,Significant_Damage_And_Serious_Injuries
4052,36.1643835616438,11,1,67.5934366453965,0.257332131265777,80.98,4,27412.2647189097,1,0.0503896935162612,9532,Highly_Fatal_And_Damaging
8209,38.4018264840183,17,23,56.6545123062899,0.404104579877389,76.86,2,31546.4382673113,1,0.426352881331156,1927,Minor_Damage_And_Injuries
5213,20.958904109589,15,0,86.6453965360073,0.228482509917057,81.73,4,53915.3329941275,0,0.100579962364862,11645,Highly_Fatal_And_Damaging
5782,16.3470319634703,16,2,90.975387420237,0.297000360620267,79.43,7,34971.8903682901,2,0.002988080308568,6029,Highly_Fatal_And_Damaging
2358,41.0958904109589,16,5,71.1485870556062,0.307458348359178,76.11,2,20020.2701860792,1,0.272305673247602,3497,Minor_Damage_And_Injuries
3161,26.3470319634703,17,14,62.8988149498633,0.492095924990984,83.1,3,19618.548566256,3,0.0977072229361203,11884,Significant_Damage_And_Serious_Injuries
7044,43.7899543378995,8,1,60.6198723792161,0.485244139920663,78.32,4,35828.5368182915,1,0.0648203926610396,7544,Highly_Fatal_And_Damaging
2829,32.8767123287671,15,5,79.535095715588,0.267429498737829,76.9,6,38631.0171950936,3,0.009890619145082,1713,Significant_Damage_And_Serious_Injuries
9327,46.1187214611872,15,0,67.8669097538742,0.258053371799495,80.97,2,43568.4879176962,2,0.589641647146364,9674,Minor_Damage_And_Injuries
727,42.3287671232877,12,2,57.6116681859617,0.333423007573026,88.62,1,37496.2410972152,3,1.37530557650739,6488,Significant_Damage_And_Serious_Injuries
3491,38.8127853881278,13,8,70.4193254329991,0.205402812838081,80.67,4,38426.2043855865,1,0.0702223823810804,666,Significant_Damage_And_Serious_Injuries
4124,66.2557077625571,12,14,46.9462169553327,0.566023079697079,79.99,1,31864.0881889396,3,1.17221429563847,10367,Significant_Damage_And_Serious_Injuries
9192,40.4109589041096,20,8,66.6818596171377,0.308900829426614,78.18,7,42734.0613091042,3,0.0037612590456911,12223,Significant_Damage_And_Fatalities
6326,36.5753424657534,14,11,62.9443938012762,0.321522538766679,79.86,6,27059.9484729937,3,0.0068608187719368,6428,Significant_Damage_And_Serious_Injuries
1577,46.8949771689498,18,11,37.9671832269827,0.399416516408222,76.34,4,14139.9067872575,2,0.0277814772558509,3826,Significant_Damage_And_Fatalities
2064,39.6803652968037,10,0,54.3755697356427,0.261659574468085,78.35,4,15261.9932578438,3,0.0279903711072892,4086,Significant_Damage_And_Fatalities
4924,32.0091324200913,15,3,62.0783956244303,0.368763793725207,80.61,6,36364.5237921726,3,0.0083373411084606,6808,Significant_Damage_And_Serious_Injuries
3213,54.8401826484018,8,40,63.9015496809481,0.394007212405337,79.59,7,45751.9834127951,3,0.0039502164698008,10772,Significant_Damage_And_Serious_Injuries
6579,21.2785388127854,15,7,52.3245214220602,0.333783627839884,77.99,5,17884.8085447038,2,0.0113741105371917,4423,Highly_Fatal_And_Damaging
4996,68.7671232876712,8,21,68.9608021877849,0.192059862964299,82.64,3,30479.9802452678,4,0.150707712103425,12041,Minor_Damage_And_Injuries
9477,34.5662100456621,15,7,68.003646308113,0.294115398485395,80.42,3,20061.5449045476,1,0.0977072229361203,12286,Significant_Damage_And_Serious_Injuries
7753,54.7945205479452,12,2,68.869644484959,0.28149368914533,80.44,5,41124.4763700121,1,0.0273168021552321,11184,Minor_Damage_And_Injuries
603,41.8721461187215,12,4,66.4539653600729,0.333423007573026,81.46,1,40566.1030877106,2,1.50398754286448,295,Significant_Damage_And_Serious_Injuries
2747,50.6392694063927,13,15,68.5961713764813,0.417447529751172,78.02,1,18180.9665833069,2,0.65511014674204,6171,Minor_Damage_And_Injuries
9892,62.7397260273973,6,5,80.4010938924339,0.523469888207717,80.07,3,38546.0920138779,2,0.193090443884492,11534,Significant_Damage_And_Serious_Injuries
7312,4.52054794520548,20,0,54.4667274384686,0.357584565452579,83.36,4,41920.2471614135,1,0.0758867263611491,3904,Significant_Damage_And_Fatalities
4513,32.7397260273973,12,6,58.4776663628077,0.309622069960331,83.56,4,25813.3805437588,2,0.0471095016808403,6987,Highly_Fatal_And_Damaging
6748,61.9634703196347,10,1,63.5824977210575,0.482359177785791,78.64,2,48285.8963648714,2,0.653014214204056,5511,Minor_Damage_And_Injuries
4341,21.1872146118721,15,2,59.8906107566089,0.424299314821493,82.45,1,33771.0947870574,1,1.24631439155671,7528,Highly_Fatal_And_Damaging
6305,47.4885844748858,14,0,56.9735642661805,0.54402524341868,76.44,5,31051.2779663587,2,0.0198462668231589,8900,Highly_Fatal_And_Damaging
4614,76.3926940639269,9,3,55.9252506836828,0.363354489722322,83.72,7,27305.7293869438,1,0.0025015891283589,8356,Significant_Damage_And_Serious_Injuries
7451,55.3424657534247,9,1,87.2835004557885,0.268150739271547,76.18,4,26194.6862921461,2,0.0486700861808518,10221,Significant_Damage_And_Serious_Injuries
7162,32.9223744292237,15,2,60.1640838650866,0.318276956364948,80.55,6,40233.9092796223,2,0.009523106474546,2991,Significant_Damage_And_Serious_Injuries
8846,29.0867579908676,13,22,82.3609845031905,0.265987017670393,79.18,7,17476.8634312157,2,0.0018782387623628,9587,Highly_Fatal_And_Damaging
5473,32.8767123287671,19,3,60.5287146763902,0.368763793725207,78.44,3,32275.9088048593,3,0.160110192147785,1138,Minor_Damage_And_Injuries
9016,40.5479452054794,13,5,82.4521422060164,0.184486837360259,79.43,4,19984.5446103508,2,0.0353962611529476,9914,Significant_Damage_And_Serious_Injuries
8229,20.8675799086758,19,14,38.7876025524157,0.556646952758745,77.78,3,23849.2248125527,1,0.119711370429235,10730,Minor_Damage_And_Injuries
1495,41.9634703196347,13,2,73.9288969917958,0.373451857194374,89.19,6,22719.4840947635,1,0.0055955359961786,8922,Significant_Damage_And_Serious_Injuries
7768,45.2511415525114,11,1,62.7620783956244,0.329095564370718,82.41,3,28759.0997547688,0,0.142232506047654,2072,Significant_Damage_And_Serious_Injuries
934,39.634703196347,13,6,73.1084776663628,0.268150739271547,79.12,6,19615.290329981,2,0.0042155123075014,8139,Significant_Damage_And_Serious_Injuries