,Safety_Score,Days_Since_Inspection,Total_Safety_Complaints,Control_Metric,Turbulence_In_gforces,Cabin_Temperature,Accident_Type_Code,Max_Elevation,Violations,Adverse_Weather_Metric,Accident_ID,Severity
3924,42.1004566210046,12,2,69.1431175934367,0.380303642264695,79.46,3,37571.9051001859,3,0.187016357171913,4319,Significant_Damage_And_Serious_Injuries
6511,52.4200913242009,9,8,61.0756608933455,0.342799134511359,78.4,6,29545.4263401468,1,0.0075262701229064,1162,Significant_Damage_And_Serious_Injuries
824,34.4748858447488,11,8,69.2342752962625,0.331980526505589,77.94,2,34813.8032822669,1,0.472579040824127,7133,Highly_Fatal_And_Damaging
3653,48.3561643835616,14,4,79.489516864175,0.321522538766679,78.0,1,28364.6114565323,2,1.03719790787182,1714,Minor_Damage_And_Injuries
2136,40.5479452054794,20,1,40.975387420237,0.663751172015867,81.06,1,28633.146501218,1,1.0603906859471,10432,Significant_Damage_And_Fatalities
7534,43.8356164383562,12,3,79.7629899726527,0.378139920663541,78.0,5,15865.8721701261,1,0.0116003338192722,476,Significant_Damage_And_Serious_Injuries
1442,36.7123287671233,14,1,62.7164995442115,0.424299314821493,75.4,5,19872.4691787797,3,0.0128336115601887,8889,Significant_Damage_And_Serious_Injuries
4138,16.5296803652968,16,4,59.1613491340018,0.382827984132708,78.72,1,35522.8141162109,4,1.30792861200427,10096,Highly_Fatal_And_Damaging
5763,36.7579908675799,14,1,78.6235186873291,0.386073566534439,82.88,5,37279.5592432923,2,0.0253444907773519,3222,Significant_Damage_And_Serious_Injuries
6446,29.5890410958904,13,8,99.4986326344576,0.256971510998918,80.98,4,18890.3647373847,1,0.0340977244601301,9769,Highly_Fatal_And_Damaging
2991,31.7351598173516,23,5,75.6153144940748,0.316473855030653,80.47,7,26271.6146432469,1,0.002139920866336,8282,Significant_Damage_And_Fatalities
144,52.3744292237443,9,5,41.2032816773018,0.623001081860801,79.53,3,34001.7261707233,1,0.170265585090925,3557,Minor_Damage_And_Injuries
2531,41.9634703196347,12,19,53.6007292616226,0.566744320230797,83.73,3,20654.0788047055,4,0.101519827745638,7695,Minor_Damage_And_Injuries
199,42.1004566210046,12,22,56.7456700091158,0.729023440317345,75.83,2,32349.2953783122,0,0.438933417929691,10101,Minor_Damage_And_Injuries
7177,26.5753424657534,17,14,64.3117593436645,0.445215290299315,79.59,6,29952.076015557,2,0.0071391877231564,2944,Significant_Damage_And_Serious_Injuries
7819,18.310502283105,16,1,74.2479489516864,0.204320952037505,76.78,1,48882.9969470896,1,1.78728887212675,10689,Highly_Fatal_And_Damaging
5210,47.7168949771689,10,4,85.8705560619873,0.25985647313379,82.66,3,45176.8326191203,3,0.223008337378143,763,Significant_Damage_And_Serious_Injuries
3294,68.1278538812785,8,3,75.2962625341842,0.288345474215651,83.1,6,38792.5776652525,2,0.0104388918436821,12202,Minor_Damage_And_Injuries
6200,20.4109589041096,19,5,66.6362807657247,0.368403173458348,78.73,2,40716.7142099663,2,0.55117256042946,4759,Significant_Damage_And_Serious_Injuries
7088,45.4337899543379,15,14,68.5961713764813,0.340274792643346,80.7,5,52015.7944241626,2,0.0353194524101037,5383,Minor_Damage_And_Injuries
8885,75.662100456621,9,8,69.9635369188697,0.414923187883159,86.39,5,17731.5542769187,4,0.0121842629372386,8658,Significant_Damage_And_Fatalities
4129,22.7397260273973,15,2,54.4667274384686,0.357584565452579,81.32,4,27318.3584282491,3,0.0504060151108843,6748,Significant_Damage_And_Fatalities
4840,37.6712328767123,14,5,71.9234275296263,0.27788748647674,76.39,3,30830.3940187457,2,0.154648326213696,11169,Significant_Damage_And_Serious_Injuries
3831,38.4474885844749,17,9,67.4111212397448,0.24543166245943,79.23,7,34641.5118628154,4,0.0029512469113651,6045,Minor_Damage_And_Injuries
9139,46.6666666666667,7,2,73.6554238833182,0.392204111071042,78.61,1,35207.2285556311,2,1.28587911562902,370,Highly_Fatal_And_Damaging
6318,64.3835616438356,13,7,61.6681859617138,0.344962856112513,77.03,7,21079.2995457879,2,0.0018770473815098,6051,Significant_Damage_And_Fatalities
6559,26.62100456621,17,5,89.1066545123063,0.211893977641543,79.57,4,48141.3485544039,4,0.0885598042612784,5725,Significant_Damage_And_Serious_Injuries
3481,33.6986301369863,15,13,48.5870556061987,0.407710782545979,81.18,3,29784.7464710627,2,0.147509964610866,11548,Minor_Damage_And_Injuries
9443,32.9223744292237,15,0,60.1640838650866,0.492095924990984,83.19,3,17004.1120108836,2,0.0841518390163713,6192,Significant_Damage_And_Serious_Injuries
6093,24.1552511415525,14,3,53.5095715587967,0.392204111071042,81.06,2,33591.98082476,1,0.453693975116104,168,Significant_Damage_And_Fatalities
7417,36.0730593607306,17,3,63.9015496809481,0.401580238009376,83.57,4,51754.9703998605,1,0.0949606702216228,10339,Minor_Damage_And_Injuries
6010,59.041095890411,11,3,69.3710118505014,0.337389830508475,82.14,2,38384.4318243461,0,0.518441261968944,8118,Minor_Damage_And_Injuries
7210,35.296803652968,14,1,61.6226071103008,0.317195095564371,78.09,2,39744.9867350495,0,0.537374915697402,10065,Significant_Damage_And_Serious_Injuries
475,56.4840182648402,15,0,73.0173199635369,0.32080129823296,80.89,7,44362.5365040698,2,0.0039231015960792,9391,Significant_Damage_And_Fatalities
5104,48.8584474885845,14,23,71.5587967183227,0.331980526505589,78.04,5,34687.307415452,3,0.0227514745473042,3940,Minor_Damage_And_Injuries
4688,55.9360730593607,15,5,70.3281677301732,0.2923122971511,78.96,7,38924.6214354371,0,0.0034397401542218,7052,Significant_Damage_And_Fatalities
8815,41.689497716895,16,6,87.1011850501367,0.312146411828345,84.48,2,30992.0427846588,2,0.417827928336965,6663,Minor_Damage_And_Injuries
5284,65.296803652968,3,8,88.0583409298086,0.297000360620267,76.11,3,16149.3177035064,0,0.0772169276038119,1870,Significant_Damage_And_Serious_Injuries
1408,26.4840182648402,13,5,57.0647219690064,0.502553912729895,78.31,4,14367.9657224963,3,0.0272796093112314,8404,Significant_Damage_And_Fatalities
8515,76.62100456621,9,9,71.285323609845,0.518421204471691,77.17,7,25755.0287871477,4,0.0024652617412522,3306,Significant_Damage_And_Fatalities
6227,52.7853881278539,9,5,50.9115770282589,0.645359538406058,79.06,4,26015.962941191,1,0.0476683348266297,2901,Minor_Damage_And_Injuries
7405,66.8036529680365,12,8,62.306289881495,0.381024882798413,86.4,7,25177.5727499426,2,0.0022816943729445,8819,Significant_Damage_And_Fatalities
1686,43.7899543378995,15,6,76.7092069279854,0.215500180310133,78.08,4,22004.4704078618,3,0.0405516045635434,1218,Minor_Damage_And_Injuries
4005,42.283105022831,12,11,40.0638103919782,0.51878182473855,79.89,6,39871.1860729164,1,0.0100253470599817,1223,Minor_Damage_And_Injuries
6591,70.0,8,3,55.6517775752051,0.508684457266498,79.33,2,26637.374687927,0,0.362925272467254,833,Highly_Fatal_And_Damaging
3289,45.1598173515982,11,6,71.4220601640839,0.4506245943022,79.53,6,43188.458698422,1,0.010751682465482,1555,Significant_Damage_And_Serious_Injuries
7715,14.4748858447489,17,3,43.0720145852325,0.456033898305084,76.8,4,21448.4685538939,1,0.0392500739871597,10931,Significant_Damage_And_Fatalities
5319,34.3835616438356,18,11,53.6463081130356,0.334865488640461,79.39,3,41232.8372944868,2,0.205384016763677,7805,Highly_Fatal_And_Damaging
994,31.9178082191781,15,2,62.0783956244303,0.318276956364948,78.63,4,39744.9867350495,3,0.0728211852936628,1917,Significant_Damage_And_Serious_Injuries
9496,56.5753424657534,8,9,67.0920692798541,0.293394157951677,77.23,6,26813.1845680268,2,0.006682612232952,3891,Significant_Damage_And_Serious_Injuries
3301,56.1187214611872,15,0,76.0711030082042,0.387876667868734,77.25,7,37351.5074719711,0,0.00354687186076,1367,Significant_Damage_And_Fatalities
2562,47.351598173516,11,12,71.7411121239745,0.381024882798413,77.7,6,31439.4684756778,2,0.0080873269613846,2605,Significant_Damage_And_Serious_Injuries
6369,27.8995433789954,13,10,86.9644484958979,0.265987017670393,80.09,4,26572.9666742821,2,0.0486066327281578,9001,Highly_Fatal_And_Damaging
6106,56.2557077625571,12,40,55.4694621695533,0.72758095924991,79.66,3,39022.5829015647,3,0.194834612062384,8894,Highly_Fatal_And_Damaging
6736,34.7488584474886,15,7,68.003646308113,0.253004688063469,80.22,3,20061.5449045476,2,0.0993228008242308,3923,Significant_Damage_And_Serious_Injuries
575,36.4383561643836,17,3,63.9015496809481,0.551958889289578,81.8,2,36109.0128717011,1,0.494990146588943,11697,Minor_Damage_And_Injuries
3359,44.4748858447489,8,9,60.5742935278031,0.485244139920663,80.07,4,36056.3247444592,3,0.0659924427036663,6265,Highly_Fatal_And_Damaging
9742,60.2283105022831,7,9,79.1704649042844,0.254086548864046,80.07,6,32585.4841917493,2,0.0077520055344501,2266,Significant_Damage_And_Serious_Injuries
3456,16.6666666666667,20,20,67.6390154968095,0.449903353768481,77.3,3,30360.3969405546,3,0.151103535537813,4071,Significant_Damage_And_Serious_Injuries
5109,25.6164383561644,14,8,63.9927073837739,0.201435989902632,80.22,2,23362.5382988508,4,0.317264638371491,1498,Highly_Fatal_And_Damaging
7726,33.7899543378995,15,5,79.8541476754786,0.295197259285972,83.96,3,21852.7135965614,3,0.108798254585535,7522,Significant_Damage_And_Serious_Injuries
6258,41.1415525114155,9,12,60.9845031905196,0.336668589974756,86.43,1,49722.5743419767,3,1.9079256458467,3719,Highly_Fatal_And_Damaging
5448,48.4474885844749,11,1,76.6180492251596,0.293033537684818,82.19,6,20406.491789574,1,0.005098132215622,1737,Significant_Damage_And_Serious_Injuries
2408,43.4703196347032,15,9,75.38742023701,0.391122250270465,75.29,4,35974.8217427248,1,0.0657919157803562,5145,Minor_Damage_And_Injuries
4041,46.8493150684931,14,9,83.8650865998177,0.289427335016228,87.79,2,40622.7292936029,3,0.549198026049296,11872,Minor_Damage_And_Injuries
4235,6.34703196347032,19,6,74.1567912488605,0.221270104579877,77.79,4,26198.2158404159,2,0.0484619583526901,11600,Highly_Fatal_And_Damaging
8170,30.9132420091324,16,2,81.4038286235187,0.242186080057699,79.51,3,22753.3132521245,0,0.113684532201768,6156,Significant_Damage_And_Serious_Injuries
7477,69.4520547945205,8,0,67.4567000911577,0.415644428416877,76.13,4,28815.0595298404,4,0.0526430497150514,8494,Minor_Damage_And_Injuries
9801,23.1963470319635,22,10,82.0419325432999,0.317195095564371,80.47,2,41697.1749234405,0,0.566187088981487,9797,Minor_Damage_And_Injuries
9696,16.6666666666667,20,2,59.9817684594348,0.471179949513162,85.07,3,24998.0502221417,3,0.12399500240157,2253,Significant_Damage_And_Serious_Injuries
9416,56.2100456621004,8,0,39.8359161349134,0.539697800216372,76.92,3,44244.6291824378,3,0.220238164001149,1533,Minor_Damage_And_Injuries
4269,72.9680365296803,7,0,60.8477666362808,0.46108258204111,81.26,3,33640.8300414984,2,0.167165430554854,8690,Minor_Damage_And_Injuries
7795,74.703196347032,6,14,52.461257976299,0.366960692390912,76.53,3,22484.6223323146,3,0.111897062828597,4184,Highly_Fatal_And_Damaging
6551,41.1415525114155,13,3,95.077484047402,0.221991345113595,79.76,3,16271.0608157105,2,0.0798758187119946,7190,Significant_Damage_And_Serious_Injuries
8615,49.5890410958904,7,2,80.355515041021,0.286542372881356,77.85,4,31922.1003230797,1,0.0593813308679131,661,Highly_Fatal_And_Damaging
2435,16.2100456621005,16,33,85.4147675478578,0.421053732419762,78.37,1,12542.5506074795,1,0.387799082295146,6587,Highly_Fatal_And_Damaging
858,25.8904109589041,14,1,48.0856882406563,0.38210674359899,79.49,4,36511.6143171361,2,0.0658221949166717,8135,Significant_Damage_And_Fatalities
3894,31.5525114155251,19,7,61.7137648131267,0.311425171294627,81.13,3,30406.0222300751,3,0.15193198627823,5364,Minor_Damage_And_Injuries
7468,46.5753424657534,11,1,75.2962625341842,0.243989181391994,78.33,6,18103.7897133572,3,0.004632261139873,11299,Significant_Damage_And_Serious_Injuries
70,52.4657534246575,9,0,58.9334548769371,0.42538117562207,78.75,3,29213.8409826863,0,0.145447149829291,5524,Significant_Damage_And_Serious_Injuries
1648,43.7442922374429,9,3,83.7739288969918,0.228843130183916,79.48,4,40745.7685865635,2,0.0743977203306093,8446,Highly_Fatal_And_Damaging
3781,25.8904109589041,14,1,65.587967183227,0.369845654525784,78.23,7,34971.7377869548,2,0.0033269313762775,6941,Highly_Fatal_And_Damaging
1978,54.8401826484018,9,15,78.0765724703738,0.341356653443924,80.65,5,29922.9354047502,1,0.0194114223825463,2766,Significant_Damage_And_Serious_Injuries
7384,39.634703196347,13,6,69.8268003646308,0.387516047601875,76.4,3,22792.1740124056,2,0.112754072698007,8467,Significant_Damage_And_Serious_Injuries
9709,21.2785388127854,15,15,61.5314494074749,0.476228633249188,77.48,6,26607.9239914159,2,0.0066014160120595,11830,Highly_Fatal_And_Damaging
2872,34.0182648401826,15,2,51.1850501367366,0.644998918139199,78.37,3,26385.0415378019,3,0.131340504997494,7057,Significant_Damage_And_Serious_Injuries
6331,26.7123287671233,13,6,61.4402917046491,0.444133429498738,75.94,2,32314.577381767,0,0.436714350501206,657,Highly_Fatal_And_Damaging
1915,37.6712328767123,14,18,69.0519598906108,0.203960331770645,85.27,3,37349.2494569828,1,0.186378615413655,6021,Significant_Damage_And_Serious_Injuries
3188,45.2054794520548,11,16,72.2424794895169,0.493899026325279,77.59,6,43188.458698422,1,0.0105692095171719,11298,Significant_Damage_And_Serious_Injuries
9879,14.703196347032,17,0,49.9544211485871,0.470458708979445,78.13,4,40580.037740715,3,0.0745197124194174,809,Significant_Damage_And_Fatalities
7083,10.5022831050228,18,31,56.608933454877,0.279690587811035,79.85,1,26302.9323489945,2,0.978578768073676,12104,Highly_Fatal_And_Damaging
4244,54.5205479452055,8,5,73.2907930720146,0.244349801658853,79.31,1,24609.0335512452,3,0.887893341795068,10661,Significant_Damage_And_Serious_Injuries
2226,57.6712328767123,4,12,42.9808568824066,0.735153984853949,84.9,3,27604.7186624325,3,0.137841679162109,8829,Significant_Damage_And_Fatalities
6219,16.6666666666667,20,9,67.6390154968095,0.505078254597908,80.51,1,36873.0707665609,2,1.34636408457868,6813,Significant_Damage_And_Serious_Injuries
6606,4.79452054794521,20,8,78.4867821330902,0.332701767039307,79.62,4,45004.8195801942,0,0.0817928467836764,2186,Highly_Fatal_And_Damaging
164,30.8219178082192,15,6,54.6490428441203,0.371648755860079,81.39,3,35285.2690352296,2,0.175624748220402,6986,Minor_Damage_And_Injuries
9451,51.1872146118721,10,15,70.1914311759344,0.394007212405337,76.12,3,26319.2897654992,3,0.131214852950511,7351,Significant_Damage_And_Serious_Injuries
8099,36.7579908675799,14,10,59.7082953509572,0.407710782545979,79.56,3,24784.5496889019,3,0.121638567542421,983,Significant_Damage_And_Serious_Injuries
846,43.972602739726,12,0,66.7730173199635,0.246513523260007,83.07,6,23291.3274000395,3,0.0054419694409998,8612,Significant_Damage_And_Serious_Injuries
1203,33.8812785388128,11,14,71.4676390154968,0.37128813559322,79.85,4,37519.0138460733,2,0.0686361610266386,9322,Highly_Fatal_And_Damaging
9219,33.5159817351598,18,12,52.4156791248861,0.448100252434187,81.52,3,25239.6627058985,1,0.125330620818254,8407,Highly_Fatal_And_Damaging
7906,27.7168949771689,13,2,65.6791248860529,0.425741795888929,78.63,6,26744.8667985702,2,0.0070160859001572,8408,Highly_Fatal_And_Damaging
5205,33.7442922374429,15,6,67.2743846855059,0.416365668950595,81.1,3,23078.0997172158,0,0.114217417558227,10793,Significant_Damage_And_Serious_Injuries
801,70.1369863013699,4,14,62.8076572470374,0.211893977641543,79.26,1,47715.8314627323,4,1.75661161113112,2590,Highly_Fatal_And_Damaging
2981,31.2328767123288,12,10,62.1695533272562,0.444494049765597,79.3,2,37050.8568808506,2,0.499845233093124,5353,Highly_Fatal_And_Damaging
1999,18.310502283105,16,3,57.8395624430264,0.589824017309773,78.23,2,38033.854208112,0,0.514732243183487,8331,Highly_Fatal_And_Damaging
6682,61.2785388127854,10,3,60.4831358249772,0.262380815001803,77.31,2,41329.4435546774,2,0.561565211364956,3561,Minor_Damage_And_Injuries
2557,39.4063926940639,10,2,42.8441203281678,0.42898737829066,74.95,4,45857.9659867691,2,0.0827860671099331,2444,Significant_Damage_And_Fatalities
4951,28.7214611872146,13,12,67.3655423883318,0.298803461954562,78.46,4,32555.6438294962,1,0.0599548194439076,8109,Highly_Fatal_And_Damaging
1288,44.8858447488584,8,11,53.6463081130356,0.538615939415795,82.23,4,36601.5952977368,1,0.0677821045621251,1951,Significant_Damage_And_Fatalities
1824,33.9269406392694,15,1,79.8541476754786,0.215500180310133,75.68,4,46463.2666747296,3,0.0846928970724103,7228,Significant_Damage_And_Serious_Injuries
7772,50.7305936073059,6,9,88.0583409298086,0.29591849981969,81.03,1,43154.905667115,2,1.60962628025298,6730,Highly_Fatal_And_Damaging
8481,31.7351598173516,19,0,76.0711030082042,0.233891813919942,78.84,4,41573.9651981208,4,0.0765923031796364,5083,Minor_Damage_And_Injuries
3611,72.0091324200913,10,3,84.8678213309025,0.298442841687703,78.64,2,42961.728774049,1,0.581725542959453,7311,Significant_Damage_And_Fatalities
5978,70.3196347031963,4,21,61.9416590701914,0.453509556437072,79.72,2,11806.5506664532,3,0.134834939340907,12265,Significant_Damage_And_Serious_Injuries
4619,27.945205479452,17,5,67.3199635369189,0.377418680129823,79.26,1,26616.837265357,2,0.978454626515347,11963,Significant_Damage_And_Serious_Injuries
9194,52.5114155251141,9,2,40.4740200546946,0.584775333573747,78.94,4,32655.8419309908,0,0.0597560868165434,3660,Minor_Damage_And_Injuries
847,26.2557077625571,14,2,51.0483135824977,0.485965380454381,80.23,1,36873.0707665609,1,1.35005026474898,3164,Significant_Damage_And_Fatalities
3872,36.3926940639269,11,2,79.3527803099362,0.199632888568337,76.89,4,29572.3317315177,3,0.0528505428278382,7103,Highly_Fatal_And_Damaging
9399,52.3744292237443,9,14,50.9115770282589,0.499668950595023,77.62,4,18083.0495385202,3,0.0320057521178953,2505,Minor_Damage_And_Injuries
9349,55.2511415525114,12,8,65.7247037374658,0.530682293544897,77.16,2,28436.741416448,2,0.384836754898473,9418,Minor_Damage_And_Injuries
7605,29.2237442922374,13,0,82.3154056517776,0.221270104579877,77.63,6,32222.0358753946,3,0.0082140660951545,2724,Highly_Fatal_And_Damaging
7036,44.8401826484018,8,6,88.2406563354604,0.185568698160836,79.76,1,48905.4579354148,4,1.78728887212675,997,Highly_Fatal_And_Damaging
9070,4.79452054794521,20,1,68.915223336372,0.189535521096285,77.91,6,18000.5056289736,4,0.0047760663608893,3273,Highly_Fatal_And_Damaging
3336,69.7260273972603,8,15,70.2370100273473,0.395449693472773,77.91,5,36421.5736321992,2,0.0253444907773519,1402,Minor_Damage_And_Injuries
1370,44.8401826484018,8,10,66.7730173199635,0.373451857194374,78.47,4,29261.0724381254,2,0.0531058897859763,7723,Highly_Fatal_And_Damaging
2139,59.4520547945205,14,16,85.5970829535096,0.351093400649116,80.07,1,35415.675300555,3,1.30122311447791,9132,Significant_Damage_And_Fatalities
7741,60.8219178082192,10,10,66.362807657247,0.416726289217454,78.47,4,27222.8941270034,1,0.0503844630892246,12358,Minor_Damage_And_Injuries
2769,28.8584474885845,13,2,63.7648131267092,0.30313090515687,78.38,2,43621.7313982517,2,0.592637233865426,6556,Highly_Fatal_And_Damaging
118,57.5799086757991,11,1,76.8915223336372,0.428266137756942,87.23,2,35859.4447962179,2,0.485770798439809,2384,Minor_Damage_And_Injuries
9970,47.8538812785388,14,7,72.8805834092981,0.363715109989181,78.51,2,39506.6914240772,1,0.532043679599835,2639,Minor_Damage_And_Injuries
5350,18.5388127853881,16,7,71.8778486782133,0.253725928597187,79.94,1,31944.0012668172,3,1.16677479820232,11528,Highly_Fatal_And_Damaging
6300,31.9634703196347,15,1,74.567000911577,0.399055896141363,80.67,3,39449.3892372186,2,0.194113958238397,6444,Significant_Damage_And_Serious_Injuries
4306,47.8995433789954,14,29,70.8295350957156,0.339914172376487,75.99,2,30684.6725583661,2,0.41527188517092,9009,Minor_Damage_And_Injuries
6013,50.1369863013699,13,25,65.2689152233364,0.340274792643346,77.05,1,27179.8728762575,1,1.00860793316672,10012,Minor_Damage_And_Injuries
8675,22.1917808219178,15,1,55.6973564266181,0.505438874864767,77.17,6,33350.4681813235,1,0.0085710624814404,3425,Significant_Damage_And_Fatalities
5334,31.689497716895,15,0,65.8614402917047,0.438724125495853,77.44,3,27496.6930634184,1,0.135850462114308,6427,Significant_Damage_And_Serious_Injuries
4520,38.7671232876712,17,20,66.9097538742024,0.295197259285972,80.04,2,40101.9196560567,1,0.542720465498432,1919,Minor_Damage_And_Injuries
9757,70.5022831050228,11,1,60.7110300820419,0.314670753696357,79.32,7,43558.4831611401,3,0.0038358663612205,6827,Significant_Damage_And_Fatalities
3906,82.7853881278539,7,21,58.9334548769371,0.397252794807068,83.41,3,43564.0944400642,2,0.214244804931175,11917,Significant_Damage_And_Fatalities
6646,25.2511415525114,14,22,45.5332725615314,0.721450414713307,78.96,3,29692.0223611367,3,0.14794422081512,731,Significant_Damage_And_Fatalities
2499,45.7077625570776,8,0,58.7967183226983,0.503635773530472,77.75,4,27563.074797666,1,0.0506515878177534,10852,Highly_Fatal_And_Damaging
5936,20.958904109589,15,29,63.9015496809481,0.334504868373603,74.74,1,45416.5825159865,1,1.69386357691072,12249,Highly_Fatal_And_Damaging
6071,26.9406392694064,13,6,61.4402917046491,0.268511359538406,81.1,4,33355.8640395299,2,0.0614525873393909,3484,Highly_Fatal_And_Damaging
3602,27.0776255707763,13,1,55.6061987237922,0.506520735665344,78.29,1,28411.223198046,1,1.03274750346758,4989,Highly_Fatal_And_Damaging
4758,52.5114155251141,9,5,53.9653600729262,0.461803822574828,79.39,2,25642.1963410359,1,0.346527327910913,10132,Minor_Damage_And_Injuries
6718,61.0045662100457,10,1,76.8915223336372,0.426823656689506,75.8,5,17382.2184242078,1,0.0101667407392639,1165,Minor_Damage_And_Injuries
4859,14.8858447488584,17,24,78.0309936189608,0.352535881716553,77.51,4,40752.5345280167,3,0.0740408070505912,4946,Highly_Fatal_And_Damaging
4036,39.9086757990868,13,4,82.2242479489517,0.318276956364948,81.53,3,23126.2919667346,1,0.114395822423754,11768,Significant_Damage_And_Serious_Injuries
3427,51.7351598173516,10,4,39.8814949863264,0.645359538406058,78.39,3,32986.7833036824,2,0.163023626452417,1146,Minor_Damage_And_Injuries
7464,28.9041095890411,13,8,62.2607110300821,0.383909844933285,77.82,4,19093.0822520948,3,0.0350890825621048,6083,Highly_Fatal_And_Damaging
2741,70.4109589041096,11,14,55.0592525068368,0.439805986296429,79.6,7,31631.3776117869,3,0.0027759536961866,4251,Significant_Damage_And_Fatalities
9373,53.5616438356164,12,15,70.1002734731085,0.464328164442842,77.59,2,31638.629323934,2,0.42863320847532,1886,Minor_Damage_And_Injuries
305,47.5342465753425,11,9,93.4822242479489,0.180159394157952,83.55,5,26029.1632624791,3,0.0167112795961212,726,Significant_Damage_And_Serious_Injuries
362,55.8447488584475,11,0,55.9708295350957,0.491374684457266,79.33,6,16378.7563667282,2,0.003353359112172,424,Highly_Fatal_And_Damaging
3405,74.2009132420091,10,0,65.9070191431176,0.335586729174179,75.27,7,31282.0377767493,2,0.0027761853795938,5977,Significant_Damage_And_Fatalities
8480,40.2739726027397,10,10,80.2187784867822,0.323686260367832,79.43,7,34977.6810000549,2,0.0032238601136394,3700,Highly_Fatal_And_Damaging
5616,61.5068493150685,10,0,53.7830446672744,0.511930039668229,79.26,3,16378.7563667282,2,0.0847354723615849,1730,Highly_Fatal_And_Damaging
3043,56.4383561643835,11,4,55.9708295350957,0.456394518571944,83.23,7,46010.3087453711,2,0.0038460374795458,4781,Highly_Fatal_And_Damaging
2377,42.3744292237443,12,8,62.1239744758432,0.427905517490083,81.45,6,28542.004184011,1,0.0075454384718346,8134,Significant_Damage_And_Serious_Injuries
7463,33.7899543378995,18,2,88.2862351868733,0.199632888568337,79.85,3,25712.689152338,2,0.128032619795491,5085,Minor_Damage_And_Injuries
7379,42.648401826484,9,1,59.7538742023701,0.365878831590335,87.08,4,24171.8428578746,1,0.0447047839318407,8149,Highly_Fatal_And_Damaging
1371,36.8949771689498,14,0,57.5205104831358,0.560974395961053,77.04,2,25806.0480465467,2,0.348220671345902,2465,Significant_Damage_And_Serious_Injuries
3159,56.3013698630137,8,1,80.8568824065634,0.232449332852506,77.08,3,28890.1525672434,2,0.141555437659519,4771,Significant_Damage_And_Serious_Injuries
8933,30.958904109589,16,0,70.510483135825,0.295197259285972,78.74,3,41259.8228090867,2,0.205700937392858,700,Significant_Damage_And_Serious_Injuries
6824,19.9086757990868,23,1,52.8714676390155,0.40735016227912,76.1,6,47964.9433890402,4,0.0114089976100017,10154,Minor_Damage_And_Injuries
8959,55.5707762557078,12,1,56.0619872379216,0.39292535160476,81.45,6,31639.1855021958,2,0.0076720609652006,8782,Highly_Fatal_And_Damaging
8319,11.5068493150685,18,4,31.5405651777575,0.584775333573747,77.82,3,36350.8751542663,3,0.181056414605482,598,Significant_Damage_And_Fatalities
7905,76.1187214611872,6,21,64.4940747493163,0.398695275874504,79.84,3,22977.0151515072,2,0.114141494579157,9136,Minor_Damage_And_Injuries
5228,19.5433789954338,21,1,56.9735642661805,0.313228272628922,85.04,4,38703.1691908605,0,0.0707412082678978,4021,Minor_Damage_And_Injuries
4639,46.2100456621004,8,2,49.179580674567,0.412759466282005,80.08,6,26005.3229868944,1,0.0069764581442704,4288,Highly_Fatal_And_Damaging
3793,20.5022831050228,19,0,62.9443938012762,0.509405697800216,78.46,4,39698.855046421,2,0.0729306439109475,8259,Significant_Damage_And_Serious_Injuries
8101,59.4063926940639,14,9,38.9699179580674,0.785640822214209,77.27,2,35589.5936216274,2,0.480311362723386,11354,Highly_Fatal_And_Damaging
5637,65.7534246575342,5,3,40.4740200546946,0.445215290299315,74.95,4,43447.1518302216,3,0.0806638923240863,8915,Minor_Damage_And_Injuries
4262,44.5205479452055,8,3,52.9170464904284,0.410235124413992,77.36,2,29202.5677288209,3,0.395213777481635,8521,Significant_Damage_And_Fatalities
5220,23.1050228310502,14,15,73.4275296262534,0.311064551027768,81.53,4,32729.3914910183,2,0.0600821670394064,3227,Highly_Fatal_And_Damaging
5657,42.1004566210046,12,2,74.5214220601641,0.264905156869816,79.03,3,41991.870913776,2,0.209065214807869,4719,Significant_Damage_And_Serious_Injuries
3232,32.9223744292237,11,1,71.7866909753874,0.339914172376487,79.14,4,45031.0840390284,1,0.0815350514760914,4955,Highly_Fatal_And_Damaging
6895,57.4885844748858,11,11,62.8532360984503,0.32801370357014,79.26,2,12376.5613732312,1,0.168418281925373,7445,Minor_Damage_And_Injuries
2966,52.1004566210046,6,2,53.9197812215132,0.620837360259647,79.03,4,37292.1290296158,1,0.068210006095578,6636,Significant_Damage_And_Fatalities
6605,48.3561643835616,10,26,57.5660893345488,0.30313090515687,79.43,6,40114.3609726391,2,0.0095755375689134,5555,Significant_Damage_And_Serious_Injuries
9662,34.8401826484018,11,0,89.6080218778487,0.203599711503786,77.47,2,22458.282532452,3,0.305093661170335,82,Highly_Fatal_And_Damaging
9807,29.8173515981735,16,5,47.1741112123974,0.549795167688424,85.31,3,30889.1456903206,2,0.153870216557604,6851,Minor_Damage_And_Injuries
1027,54.1095890410959,9,6,88.4685505925251,0.268150739271547,79.12,3,37541.6763730355,0,0.187629659106472,11649,Significant_Damage_And_Serious_Injuries
399,51.3698630136986,16,2,80.8568824065634,0.297000360620267,82.51,6,31810.9878005079,2,0.007792365115903,4462,Significant_Damage_And_Fatalities