,Safety_Score,Days_Since_Inspection,Total_Safety_Complaints,Control_Metric,Turbulence_In_gforces,Cabin_Temperature,Accident_Type_Code,Max_Elevation,Violations,Adverse_Weather_Metric,Accident_ID,Severity
8901,47.0319634703196,14,8,66.0893345487694,0.337750450775333,79.35,2,37925.7002133991,0,0.513039501471087,3519,Minor_Damage_And_Injuries
8013,34.0639269406393,11,1,56.9279854147676,0.522748647673999,81.42,1,45027.3857299155,3,1.69386357691072,6370,Significant_Damage_And_Fatalities
4622,41.0502283105023,16,3,58.8422971741112,0.204320952037505,81.32,2,26210.1922272661,3,0.35571645860377,11372,Minor_Damage_And_Injuries
9382,68.8584474885845,11,7,55.2871467639016,0.68791272989542,78.58,6,47156.9384261401,1,0.0114943524785138,4170,Significant_Damage_And_Serious_Injuries
3972,41.8264840182648,12,0,62.6709206927985,0.317555715831229,82.41,3,21402.7601137385,2,0.105168517981374,4147,Significant_Damage_And_Serious_Injuries
9475,30.9132420091324,16,2,69.7812215132179,0.329456184637577,79.81,3,22570.0303979771,1,0.112255875099451,12147,Significant_Damage_And_Serious_Injuries
8411,33.7899543378995,15,0,80.355515041021,0.196387306166606,80.54,3,32301.8190911345,1,0.160231707920052,3300,Significant_Damage_And_Serious_Injuries
8352,53.6529680365297,9,3,42.0237010027347,0.413120086548864,76.12,6,22418.7974598276,3,0.0053890747903369,1152,Minor_Damage_And_Injuries
3637,23.7899543378995,14,0,66.4995442114859,0.304573386224305,79.47,4,45120.2236979424,0,0.0811200932683146,3162,Highly_Fatal_And_Damaging
9876,22.1004566210046,15,10,48.5870556061987,0.850913090515687,85.1,4,22888.0824961257,2,0.0419814175319841,7282,Significant_Damage_And_Fatalities
602,36.62100456621,14,2,41.6134913400182,0.558089433826181,77.74,3,43627.7949755618,3,0.217592818863117,3834,Minor_Damage_And_Injuries
6609,36.2557077625571,11,5,49.4530537830446,0.531042913811756,81.15,4,33871.586283706,3,0.061879301225348,10382,Significant_Damage_And_Fatalities
2908,29.634703196347,16,7,66.7730173199635,0.357223945185719,83.64,3,33101.085724826,2,0.16646731576656,11568,Significant_Damage_And_Serious_Injuries
8405,69.3607305936073,8,1,71.0118505013674,0.23100685178507,79.09,5,28767.4921370382,2,0.0208654093668965,5082,Minor_Damage_And_Injuries
2763,25.662100456621,14,10,70.7383773928897,0.273560043274432,76.66,4,24545.78142223,1,0.0443025905213973,4738,Highly_Fatal_And_Damaging
7742,39.9086757990868,13,4,64.1294439380128,0.331259285971872,77.9,3,22941.1815763691,2,0.114141494579157,8053,Significant_Damage_And_Serious_Injuries
9509,27.5799086757991,17,3,62.5341841385597,0.400498377208799,80.46,3,21253.388520372,2,0.105168517981374,8534,Significant_Damage_And_Serious_Injuries
8118,57.1689497716895,8,5,89.2433910665451,0.25985647313379,80.05,6,35640.0523344145,1,0.0092343199017369,406,Significant_Damage_And_Serious_Injuries
6520,36.4383561643836,10,3,68.4138559708295,0.400498377208799,80.98,4,35320.9454536098,1,0.0656325412261426,6198,Highly_Fatal_And_Damaging
747,29.4063926940639,13,5,64.8131267092069,0.388237288135593,78.7,1,38266.75565052,1,1.4126370085277,7382,Highly_Fatal_And_Damaging
9432,33.1050228310502,15,7,65.1321786690975,0.466491886043996,77.78,3,11882.6009376622,3,0.0578625828464421,6982,Significant_Damage_And_Serious_Injuries
7725,4.65753424657534,20,5,69.644484958979,0.199632888568337,78.7,7,30696.568878763,1,0.0027047297686005,314,Highly_Fatal_And_Damaging
4089,18.7214611872146,19,9,82.2242479489517,0.371648755860079,84.33,6,56224.4463125981,2,0.0144743650411241,7320,Significant_Damage_And_Serious_Injuries
8457,39.4063926940639,10,1,38.3318140382862,0.740563288856834,82.16,4,38476.5659567678,2,0.0700961253409168,11874,Significant_Damage_And_Fatalities
239,56.62100456621,8,15,71.6499544211486,0.496423368193292,76.71,2,14865.9056452982,3,0.201266098410958,4743,Significant_Damage_And_Serious_Injuries
7657,23.0593607305936,14,15,56.1987237921604,0.399416516408222,77.47,6,29311.5725785883,2,0.0072035797065847,11256,Highly_Fatal_And_Damaging
3851,47.1232876712329,11,9,66.1349134001823,0.337750450775333,78.14,5,14532.7383864601,2,0.0123379841602936,3671,Significant_Damage_And_Serious_Injuries
1264,36.0730593607306,14,2,64.4940747493163,0.50796321673278,77.6,4,29091.2626956314,1,0.0528874696253254,4763,Significant_Damage_And_Serious_Injuries
2298,37.8082191780822,10,4,76.8915223336372,0.370566895059502,81.25,4,16209.2902996607,0,0.0296883507771248,8095,Highly_Fatal_And_Damaging
3381,54.8858447488584,15,4,76.5268915223336,0.492095924990984,86.57,7,16629.6337259716,2,0.0005027740120415,831,Significant_Damage_And_Fatalities
5731,72.3287671232876,7,2,62.0783956244303,0.485965380454381,77.36,2,47090.2569775878,3,0.63077436941814,9320,Highly_Fatal_And_Damaging
3015,31.1872146118721,12,5,61.7593436645397,0.430429859358096,82.72,3,29319.1060323609,1,0.145497843024578,1985,Highly_Fatal_And_Damaging
2249,58.1735159817352,15,3,61.6226071103008,0.656538766678687,80.98,5,33871.586283706,4,0.0236089231156199,4363,Significant_Damage_And_Fatalities
920,32.6027397260274,12,6,62.9443938012762,0.444854670032455,76.23,1,44739.9435207394,2,1.71077585281461,5719,Highly_Fatal_And_Damaging
9612,24.3835616438356,14,1,67.5478577939836,0.255168409664623,78.28,4,38605.1262744008,1,0.0704801840529321,4873,Highly_Fatal_And_Damaging
593,58.4931506849315,11,2,73.3363719234275,0.333423007573026,79.63,2,30068.5787324876,1,0.405852963176552,6335,Minor_Damage_And_Injuries
2825,42.3287671232877,12,4,61.8960802187785,0.381746123332131,80.22,6,39406.0129733101,3,0.0093983482120637,12284,Significant_Damage_And_Serious_Injuries
637,35.2511415525114,18,1,60.1640838650866,0.434396682293545,82.31,3,3855.7438170101,2,0.04858900398865,1876,Minor_Damage_And_Injuries
6891,69.4520547945205,8,2,58.3409298085688,0.383188604399567,79.1,2,30488.7969374164,0,0.411684928045418,10948,Minor_Damage_And_Injuries
584,41.0958904109589,13,21,53.4639927073838,0.477671114316625,80.23,2,44340.4415424806,3,0.600585392120449,2288,Minor_Damage_And_Injuries
1885,53.8812785388128,12,3,51.3217866909754,0.494259646592138,79.97,7,16629.6337259716,2,0.0010359524358996,5101,Highly_Fatal_And_Damaging
848,50.0456621004566,17,8,74.2023701002735,0.234973674720519,77.95,7,43755.4722245528,2,0.0037500668344686,6760,Significant_Damage_And_Fatalities
3452,28.9041095890411,13,0,45.6700091157703,0.491014064190407,77.69,1,37034.4056430355,3,1.35005026474898,8712,Significant_Damage_And_Fatalities
677,31.7351598173516,19,4,54.3299908842297,0.192059862964299,79.21,1,42018.9291056924,2,1.54445216241479,9968,Minor_Damage_And_Injuries
7098,50.0456621004566,17,0,69.7356426618049,0.337029210241615,78.34,2,51069.6208704514,1,0.691152160528896,10083,Significant_Damage_And_Fatalities
3848,76.6666666666667,6,12,65.9070191431176,0.338471691309052,76.28,2,42303.4059989138,3,0.572514343273642,6140,Minor_Damage_And_Injuries
1195,22.7853881278539,15,1,49.3163172288059,0.302049044356293,81.78,4,32880.6733545334,2,0.0604039658593619,11003,Significant_Damage_And_Fatalities
4718,16.986301369863,20,6,59.6171376481313,0.322965019834114,76.98,6,23279.0783462437,0,0.0053959424488761,5038,Significant_Damage_And_Serious_Injuries
5932,39.5433789954338,16,8,55.0592525068368,0.317555715831229,77.27,3,32919.0524774902,0,0.163429578564379,9728,Highly_Fatal_And_Damaging
6345,26.5296803652968,17,15,70.6927985414767,0.276805625676163,79.63,5,32269.0683506148,1,0.0219848426435965,4124,Significant_Damage_And_Serious_Injuries
9927,41.1415525114155,12,3,74.0200546946217,0.237498016588532,79.87,5,26266.3679590952,2,0.0172239467347377,9429,Significant_Damage_And_Serious_Injuries
8971,35.9817351598173,11,7,74.2935278030994,0.198190407500902,77.69,1,23690.6304006591,3,0.872917276628853,9329,Highly_Fatal_And_Damaging
4255,55.8447488584475,5,7,67.9580674567001,0.399055896141363,80.35,1,23295.8406121284,2,0.859867417828303,2425,Highly_Fatal_And_Damaging
5280,57.4429223744292,11,7,81.4038286235187,0.234252434186801,83.94,1,42820.7213445713,2,1.56591013730234,10756,Minor_Damage_And_Injuries
7060,52.1917808219178,13,7,69.4165907019143,0.323686260367832,80.03,4,42416.2704287528,3,0.0775419698101819,4829,Minor_Damage_And_Injuries
751,49.7260273972603,7,0,72.971741112124,0.391482870537324,82.26,4,33053.916313277,2,0.0598313484459099,4561,Highly_Fatal_And_Damaging
5406,40.3196347031963,13,0,61.8960802187785,0.26346267580238,84.56,6,47495.6595147704,0,0.0113283291184958,38,Significant_Damage_And_Serious_Injuries
1683,40.3196347031963,13,9,83.59161349134,0.255529029931482,78.31,6,38642.6410744549,0,0.0095556224164005,5395,Significant_Damage_And_Serious_Injuries
3307,37.2146118721461,10,2,57.8395624430264,0.29591849981969,82.31,7,44502.4966181395,3,0.0040094168155501,639,Highly_Fatal_And_Damaging
6391,20.5936073059361,19,14,29.4439380127621,0.606412549585286,80.71,6,46104.7029866108,0,0.0113283291184958,5046,Minor_Damage_And_Injuries
8190,22.8767123287671,19,7,54.147675478578,0.592348359177785,80.53,4,45290.8837505859,3,0.083610549525106,4392,Minor_Damage_And_Injuries
6912,34.337899543379,11,8,73.6554238833182,0.404104579877389,78.2,4,43204.1689916855,1,0.0783387334083711,3495,Highly_Fatal_And_Damaging
9510,55.4337899543379,12,1,66.1349134001823,0.419611251352326,79.8,5,21674.7237723003,2,0.0138046165219183,10041,Minor_Damage_And_Injuries
3963,28.8127853881279,16,1,54.3299908842297,0.375254958528669,81.57,1,30380.8615154131,2,1.11764943565971,10411,Minor_Damage_And_Injuries
8611,29.634703196347,20,12,57.6116681859617,0.422135593220339,77.16,4,27487.6888024332,5,0.0499833389656219,12227,Minor_Damage_And_Injuries
335,38.8127853881278,10,4,86.9644484958979,0.372009376126938,87.43,1,18897.2774645504,4,0.691594571833008,10455,Highly_Fatal_And_Damaging
1881,38.3561643835616,13,1,80.6289881494986,0.229203750450775,81.82,3,24759.2173609027,3,0.122797458811414,11106,Significant_Damage_And_Serious_Injuries
7900,38.2191780821918,13,2,80.9024612579763,0.350372160115398,77.34,6,28520.1977697407,3,0.0075149330575133,12483,Significant_Damage_And_Serious_Injuries
3824,54.1095890410959,16,7,72.8350045578852,0.364796970789758,78.11,6,32746.1554861564,1,0.008126749115812,6824,Significant_Damage_And_Fatalities
924,27.8995433789954,13,3,65.1321786690975,0.318637576631806,79.73,1,27761.9538583697,2,1.02511328238221,8952,Highly_Fatal_And_Damaging
2201,36.0730593607306,11,3,45.8067456700091,0.456033898305084,79.12,4,43562.3600966702,3,0.0801631199888322,9706,Significant_Damage_And_Fatalities
1959,52.3744292237443,6,6,42.9808568824066,0.645359538406058,79.64,5,5142.28607310439,4,0.0085309014094308,5746,Significant_Damage_And_Fatalities
9051,54.5205479452055,8,3,60.6198723792161,0.318637576631806,80.03,4,10850.5497369271,2,0.0015233035421831,6534,Significant_Damage_And_Serious_Injuries
7249,49.9086757990868,13,5,55.9708295350957,0.363354489722322,79.94,2,45878.8795912215,2,0.622444465973777,1923,Highly_Fatal_And_Damaging
1747,54.2922374429224,12,6,51.0027347310848,0.768691669671836,82.86,3,33020.6826803039,3,0.166010239858908,3502,Significant_Damage_And_Serious_Injuries
8978,48.310502283105,11,4,62.8076572470374,0.328734944103858,82.69,6,34172.7763897644,0,0.0084705843858861,852,Significant_Damage_And_Serious_Injuries
3103,46.2100456621004,11,0,62.7620783956244,0.280051208077894,79.15,4,21402.7601137385,3,0.0392500739871597,4968,Significant_Damage_And_Serious_Injuries
3773,52.4657534246575,13,1,82.1786690975388,0.318276956364948,83.6,2,35377.2441941688,3,0.47876329269109,5617,Minor_Damage_And_Injuries
6974,44.5205479452055,15,0,75.8432087511395,0.33883231157591,78.91,2,25688.5204959083,2,0.347298540906663,6909,Minor_Damage_And_Injuries
9101,41.7808219178082,12,9,69.5989061075661,0.3785005409304,81.78,5,28878.3958171383,2,0.0210316608109044,2549,Significant_Damage_And_Serious_Injuries
1235,47.9908675799087,11,1,84.0474020054695,0.270314460872701,81.53,1,22036.1723032917,3,0.813088558799784,12137,Significant_Damage_And_Serious_Injuries
9763,37.2146118721461,14,5,65.6791248860529,0.540058420483231,76.13,5,30951.3029879359,2,0.0210316608109044,10035,Significant_Damage_And_Serious_Injuries
8247,69.8630136986301,8,7,40.5195989061076,0.52960043274432,79.15,4,37237.1447369212,1,0.0688847896387925,7598,Significant_Damage_And_Serious_Injuries
4911,48.6301369863014,17,3,68.003646308113,0.452067075369635,76.89,7,13790.8744728662,4,0.000763558904105,2422,Significant_Damage_And_Fatalities
3866,12.6940639269406,18,6,38.1494986326345,0.754627479264334,79.03,6,44048.3653944557,3,0.0105196245590474,8338,Significant_Damage_And_Fatalities
8880,52.1917808219178,13,2,85.278030993619,0.2923122971511,81.63,5,35377.2441941688,3,0.0234203858008667,11497,Minor_Damage_And_Injuries
1819,46.1187214611872,15,3,72.3336371923428,0.268150739271547,79.09,2,39338.0906903955,2,0.534343511507069,7647,Minor_Damage_And_Injuries
6814,77.7625570776256,9,15,56.1987237921604,0.458918860439956,83.26,7,38745.5763009153,2,0.0037165658789909,5882,Significant_Damage_And_Serious_Injuries
7610,71.9178082191781,7,1,47.9489516864175,0.598839523981248,82.13,3,34791.9975752394,3,0.17306668059366,11912,Highly_Fatal_And_Damaging
9345,23.6529680365297,14,15,74.9772105742936,0.300606563288856,78.54,4,37119.5433800372,0,0.0685852010451031,421,Highly_Fatal_And_Damaging
6882,39.3607305936073,17,0,68.003646308113,0.362993869455463,84.01,7,54279.8866136332,1,0.0048048082941201,3346,Minor_Damage_And_Injuries
6536,28.9041095890411,13,15,58.2953509571559,0.508684457266498,77.74,4,45199.6611272208,3,0.0830504091252679,6501,Highly_Fatal_And_Damaging
1424,50.4109589041096,10,9,85.7793983591614,0.221270104579877,83.55,3,36676.100600582,3,0.183310929287326,9347,Significant_Damage_And_Serious_Injuries
8049,54.8858447488584,12,1,65.4512306289882,0.578644789037144,79.66,2,22671.8172128642,0,0.307623471832018,3549,Minor_Damage_And_Injuries
5975,23.3789954337899,15,5,80.4922515952598,0.218024522178146,79.33,1,31922.1003230797,2,1.16938261952195,12090,Highly_Fatal_And_Damaging
8748,29.2237442922374,13,3,58.158614402917,0.355420843851424,77.89,4,36292.1949816483,1,0.0667669966668297,7518,Highly_Fatal_And_Damaging
5139,42.4200913242009,12,4,74.5214220601641,0.40013775694194,78.09,2,20683.2245157714,1,0.279249740703571,5130,Significant_Damage_And_Serious_Injuries
8414,44.5662100456621,8,0,62.1239744758432,0.278608727010458,76.89,4,21402.7601137385,3,0.0395779155196466,5249,Highly_Fatal_And_Damaging
5102,33.1050228310502,18,12,59.8906107566089,0.465770645510278,79.4,2,29818.3011307671,2,0.403086320643623,905,Minor_Damage_And_Injuries
7498,36.027397260274,14,6,58.3865086599818,0.350372160115398,81.02,3,43887.3019722406,1,0.221846344719795,4159,Significant_Damage_And_Serious_Injuries
2742,38.8127853881278,13,0,61.5314494074749,0.424299314821493,77.78,3,35867.2301422482,2,0.18052770276599,5415,Significant_Damage_And_Serious_Injuries
3631,50.5022831050228,13,4,44.3938012762078,0.70233754056978,80.25,4,35769.9337769873,0,0.0652770328532724,8821,Highly_Fatal_And_Damaging
8911,62.4657534246575,10,6,65.5423883318141,0.278969347277317,77.23,2,42674.1929421019,2,0.578783519836537,3007,Minor_Damage_And_Injuries
1950,36.62100456621,14,5,61.485870556062,0.512290659935088,80.52,4,45329.8896427857,2,0.0827923767001147,4316,Significant_Damage_And_Serious_Injuries
1601,29.3150684931507,16,3,80.5378304466728,0.346765957446808,81.85,6,15487.5322673657,2,0.0035568774101538,741,Significant_Damage_And_Serious_Injuries
5175,63.6529680365297,10,1,71.1030082041933,0.375254958528669,79.93,2,29887.8059671659,2,0.404577060303128,9108,Minor_Damage_And_Injuries
2680,67.5342465753425,12,6,68.049225159526,0.158882798413271,78.22,1,26340.2994819596,2,0.979178721893077,901,Significant_Damage_And_Fatalities
2913,59.8173515981735,10,1,50.5013673655424,0.329095564370718,78.4,7,29213.8409826863,2,0.0029061129262465,9895,Significant_Damage_And_Serious_Injuries
4552,62.6940639269406,13,3,75.0683682771194,0.244710421925712,78.56,5,13696.9970624703,3,0.0025979797481065,4644,Significant_Damage_And_Fatalities
8951,34.6575342465753,11,5,53.7374658158614,0.432232960692391,81.08,2,28929.7446693501,1,0.392272811672583,11630,Significant_Damage_And_Fatalities
6808,40.3196347031963,13,9,78.1221513217867,0.391122250270465,76.4,1,17590.8270501035,1,0.660172964090242,2118,Significant_Damage_And_Serious_Injuries
424,24.1095890410959,14,2,71.0574293527803,0.2562502704652,77.16,4,37721.3310949746,2,0.0692154391987707,2051,Highly_Fatal_And_Damaging
8958,38.0365296803653,13,1,58.7055606198724,0.391122250270465,77.44,3,39848.6893071312,0,0.198468024369016,5559,Significant_Damage_And_Serious_Injuries
2071,24.6575342465753,18,4,60.4831358249772,0.381746123332131,79.45,3,22547.1952415476,2,0.111897062828597,2098,Significant_Damage_And_Serious_Injuries
5475,73.607305936073,10,22,57.5205104831358,0.473704291381176,87.1,7,30951.0633871869,3,0.0028125247804077,2304,Significant_Damage_And_Fatalities
4618,47.4885844748858,11,16,55.6973564266181,0.333062387306166,85.61,6,52015.7944241626,2,0.0128950518817826,7895,Minor_Damage_And_Injuries
5147,41.0045662100457,13,21,68.1403828623519,0.21297583844212,80.61,3,32374.9519273225,4,0.160237023074609,473,Significant_Damage_And_Serious_Injuries
8539,57.9908675799087,5,10,67.0464904284412,0.302770284890011,78.28,4,36722.3335730371,3,0.0670251454671363,2213,Highly_Fatal_And_Damaging
1482,38.7671232876712,13,2,68.1859617137648,0.237498016588532,81.07,3,27416.8061676674,2,0.135864511061758,6239,Significant_Damage_And_Serious_Injuries
3970,35.1141552511415,11,10,50.7292616226071,0.527076090876307,81.42,4,36601.5952977368,3,0.0678905095124799,11613,Significant_Damage_And_Fatalities
3460,41.0958904109589,16,8,55.1048313582498,0.307097728092319,80.95,2,40987.1094313103,4,0.553503805823988,2434,Highly_Fatal_And_Damaging
9988,60.2283105022831,4,7,67.6845943482224,0.294476018752254,80.44,3,30706.3547663233,1,0.153105656109876,7975,Significant_Damage_And_Serious_Injuries
253,52.9680365296804,9,3,72.6071103008204,0.307097728092319,79.36,6,36551.1605068481,3,0.0089225252417212,11557,Significant_Damage_And_Serious_Injuries
4081,25.9817351598173,14,3,59.6171376481313,0.426823656689506,77.25,4,21403.6699174049,3,0.0398611264038201,11243,Highly_Fatal_And_Damaging
5107,24.8858447488584,17,0,42.616226071103,0.663751172015867,80.9,5,36061.4324647463,2,0.0239597925051858,9763,Minor_Damage_And_Injuries
6791,43.37899543379,12,10,55.0592525068368,0.381024882798413,86.13,3,28403.2361107816,2,0.142232506047654,1780,Minor_Damage_And_Injuries
8165,30.7762557077626,19,2,50.9571558796719,0.527076090876307,79.97,2,57472.2115284175,2,0.741478293159132,9961,Highly_Fatal_And_Damaging
737,64.6575342465753,9,12,54.0565177757521,0.381024882798413,75.49,2,38600.7994052763,3,0.52135290526144,2140,Highly_Fatal_And_Damaging
508,36.9406392694064,17,1,70.2370100273473,0.357223945185719,80.96,4,26274.6928894615,4,0.0481186113732843,1652,Minor_Damage_And_Injuries
1272,40.6392694063927,13,1,76.6636280765725,0.281854309412189,79.99,3,27827.8514266594,3,0.138546714150985,3610,Significant_Damage_And_Serious_Injuries
8642,34.6575342465753,11,11,73.1996353691887,0.337029210241615,81.44,4,21620.8716439398,0,0.0397882618618052,3142,Highly_Fatal_And_Damaging
1384,39.634703196347,13,6,77.7575205104832,0.260938333934367,81.04,6,39739.718663767,2,0.0101310412085936,5332,Significant_Damage_And_Serious_Injuries
4422,44.7945205479452,8,22,57.2926162260711,0.475868012982329,77.08,3,36411.9266798379,1,0.181817781956416,10189,Highly_Fatal_And_Damaging
1251,68.4931506849315,11,0,60.7110300820419,0.368403173458348,84.38,7,831.69555342133,3,0.0012985721361449,829,Significant_Damage_And_Fatalities
1617,43.607305936073,12,5,40.2917046490429,0.692240173097728,82.58,3,32986.7833036824,3,0.16396237774711,4125,Minor_Damage_And_Injuries
794,37.4885844748858,14,11,66.4995442114859,0.430790479624955,76.2,5,30858.5431373534,1,0.0195855691124162,10782,Significant_Damage_And_Serious_Injuries
1337,45.2054794520548,11,3,67.0920692798541,0.413841327082582,79.94,6,32471.8667825378,2,0.007703672584395,5172,Significant_Damage_And_Serious_Injuries
8936,26.2557077625571,17,26,71.0574293527803,0.422135593220339,79.1,4,14682.3514161364,3,0.0263158471738954,11073,Significant_Damage_And_Serious_Injuries
3027,42.0547945205479,12,2,69.5077484047402,0.409513883880274,79.42,3,23573.0067284607,2,0.11743832832642,2074,Significant_Damage_And_Serious_Injuries
7123,16.4840182648402,16,0,65.1777575205105,0.312507032095204,85.04,2,23279.0783462437,3,0.3116315447563,10637,Highly_Fatal_And_Damaging
9972,57.1689497716895,8,5,77.4384685505925,0.309982690227191,80.78,6,27827.8514266594,0,0.0066561179659647,7482,Significant_Damage_And_Serious_Injuries
7928,37.2146118721461,10,2,56.1531449407475,0.345323476379372,79.22,4,32342.3133839545,0,0.0592292289020824,630,Significant_Damage_And_Fatalities
6849,28.9041095890411,13,8,63.3090246125798,0.30313090515687,76.04,4,33080.0431427359,1,0.05994597155975,12326,Highly_Fatal_And_Damaging
1713,38.8584474885845,13,23,71.6955332725615,0.205042192571222,81.29,5,31424.3927488377,2,0.0223033361226062,10246,Significant_Damage_And_Serious_Injuries
1375,44.4292237442922,8,2,66.7274384685506,0.316834475297511,77.02,5,42734.0613091042,1,0.0283736145115423,2131,Highly_Fatal_And_Damaging
2239,14.1095890410959,17,9,66.7274384685506,0.254447169130905,75.55,4,21193.4253281044,2,0.0382112476922794,10659,Highly_Fatal_And_Damaging
5430,56.027397260274,12,18,63.9015496809481,0.394007212405337,77.0,4,33607.4557979406,2,0.0615388804407856,12325,Minor_Damage_And_Injuries
1125,43.4246575342466,9,2,66.1349134001823,0.375615578795528,81.86,4,29322.7881463054,3,0.0525850364388885,3367,Highly_Fatal_And_Damaging
2441,70.0,8,6,68.5050136736554,0.37489433826181,82.22,7,49898.0501197341,2,0.0044289702451501,9447,Minor_Damage_And_Injuries
7377,43.6529680365297,12,2,58.3865086599818,0.465770645510278,82.02,6,43786.173360848,3,0.0106302255498573,2411,Significant_Damage_And_Serious_Injuries
3763,25.8904109589041,14,2,49.179580674567,0.402662098809953,77.39,6,26744.8667985702,2,0.006527849331634,1791,Significant_Damage_And_Fatalities
7291,26.4383561643836,17,14,70.6927985414767,0.330177425171295,79.24,6,29579.7879411663,2,0.0075137431053435,5429,Significant_Damage_And_Serious_Injuries
8976,76.027397260274,9,6,66.9553327256153,0.306376487558601,86.47,4,21374.9791131121,1,0.039455404263157,1689,Significant_Damage_And_Fatalities
8881,28.7214611872146,13,6,62.6709206927985,0.443772809231878,82.72,4,38081.2358451794,3,0.0698193987426945,9410,Highly_Fatal_And_Damaging
6098,33.013698630137,15,0,54.3755697356427,0.25264406779661,81.05,4,27350.1299160024,1,0.0503793565096615,2129,Minor_Damage_And_Injuries
3124,28.9497716894977,13,4,62.2607110300821,0.443772809231878,82.72,4,24892.5561259657,2,0.0462706745428268,4777,Highly_Fatal_And_Damaging
4472,38.5844748858447,13,0,67.0920692798541,0.383549224666426,80.14,6,34289.0143128188,1,0.0089756501725398,8499,Significant_Damage_And_Serious_Injuries
518,59.5890410958904,7,20,39.7447584320875,0.584054093040028,78.4,5,15196.4435200964,3,0.0109511184797237,9670,Minor_Damage_And_Injuries
2927,33.7442922374429,18,1,95.077484047402,0.256610890732059,79.6,6,22068.2222270981,1,0.0053740875577656,12457,Minor_Damage_And_Injuries
3766,56.7123287671233,15,6,67.4111212397448,0.352535881716553,81.15,7,26424.9508350846,2,0.0021852795760138,7749,Significant_Damage_And_Fatalities
2181,38.3561643835616,17,3,59.2980856882407,0.524551749008294,82.69,5,19433.6327994899,2,0.0125144123549024,1092,Minor_Damage_And_Injuries
9654,15.296803652968,17,2,38.7876025524157,0.59090587811035,76.89,1,31633.6906386513,2,1.16373844343373,769,Significant_Damage_And_Fatalities
3053,45.5251141552511,15,1,49.6809480401094,0.434396682293545,79.34,5,14874.3455650257,2,0.0121842629372386,8720,Highly_Fatal_And_Damaging
3469,60.4566210045662,7,20,67.4567000911577,0.276084385142445,84.03,7,32555.6438294962,1,0.0031347381808445,4672,Significant_Damage_And_Serious_Injuries
6580,51.5525114155251,16,3,81.7228805834093,0.29555787955283,82.66,4,31810.9878005079,2,0.0594145703785473,12315,Significant_Damage_And_Fatalities
6403,46.1187214611872,8,15,56.4721969006381,0.39292535160476,77.0,4,38524.2271801827,1,0.070322073016045,5605,Significant_Damage_And_Fatalities
2430,24.2465753424658,18,6,80.4466727438469,0.350372160115398,84.33,6,36011.634543554,2,0.0091463281126706,5238,Significant_Damage_And_Serious_Injuries
1505,41.0958904109589,13,1,48.2224247948952,0.589824017309773,80.25,4,41437.8040405652,0,0.0758867263611491,11899,Minor_Damage_And_Injuries
2000,39.4977168949772,13,6,77.7575205104832,0.301688424089434,78.28,3,40538.7808167345,4,0.200404041434698,6054,Significant_Damage_And_Serious_Injuries
8649,40.9132420091324,13,0,68.1859617137648,0.237498016588532,81.39,2,29306.9507519677,2,0.394504816380126,8540,Significant_Damage_And_Serious_Injuries
128,30.3196347031963,12,1,52.2333637192343,0.422496213487198,77.99,2,9666.94055790232,2,0.12212240073769,11248,Significant_Damage_And_Fatalities
8832,48.1735159817352,14,4,69.8723792160438,0.274641904075009,77.52,2,16673.2615031679,2,0.232539481970194,6804,Minor_Damage_And_Injuries
6648,5.75342465753425,20,2,74.1567912488605,0.223433826181031,78.58,4,31988.0198052666,4,0.0583819270530569,400,Highly_Fatal_And_Damaging
7199,55.3424657534247,8,7,41.2032816773018,0.692240173097728,75.63,4,24520.0599584225,2,0.0445660106164211,12211,Minor_Damage_And_Injuries
1855,36.027397260274,14,2,72.926162260711,0.259135232600072,79.17,6,35966.6706508269,2,0.00900372099201,4143,Significant_Damage_And_Serious_Injuries
3321,20.2283105022831,15,3,41.5679124886053,0.735153984853949,81.45,4,31682.6709389972,2,0.05735925500511,8708,Significant_Damage_And_Fatalities
3656,39.8173515981735,9,18,62.3518687329079,0.247234763793725,79.01,3,22999.9480219285,0,0.115148815425775,779,Highly_Fatal_And_Damaging
7685,26.3470319634703,13,22,62.8988149498633,0.288345474215651,77.16,4,20692.5240026338,3,0.0373196077530156,7034,Highly_Fatal_And_Damaging
4973,66.5753424657534,9,9,59.0701914311759,0.634180310133429,80.41,2,48457.3765488096,2,0.651813596276774,8035,Minor_Damage_And_Injuries
5638,54.4292237442922,12,4,50.7748404740201,0.618313018391633,83.28,2,20204.6489775497,2,0.277637542715051,233,Highly_Fatal_And_Damaging
4508,45.3424657534247,15,14,66.8641750227894,0.29591849981969,81.26,2,32301.4341762744,2,0.435983529967462,5010,Minor_Damage_And_Injuries
8168,32.5114155251142,12,5,66.2260711030082,0.610739992787594,81.76,4,21762.6987765703,3,0.0392842404749492,5962,Highly_Fatal_And_Damaging
5199,57.4885844748858,8,11,66.3172288058341,0.46108258204111,77.82,3,33284.9308408919,2,0.164634007734505,1083,Significant_Damage_And_Serious_Injuries