,Safety_Score,Days_Since_Inspection,Total_Safety_Complaints,Control_Metric,Turbulence_In_gforces,Cabin_Temperature,Accident_Type_Code,Max_Elevation,Violations,Adverse_Weather_Metric,Accident_ID,Severity
9864,23.6986301369863,14,15,74.9772105742936,0.300606563288856,82.49,3,31592.253491779,2,0.155336911574872,10076,Highly_Fatal_And_Damaging
8795,22.9680365296804,15,7,65.3144940747493,0.274641904075009,77.99,1,28921.6176492797,1,1.06483370509357,4655,Highly_Fatal_And_Damaging
2944,61.0045662100457,10,8,72.7438468550593,0.272838802740714,81.81,2,36048.3668190144,2,0.484710456352861,51,Minor_Damage_And_Injuries
9186,37.6712328767123,14,8,57.9762989972653,0.312507032095204,81.02,4,38817.0897087123,1,0.0710959797816375,596,Significant_Damage_And_Serious_Injuries
2992,11.0045662100457,18,2,51.1850501367366,0.487407861521817,77.82,1,20348.9050245361,2,0.750477041789785,1336,Significant_Damage_And_Fatalities
4722,51.2785388127854,10,13,63.126709206928,0.46108258204111,84.01,6,30147.9054384671,1,0.0075474211301194,2401,Significant_Damage_And_Serious_Injuries
1903,42.6027397260274,12,15,49.8632634457612,0.354338983050847,80.44,3,40442.7281475776,2,0.20122391367316,9551,Minor_Damage_And_Injuries
9830,54.8401826484018,12,1,40.2917046490429,0.59090587811035,78.03,3,38732.7086974327,2,0.193613017863946,2588,Highly_Fatal_And_Damaging
6790,6.57534246575342,19,6,75.7976298997265,0.375976199062387,79.69,4,24442.0329952916,1,0.0443042071804465,8260,Highly_Fatal_And_Damaging
6231,54.1095890410959,16,2,60.1185050136736,0.358305805986296,79.82,2,42621.8436108,3,0.576823927713424,11889,Significant_Damage_And_Fatalities
4601,26.5753424657534,17,1,89.1066545123063,0.334504868373603,77.36,3,40674.112655783,1,0.201586739441268,2538,Significant_Damage_And_Serious_Injuries
4162,28.9041095890411,13,6,50.6836827711942,0.481277316985214,77.74,4,36010.8964759583,3,0.0665314538675571,5574,Significant_Damage_And_Fatalities
7097,66.2557077625571,12,14,70.8295350957156,0.382467363865849,77.46,7,24423.5752794527,4,0.0021726582981774,8716,Significant_Damage_And_Fatalities
8359,33.7442922374429,11,2,61.485870556062,0.444133429498738,77.16,1,37060.2236393683,2,1.35839613360227,7903,Highly_Fatal_And_Damaging
5247,49.9086757990868,10,4,45.8067456700091,0.408071402812838,81.93,4,10864.3781533671,1,0.0072733127833943,4458,Minor_Damage_And_Injuries
5038,39.8173515981735,10,4,66.5907019143118,0.460721961774252,88.71,4,39242.3743782701,4,0.0717190222705393,9832,Highly_Fatal_And_Damaging
4646,40.7762557077626,16,12,56.517775752051,0.606412549585286,82.71,2,48162.8722893482,2,0.655799278013633,12253,Highly_Fatal_And_Damaging
3411,48.5388127853881,17,0,64.9042844120328,0.354699603317706,77.41,3,34758.9344410775,3,0.172539381894356,5013,Significant_Damage_And_Fatalities
6716,55.7534246575342,5,7,71.6043755697357,0.243989181391994,77.52,4,32124.9732288063,2,0.0586465282610382,11397,Highly_Fatal_And_Damaging
6663,16.8036529680365,16,9,75.6608933454877,0.388237288135593,76.6,1,38752.9477457052,3,1.42491830921864,877,Highly_Fatal_And_Damaging
9389,22.4200913242009,15,2,39.7903372835005,0.621919221060224,82.72,4,21762.6987765703,2,0.0397882618618052,11671,Significant_Damage_And_Fatalities
9939,18.310502283105,16,9,59.0701914311759,0.392564731337901,78.29,5,23487.7294956704,3,0.014990810229226,1408,Highly_Fatal_And_Damaging
9655,40.8219178082192,16,9,62.7164995442115,0.425020555355211,80.49,2,39482.9418262533,3,0.534664927361894,1463,Minor_Damage_And_Injuries
5367,30.5936073059361,19,9,71.2397447584321,0.328734944103858,80.7,3,33896.0232636711,2,0.167487830522777,7979,Minor_Damage_And_Injuries
4388,31.2328767123288,12,13,66.4995442114859,0.405547060944825,81.2,1,35522.8141162109,2,1.31166391799607,3513,Highly_Fatal_And_Damaging
5312,43.4246575342466,9,7,73.6098450319052,0.412398846015146,79.42,1,22474.7659595853,3,0.826800434167121,7040,Highly_Fatal_And_Damaging
649,32.0547945205479,15,6,62.0783956244303,0.287263613415074,78.31,6,43459.9317547451,2,0.0108122712134035,8398,Significant_Damage_And_Serious_Injuries
1923,50.5022831050228,6,1,70.464904284412,0.249759105661738,82.26,4,18418.6699875871,2,0.0344640314807206,7622,Highly_Fatal_And_Damaging
2974,21.2785388127854,15,1,65.587967183227,0.413120086548864,79.58,4,21762.5037953773,1,0.039655280345073,3753,Highly_Fatal_And_Damaging
705,41.9178082191781,12,1,35.8249772105743,0.705583122971511,79.89,6,32744.1706846197,2,0.0081169604188765,528,Minor_Damage_And_Injuries
9832,29.7260273972603,13,4,63.4457611668186,0.32116191849982,77.91,4,38835.975037127,1,0.0702953918638819,151,Highly_Fatal_And_Damaging
9322,61.1872146118721,7,10,80.4466727438469,0.413120086548864,83.99,3,34804.4674968751,2,0.173410918167831,10326,Significant_Damage_And_Serious_Injuries
1279,35.5251141552511,14,11,67.18322698268,0.27428128380815,77.1,6,40101.9196560567,2,0.0093078132694524,2847,Significant_Damage_And_Serious_Injuries
7005,33.7442922374429,15,0,80.355515041021,0.283296790479625,77.49,6,32761.0172950414,3,0.0078111809417281,8963,Significant_Damage_And_Serious_Injuries
271,77.6712328767123,3,10,51.8231540565178,0.380303642264695,83.5,2,15496.0861565499,1,0.217473855355897,9776,Highly_Fatal_And_Damaging
6113,6.02739726027397,21,0,52.8714676390155,0.431151099891814,77.82,7,35901.4803701807,1,0.0030220785773064,8216,Minor_Damage_And_Injuries
2409,37.5799086757991,14,4,69.8268003646308,0.258053371799495,78.21,3,39117.4599820194,2,0.196190986200713,3249,Significant_Damage_And_Serious_Injuries
1381,38.7214611872146,14,5,65.6791248860529,0.578644789037144,77.78,3,39759.0225919132,3,0.196796525569438,985,Significant_Damage_And_Serious_Injuries
103,32.1461187214612,12,5,73.5186873290793,0.404104579877389,76.02,1,37060.2236393683,3,1.35839613360227,6589,Highly_Fatal_And_Damaging
8153,33.1963470319635,11,2,65.6791248860529,0.368042553191489,76.64,4,29234.3163901548,0,0.05298780403596,5636,Highly_Fatal_And_Damaging
7624,45.0684931506849,15,3,60.6198723792161,0.452788315903353,81.93,2,16099.4774068421,2,0.209602822932632,9617,Minor_Damage_And_Injuries
171,48.7671232876712,14,33,65.4968094804011,0.329095564370718,81.75,2,42621.8436108,2,0.577773876497628,6487,Minor_Damage_And_Injuries
8695,50.8219178082192,10,1,81.2215132178669,0.254447169130905,79.04,6,24609.0335512452,2,0.0061243018320506,3307,Significant_Damage_And_Serious_Injuries
1677,44.2009132420091,18,1,52.8714676390155,0.328374323837,81.46,3,25852.3581994082,3,0.128711312514445,1026,Significant_Damage_And_Fatalities
8572,37.2602739726027,14,8,61.3947128532361,0.391482870537324,76.8,6,31993.458888341,4,0.0077834352630713,5406,Significant_Damage_And_Serious_Injuries
7696,80.958904109589,8,7,56.8368277119417,0.409153263613415,83.04,7,17582.7396691811,4,0.0015592742448195,11615,Significant_Damage_And_Fatalities
8691,16.1643835616438,17,5,85.4147675478578,0.481637937252074,86.43,2,53908.7975082545,0,0.695200433071823,6744,Highly_Fatal_And_Damaging
5864,22.1917808219178,15,9,55.6973564266181,0.42177497295348,76.26,2,40716.7142099663,0,0.55117256042946,3527,Significant_Damage_And_Fatalities
7369,33.9269406392694,11,4,86.5086599817685,0.362993869455463,80.66,4,20937.1705110465,1,0.0384089818644619,1203,Highly_Fatal_And_Damaging
3949,29.1780821917808,13,1,64.9498632634458,0.345684096646231,77.56,1,35104.5670299863,2,1.29384557291003,11976,Highly_Fatal_And_Damaging
1233,19.1780821917808,16,20,76.5268915223336,0.298803461954562,88.57,3,20524.2616566958,2,0.102005621691898,1546,Highly_Fatal_And_Damaging
7474,30.3196347031963,12,6,66.1349134001823,0.305294626758024,78.29,4,39985.2613160458,3,0.0732702541950152,7493,Highly_Fatal_And_Damaging
2681,64.8858447488584,13,7,62.306289881495,0.381024882798413,86.4,7,18272.7284846477,4,0.0016686306245456,3423,Significant_Damage_And_Fatalities
3546,26.3470319634703,14,2,68.7784867821331,0.413480706815723,82.07,1,22087.4860136636,3,0.812553201158861,2128,Highly_Fatal_And_Damaging
4968,55.5251141552511,12,1,64.9954421148587,0.386434186801298,76.95,5,33435.8541733318,3,0.0215739524915231,6497,Minor_Damage_And_Injuries
9067,30.0,13,11,77.073837739289,0.240743598990263,84.32,4,36963.934273338,3,0.0672593000875387,9485,Highly_Fatal_And_Damaging
4829,50.0913242009132,10,3,39.8814949863264,0.585857194374324,84.96,3,33576.0742769008,1,0.167683342524907,10825,Minor_Damage_And_Injuries
6979,48.4474885844749,14,6,72.0145852324522,0.351093400649116,79.22,2,42622.3715192289,2,0.579229481985553,9061,Minor_Damage_And_Injuries
9669,66.2557077625571,9,2,45.897903372835,0.668078615218175,81.81,4,26885.1576261271,3,0.0488975818320902,7744,Significant_Damage_And_Serious_Injuries
9487,23.6073059360731,14,15,74.9772105742936,0.300606563288856,78.54,4,30077.4161879637,2,0.0548654683705585,7288,Highly_Fatal_And_Damaging
6255,41.689497716895,13,17,75.2051048313583,0.525272989542012,79.53,6,38428.2020163946,3,0.0096826909798947,4852,Significant_Damage_And_Serious_Injuries
4111,22.8310502283105,15,2,47.2196900638104,0.438724125495853,79.46,2,27716.3461658188,1,0.37781960523515,5799,Significant_Damage_And_Fatalities
5286,29.5433789954338,13,3,74.7948951686418,0.265626397403534,77.09,6,43023.0169934209,3,0.0109841088913092,4220,Highly_Fatal_And_Damaging
2617,25.4794520547945,14,12,38.9699179580674,0.740563288856834,79.92,1,48583.5486330922,3,1.79007413943917,12335,Significant_Damage_And_Fatalities
2697,33.7442922374429,18,5,54.3755697356427,0.25264406779661,78.95,4,30448.4700050566,2,0.055607103600453,1320,Minor_Damage_And_Injuries
2478,46.8493150684931,14,10,85.7793983591614,0.289427335016228,83.56,2,31279.2591292097,2,0.424712504159189,10567,Minor_Damage_And_Injuries
2352,25.296803652968,14,1,76.5724703737466,0.286181752614497,87.62,3,29518.3315276388,1,0.147352118771716,6433,Highly_Fatal_And_Damaging
9485,48.1735159817352,14,8,64.1294439380128,0.442330328164443,80.36,2,34007.9856713151,4,0.459821320335647,11452,Minor_Damage_And_Injuries
638,13.7899543378995,17,4,62.5341841385597,0.237137396321673,76.45,4,45972.1359787677,1,0.0853685894709885,6199,Highly_Fatal_And_Damaging
666,43.972602739726,12,10,69.5533272561531,0.369124413992066,79.42,6,33346.9717068899,1,0.008502117361714,5017,Significant_Damage_And_Serious_Injuries
5775,52.4657534246575,9,0,55.6973564266181,0.500390191128741,76.32,6,23381.5905153679,1,0.005557064300179,2981,Minor_Damage_And_Injuries
7903,65.3424657534246,1,8,58.20419325433,0.312146411828345,79.43,2,28183.3231299795,2,0.382453188083348,11009,Highly_Fatal_And_Damaging
7739,35.7990867579909,14,4,71.6043755697357,0.227040028849621,77.91,6,40181.9844552875,1,0.0099299808091703,4256,Significant_Damage_And_Serious_Injuries
8207,25.8447488584475,14,3,61.7593436645397,0.322243779300397,82.53,1,27108.1286016377,1,0.993891141184969,3132,Highly_Fatal_And_Damaging
1587,57.1232876712329,8,19,64.9954421148587,0.38931914893617,86.43,3,30641.6477227636,3,0.153207762165885,9405,Significant_Damage_And_Serious_Injuries
2875,51.0045662100457,10,15,56.3810391978122,0.311785791561485,79.43,3,27384.8076695731,3,0.135825197385825,711,Significant_Damage_And_Serious_Injuries
9725,52.3744292237443,13,7,58.7055606198724,0.393285971871619,80.81,7,26424.9508350846,2,0.0020929365258833,10304,Minor_Damage_And_Injuries
4051,47.4885844748858,11,0,50.5925250683683,0.523469888207717,79.89,2,20134.1452289941,2,0.266623438582304,6337,Minor_Damage_And_Injuries
1174,35.4794520547945,17,8,43.0720145852325,0.508323836999639,76.52,3,44977.6137603199,3,0.222859387437907,11074,Highly_Fatal_And_Damaging
2202,63.3333333333333,6,1,52.6435733819508,0.307818968626037,76.65,7,36219.5213082148,3,0.0033245921784687,164,Minor_Damage_And_Injuries
7659,17.4885844748858,16,1,37.5113947128533,0.577923548503426,77.17,2,47505.4622906068,2,0.641805738503765,8711,Significant_Damage_And_Fatalities
5604,31.5981735159817,12,12,69.2342752962625,0.388597908402452,79.45,6,31651.9369994542,2,0.0081500785685214,7231,Highly_Fatal_And_Damaging
1064,65.7990867579909,5,2,58.20419325433,0.312146411828345,79.04,4,36898.9211538341,0,0.0670921890387285,10275,Highly_Fatal_And_Damaging
2185,28.0821917808219,13,5,59.1157702825889,0.426823656689506,85.11,5,30677.1054511937,2,0.0199273006311425,12119,Highly_Fatal_And_Damaging
7580,26.4840182648402,13,25,52.3245214220602,0.463246303642264,75.97,4,27476.9473307374,4,0.0503844630892246,1526,Significant_Damage_And_Fatalities
342,17.3972602739726,16,15,74.0656335460346,0.199993508835196,79.94,4,17117.8257190775,2,0.032193074705009,2275,Highly_Fatal_And_Damaging
3673,82.7853881278539,8,4,56.8368277119417,0.331980526505589,79.64,7,30197.0499678191,2,0.0028407164627522,9764,Significant_Damage_And_Fatalities
9835,25.296803652968,14,0,49.2707383773929,0.850913090515687,79.03,4,15656.6371844094,3,0.0284279690986392,7637,Significant_Damage_And_Fatalities
7420,4.93150684931507,20,6,89.8814949863263,0.215139560043274,78.7,1,38564.129227285,2,1.42564127604361,4452,Highly_Fatal_And_Damaging
2357,12.9223744292237,17,5,59.2980856882407,0.392204111071042,82.81,2,30757.5517000084,1,0.416258197098539,6899,Highly_Fatal_And_Damaging
2392,30.4566210045662,16,0,86.9644484958979,0.346405337179949,78.46,6,32825.2372071523,2,0.0082036562864502,2043,Significant_Damage_And_Serious_Injuries
5148,40.365296803653,9,1,75.38742023701,0.293394157951677,79.98,5,28024.9763079592,3,0.0183562908562267,5426,Highly_Fatal_And_Damaging
5583,44.337899543379,15,10,72.0145852324522,0.379582401730977,79.17,2,14348.077504495,2,0.17603090511794,4615,Minor_Damage_And_Injuries
5760,36.8493150684931,17,4,80.9480401093892,0.28870609448251,78.05,2,33924.8014530873,3,0.458859033557303,4899,Minor_Damage_And_Injuries
5309,32.4200913242009,12,2,55.3783044667274,0.321883159033537,88.47,4,30162.7965041591,2,0.0558847376979447,2276,Significant_Damage_And_Fatalities
5163,53.7442922374429,16,20,72.8350045578852,0.391122250270465,78.27,7,29289.6517614832,2,0.0027635053933695,10167,Significant_Damage_And_Fatalities
9000,38.4474885844749,13,1,53.0993618960802,0.286181752614497,82.43,4,12035.0797715641,1,0.0220243693545426,3905,Minor_Damage_And_Injuries
6414,13.7899543378995,17,3,62.5341841385597,0.258413992066354,76.55,4,31180.6080761859,0,0.0577759264269542,6028,Highly_Fatal_And_Damaging
3423,16.4840182648402,20,2,59.6171376481313,0.518421204471691,85.07,6,12598.3641491423,3,0.0033929371223631,10958,Significant_Damage_And_Serious_Injuries
2736,56.6666666666667,11,6,54.3299908842297,0.455673278038226,81.96,7,31631.3776117869,3,0.0027921631889671,11353,Highly_Fatal_And_Damaging
5355,63.1963470319635,13,19,71.8322698268004,0.388958528669311,76.33,7,24423.5752794527,1,0.0022956636410826,149,Significant_Damage_And_Fatalities
8715,63.2876712328767,9,1,53.2360984503191,0.457476379372521,84.41,2,26042.9934430378,3,0.352417125302481,3703,Highly_Fatal_And_Damaging
7876,48.7214611872146,10,7,68.9608021877849,0.412038225748287,84.23,1,42321.2915275766,1,1.55565382876586,12324,Significant_Damage_And_Serious_Injuries
4503,25.8904109589041,14,0,40.4740200546946,0.598118283447529,82.72,4,27012.0015458188,2,0.0490861678801767,6611,Significant_Damage_And_Fatalities
1488,23.3789954337899,15,4,63.9015496809481,0.456033898305084,78.67,7,19028.4936151418,2,0.0016033383209366,2294,Highly_Fatal_And_Damaging
9408,38.9041095890411,17,6,54.3755697356427,0.309622069960331,74.85,2,24451.819618031,2,0.330528596660346,12376,Highly_Fatal_And_Damaging
2548,33.2420091324201,15,2,64.2661804922516,0.50796321673278,79.46,3,32127.8884623933,2,0.159919770812086,9898,Significant_Damage_And_Serious_Injuries
2051,21.1872146118721,15,0,61.3491340018232,0.522748647673999,77.25,6,20993.9622286411,3,0.0052028898133687,5409,Highly_Fatal_And_Damaging
5830,42.4200913242009,12,17,88.0127620783956,0.271396321673278,79.63,6,26029.1632624791,2,0.0066034228367188,4078,Significant_Damage_And_Serious_Injuries
1745,36.1643835616438,11,13,65.4056517775752,0.35325712225027,79.73,4,34120.059024156,1,0.0621354412786752,6537,Highly_Fatal_And_Damaging
8282,25.5707762557078,14,2,50.8659981768459,0.527076090876307,76.27,4,49288.6355066503,3,0.0915074626693022,3727,Significant_Damage_And_Fatalities
7316,12.4200913242009,18,3,73.3363719234275,0.323325640100974,82.08,4,20146.9172518634,2,0.0373909164244532,4499,Highly_Fatal_And_Damaging
322,48.8127853881278,17,12,49.1340018231541,0.431872340425532,77.65,6,34547.3846104706,2,0.008357925668864,1552,Significant_Damage_And_Serious_Injuries
7802,35.296803652968,11,2,76.4813126709207,0.243989181391994,79.17,6,33319.4538870578,3,0.0085199329640938,794,Highly_Fatal_And_Damaging
4031,54.9771689497717,12,4,59.9817684594348,0.37489433826181,79.31,6,36365.817710587,2,0.0091970405707927,8598,Minor_Damage_And_Injuries
1413,35.2511415525114,18,8,67.6845943482224,0.343159754778218,78.18,4,38634.4918369471,1,0.070322073016045,6774,Minor_Damage_And_Injuries
6198,28.9041095890411,13,0,68.3682771194166,0.388237288135593,84.21,2,31748.2529497146,3,0.42863320847532,7589,Highly_Fatal_And_Damaging
7167,35.7534246575342,18,14,60.0273473108478,0.308540209159754,78.67,5,37917.1797061165,1,0.0268498356534474,6688,Minor_Damage_And_Injuries
2385,46.8493150684931,14,4,69.8723792160438,0.430790479624955,81.43,3,56901.2286582211,3,0.27447787565096,5078,Minor_Damage_And_Injuries
5804,19.1780821917808,16,4,73.2452142206017,0.238940497655968,79.16,4,25252.7452231213,1,0.0451516518630109,2420,Highly_Fatal_And_Damaging
6116,42.6940639269406,16,22,67.6845943482224,0.255529029931482,83.03,4,31925.7427834017,2,0.0583819270530569,4356,Minor_Damage_And_Injuries
1216,62.3287671232877,13,5,80.2643573381951,0.452788315903353,80.68,1,43754.1786822181,4,1.62466774612099,4451,Significant_Damage_And_Fatalities
8858,44.4292237442922,8,4,62.1239744758432,0.332701767039307,78.8,1,51183.8825645968,4,1.81855821625422,7826,Highly_Fatal_And_Damaging
1135,40.9132420091324,16,23,56.6545123062899,0.717483591777858,83.56,1,36463.5453790652,2,1.32920921097437,614,Minor_Damage_And_Injuries
8812,29.8630136986301,12,6,66.1349134001823,0.223433826181031,81.28,6,53751.5578173994,1,0.0127939398824036,2511,Highly_Fatal_And_Damaging
4547,45.296803652968,15,0,76.7547857793984,0.215500180310133,79.27,2,22004.4704078618,3,0.30011361651155,9258,Minor_Damage_And_Injuries
8898,55.8904109589041,12,3,59.9817684594348,0.273560043274432,79.28,6,39110.3958710801,2,0.0095037633351292,3580,Minor_Damage_And_Injuries
4049,56.027397260274,12,18,56.0619872379216,0.388237288135593,77.74,6,27903.5708666369,1,0.0067000798171221,10399,Highly_Fatal_And_Damaging
5283,30.7762557077626,20,2,53.2360984503191,0.273199423007573,85.9,4,35893.8768089408,1,0.0660248869185695,5611,Highly_Fatal_And_Damaging
3273,29.2237442922374,13,1,69.8723792160438,0.224876307248467,86.43,4,11328.5684848134,3,0.0201943376059806,2990,Highly_Fatal_And_Damaging
4926,55.0228310502283,9,10,66.3172288058341,0.287263613415074,78.11,7,34641.5118628154,2,0.0032871960948145,2804,Significant_Damage_And_Serious_Injuries
8624,28.0365296803653,13,7,61.3947128532361,0.430429859358096,75.94,3,27897.8067021377,3,0.138524831339105,80,Highly_Fatal_And_Damaging
7333,53.7442922374429,12,15,84.2297174111213,0.287263613415074,78.4,7,28885.5732444725,1,0.0025965984876385,1833,Minor_Damage_And_Injuries
3980,46.8949771689498,14,6,66.0893345487694,0.309982690227191,78.3,1,24554.5855122477,2,0.887893341795068,3416,Minor_Damage_And_Injuries
4535,60.365296803653,14,11,73.0173199635369,0.39292535160476,79.39,7,31652.7562487891,3,0.0028541965446328,2176,Significant_Damage_And_Fatalities
8015,23.6529680365297,18,7,78.0765724703738,0.397974035340786,87.34,6,49095.2502059493,4,0.0131871755343616,3976,Significant_Damage_And_Serious_Injuries
8239,68.0365296803653,8,0,85.4147675478578,0.434757302560403,85.72,5,41870.0262217125,3,0.0281059369478195,12371,Minor_Damage_And_Injuries
3914,42.0547945205479,19,9,69.1886964448496,0.380303642264695,77.07,7,14342.6906548112,3,0.0010359524358996,7585,Significant_Damage_And_Fatalities
3033,53.4703196347032,12,8,73.7010027347311,0.370927515326361,75.33,2,46273.2400084029,0,0.622444465973777,5422,Minor_Damage_And_Injuries
4776,47.5342465753425,11,9,74.7037374658159,0.337029210241615,81.79,3,34481.225822636,0,0.169435829021002,1766,Significant_Damage_And_Serious_Injuries
3329,9.58904109589041,19,1,70.6016408386509,0.291230436350523,75.25,4,12642.6820151813,2,0.0235660183479036,9714,Highly_Fatal_And_Damaging
6294,54.1095890410959,16,15,60.5287146763902,0.370566895059502,76.77,2,38767.3596027457,1,0.530620425913024,5669,Significant_Damage_And_Fatalities
7323,70.5022831050228,7,44,62.5341841385597,0.352535881716553,83.73,3,38971.5849739803,1,0.195566783180496,11801,Minor_Damage_And_Injuries
3495,55.5707762557078,12,14,63.947128532361,0.448100252434187,79.3,5,38068.0704053001,1,0.025793731905657,4674,Minor_Damage_And_Injuries
892,36.7579908675799,14,3,60.3008204193255,0.243989181391994,84.15,6,39996.5548245716,3,0.0097771217537689,7151,Significant_Damage_And_Serious_Injuries
8706,28.675799086758,13,6,62.7620783956244,0.279690587811035,80.86,4,43459.9317547451,2,0.0800323426961933,5620,Highly_Fatal_And_Damaging
2400,49.7260273972603,10,10,66.3172288058341,0.41095636494771,75.98,6,26277.0351261399,3,0.0065306456156929,8855,Significant_Damage_And_Serious_Injuries
1517,54.5205479452055,8,0,57.4293527803099,0.370206274792643,80.9,3,31639.1855021958,2,0.156343719423514,8461,Significant_Damage_And_Serious_Injuries
1605,32.8310502283105,15,7,74.2935278030994,0.304573386224305,78.54,1,40538.7808167345,3,1.5017863496592,2238,Significant_Damage_And_Serious_Injuries
5415,66.2557077625571,12,11,70.4193254329991,0.391482870537324,79.77,7,35561.5648695679,2,0.0030767705281173,10010,Significant_Damage_And_Fatalities
7807,36.986301369863,10,6,66.3172288058341,0.334144248106743,78.52,4,34921.555305988,3,0.0641501985769842,47,Highly_Fatal_And_Damaging
4325,32.7397260273973,19,7,51.0938924339107,0.63021348719798,81.66,5,48338.7786128591,2,0.0330801193794526,3234,Highly_Fatal_And_Damaging
5893,55.2511415525114,8,3,80.0820419325433,0.502914532996754,77.16,3,33346.7855725603,0,0.166419156005053,466,Significant_Damage_And_Serious_Injuries
7884,46.7123287671233,18,1,62.5341841385597,0.30313090515687,84.67,3,35803.9837737331,3,0.18052770276599,6361,Significant_Damage_And_Fatalities
1373,34.6575342465753,18,0,71.5587967183227,0.363715109989181,79.89,5,24905.0619902748,1,0.0166987552175787,8564,Minor_Damage_And_Injuries
3528,32.648401826484,15,0,56.1987237921604,0.345684096646231,81.05,4,34458.2967165505,4,0.0631021341380053,8500,Minor_Damage_And_Injuries
374,44.7488584474886,12,5,65.6335460346399,0.419250631085467,79.65,6,38140.7981125223,3,0.0092927954481451,5293,Significant_Damage_And_Serious_Injuries
5748,20.5479452054795,15,5,79.3983591613491,0.393285971871619,78.32,4,37773.3553764435,3,0.0697014282624186,1356,Highly_Fatal_And_Damaging
3000,21.324200913242,19,20,52.9626253418414,0.478392354850342,76.21,3,25239.6627058985,3,0.12514403561123,10725,Minor_Damage_And_Injuries
7538,44.6118721461187,12,13,51.0938924339107,0.644998918139199,77.12,6,39152.9933728058,2,0.0093710126338232,5241,Minor_Damage_And_Injuries
4834,49.3607305936073,14,2,59.1157702825889,0.375254958528669,79.32,2,28208.2593702175,2,0.379276810633701,11885,Minor_Damage_And_Injuries
9484,27.945205479452,17,6,60.0729261622607,0.52960043274432,77.86,2,34880.03713747,2,0.472049970530307,11935,Significant_Damage_And_Serious_Injuries
2758,27.5799086757991,17,1,57.2926162260711,0.444133429498738,79.03,5,18784.4086840282,4,0.0130313613858333,46,Significant_Damage_And_Serious_Injuries
9734,42.1004566210046,12,4,69.5077484047402,0.228482509917057,78.63,3,47572.0590615232,1,0.239876570361101,7643,Significant_Damage_And_Serious_Injuries
7047,32.1461187214612,12,6,88.4685505925251,0.245071042192571,79.31,3,33367.4120708558,3,0.164857538935295,541,Highly_Fatal_And_Damaging
5003,20.2739726027397,15,2,65.9981768459435,0.553401370357014,79.71,4,49288.6355066503,2,0.0915074626693022,8223,Highly_Fatal_And_Damaging
7126,19.6803652968037,15,44,54.7857793983592,0.513011900468806,81.89,4,47102.061741996,0,0.0867404728643644,1921,Significant_Damage_And_Fatalities
9283,41.7808219178082,13,14,84.8678213309025,0.265987017670393,83.29,6,26029.1632624791,3,0.0069957046787482,3158,Significant_Damage_And_Serious_Injuries
635,80.958904109589,8,35,53.9653600729262,0.341717273710782,83.08,7,37378.440261456,3,0.0036068347679468,11007,Significant_Damage_And_Serious_Injuries
9907,39.7260273972603,10,0,72.151321786691,0.276084385142445,80.21,4,19615.290329981,3,0.0361958432532648,7772,Highly_Fatal_And_Damaging
1804,31.2328767123288,12,2,55.3783044667274,0.240382978723404,79.89,1,32028.7420815426,1,1.18433439338999,9052,Significant_Damage_And_Fatalities
6566,57.7168949771689,11,0,61.3947128532361,0.328374323837,77.19,2,29984.2358223442,2,0.405792504765035,7056,Minor_Damage_And_Injuries
5835,45.4794520547945,11,2,56.8824065633546,0.331980526505589,80.02,6,33961.7400444918,4,0.0084043362460424,10037,Minor_Damage_And_Injuries
1663,58.8584474885845,14,9,78.5323609845032,0.308900829426614,79.99,2,33844.0986251459,3,0.46024803731341,8680,Significant_Damage_And_Fatalities
5558,46.8949771689498,14,17,68.5961713764813,0.507241976199062,75.35,2,46273.2400084029,0,0.628574319565372,9265,Minor_Damage_And_Injuries
492,51.9634703196347,13,7,79.3072014585233,0.283657410746484,77.13,5,45557.7701402935,2,0.0302458106880006,6159,Minor_Damage_And_Injuries
2900,49.0867579908676,14,1,72.151321786691,0.467213126577713,80.42,5,41870.0262217125,3,0.0287891983148949,5741,Minor_Damage_And_Injuries
2517,28.4018264840183,13,29,71.2397447584321,0.249759105661738,82.45,1,51049.3801500284,1,1.84388606166323,8841,Highly_Fatal_And_Damaging
8072,53.8812785388128,12,11,70.1002734731085,0.354699603317706,75.33,2,43310.6014766505,0,0.582155821255315,4840,Minor_Damage_And_Injuries
3702,57.4885844748858,8,4,79.3527803099362,0.413120086548864,78.83,3,42230.9202409014,2,0.210052409928981,4567,Significant_Damage_And_Serious_Injuries
6585,20.8675799086758,15,1,54.7857793983592,0.34965091958168,78.4,7,26238.3376242275,1,0.0024919431044031,11561,Significant_Damage_And_Fatalities
1011,56.7123287671233,15,12,82.1786690975388,0.275002524341868,79.99,7,23758.0297826798,3,0.0023282998207378,3563,Significant_Damage_And_Fatalities
9676,48.310502283105,11,1,41.2488605287147,0.645359538406058,79.35,5,24600.5650962669,1,0.0165134897469149,5251,Minor_Damage_And_Injuries
562,54.8858447488584,12,4,58.2953509571559,0.399777136675081,82.01,5,44888.1730165217,0,0.0289622518314474,5276,Minor_Damage_And_Injuries
6275,33.2420091324201,15,5,64.2661804922516,0.335226108907321,76.4,6,22429.3371752232,2,0.0050097972833765,6615,Significant_Damage_And_Serious_Injuries
3361,20.5022831050228,19,0,66.40838650866,0.523469888207717,77.4,3,36624.2796276571,2,0.182930118985126,9168,Significant_Damage_And_Serious_Injuries