,Safety_Score,Days_Since_Inspection,Total_Safety_Complaints,Control_Metric,Turbulence_In_gforces,Cabin_Temperature,Accident_Type_Code,Max_Elevation,Violations,Adverse_Weather_Metric,Accident_ID,Severity
9196,47.4885844748858,11,20,55.6061987237922,0.485604760187523,77.9,4,24737.3367850912,2,0.0453323988881035,2414,Minor_Damage_And_Injuries
962,36.2100456621005,11,2,70.1914311759344,0.482359177785791,84.51,5,36969.1983790329,2,0.0245030952312339,5417,Highly_Fatal_And_Damaging
6109,57.5342465753425,11,1,77.073837739289,0.242186080057699,83.17,2,34747.0264561264,3,0.47115359277493,5995,Minor_Damage_And_Injuries
5640,42.0547945205479,20,12,76.0255241567913,0.298803461954562,81.62,7,34338.5188608788,1,0.0032646245817578,10034,Significant_Damage_And_Fatalities
8663,52.3744292237443,9,11,66.3172288058341,0.283296790479625,80.03,4,44263.0435073702,2,0.0824157481424522,6661,Highly_Fatal_And_Damaging
5085,29.4063926940639,13,0,63.6736554238833,0.43259358095925,79.16,6,8706.41207763477,4,0.0029204344898001,5694,Highly_Fatal_And_Damaging
6190,29.634703196347,16,13,70.0091157702826,0.198190407500902,77.27,6,39117.4599820194,0,0.0093983482120637,8933,Significant_Damage_And_Serious_Injuries
2182,42.0547945205479,20,15,72.8805834092981,0.240022358456545,81.62,4,35684.8827698476,0,0.0654085850714836,11720,Significant_Damage_And_Fatalities
5928,79.6803652968037,7,14,56.7456700091158,0.311785791561485,83.87,7,24422.9434302412,4,0.0022456217739845,894,Significant_Damage_And_Serious_Injuries
2282,29.4520547945205,13,11,75.7520510483136,0.339192931842769,83.02,1,17157.8631807909,2,0.628408170433345,9953,Highly_Fatal_And_Damaging
1815,35.7077625570776,14,8,80.4466727438469,0.31358889289578,81.48,3,24377.0453612042,2,0.122498421064204,9493,Significant_Damage_And_Serious_Injuries
321,29.5890410958904,13,7,55.5150410209663,0.253004688063469,80.06,1,26770.2625354896,1,0.987183897224711,899,Significant_Damage_And_Fatalities
2109,21.2785388127854,15,15,81.2670920692799,0.201075369635773,75.97,1,12221.2510024507,1,0.3894869352415,2250,Highly_Fatal_And_Damaging
4175,57.1689497716895,15,2,74.7948951686418,0.224876307248467,80.45,7,16008.6132698744,3,0.000763558904105,312,Significant_Damage_And_Fatalities
2995,31.3698630136986,12,12,69.2342752962625,0.33161990623873,79.83,4,22736.3823339225,1,0.041833791060618,4661,Highly_Fatal_And_Damaging
8245,42.4200913242009,12,7,82.3154056517776,0.161046520014425,78.56,6,36929.4217155852,1,0.0092353588658826,12375,Significant_Damage_And_Serious_Injuries
8869,24.5662100456621,18,5,74.0200546946217,0.25264406779661,77.41,3,40416.9034791059,2,0.202628386150138,3271,Significant_Damage_And_Serious_Injuries
2056,52.1917808219178,13,11,78.9425706472197,0.390761630003606,84.2,6,37477.5074617678,3,0.0096944978895722,770,Minor_Damage_And_Injuries
1608,36.1187214611872,14,1,64.4940747493163,0.386434186801298,75.4,4,18869.5876217835,3,0.0344640314807206,8763,Significant_Damage_And_Serious_Injuries
7461,98.4018264840183,5,28,49.6353691886965,0.354338983050847,76.53,7,34738.058245002,2,0.0030797732865949,1331,Significant_Damage_And_Serious_Injuries
714,33.6986301369863,15,6,61.2123974475843,0.287263613415074,77.0,6,30419.6302841182,1,0.0072220594099722,8185,Significant_Damage_And_Serious_Injuries
8636,31.4611872146119,15,13,69.1431175934367,0.336307969707898,85.92,6,19458.9764892614,2,0.0042783441701889,2480,Significant_Damage_And_Serious_Injuries
22,44.8401826484018,8,2,80.5834092980857,0.249759105661738,78.21,4,45783.5276614128,0,0.0839917945185517,4830,Highly_Fatal_And_Damaging
292,43.2876712328767,12,10,77.8030993618961,0.327653083303281,79.02,3,37986.3456451741,2,0.189245731234536,10923,Significant_Damage_And_Serious_Injuries
3829,42.4657534246575,16,0,62.7620783956244,0.47190119004688,77.65,2,43812.8657268761,3,0.590221750336164,11210,Minor_Damage_And_Injuries
8355,36.027397260274,14,3,62.7164995442115,0.267790119004688,80.22,3,25474.3083165267,0,0.125493231955833,415,Significant_Damage_And_Serious_Injuries
2197,41.1415525114155,13,3,69.1431175934367,0.253725928597187,86.18,6,36790.5008094017,3,0.0086906732802662,10410,Significant_Damage_And_Serious_Injuries
6980,65.8447488584475,9,18,70.1458523245214,0.301327803822575,88.4,2,36389.9128217396,4,0.488446051686494,3366,Minor_Damage_And_Injuries
2817,28.8584474885845,16,7,52.461257976299,0.38931914893617,79.54,3,18842.7886746802,0,0.0963522969496773,2966,Minor_Damage_And_Injuries
4578,33.7899543378995,11,1,70.1914311759344,0.272838802740714,79.92,4,27619.7064200209,2,0.0505580952090882,6096,Highly_Fatal_And_Damaging
1711,76.1187214611872,9,6,67.4111212397448,0.463246303642264,86.47,7,29171.2113721281,3,0.0028541965446328,11042,Significant_Damage_And_Fatalities
83,27.8082191780822,13,5,65.1321786690975,0.390040389469888,78.66,7,26744.8667985702,2,0.0021957592815412,1208,Highly_Fatal_And_Damaging
8090,63.1050228310502,6,12,52.6891522333637,0.366960692390912,77.8,2,44097.2431589665,1,0.592942659255445,5495,Minor_Damage_And_Injuries
7114,60.4566210045662,7,20,66.4539653600729,0.346765957446808,80.03,5,35167.7193661579,2,0.0237065079134959,8309,Significant_Damage_And_Serious_Injuries
7350,49.9086757990868,6,3,73.746581586144,0.214418319509556,79.31,4,28684.0676385967,0,0.0531058897859763,6647,Highly_Fatal_And_Damaging
3014,35.1598173515982,11,0,63.9015496809481,0.401580238009376,76.56,5,46371.5275238705,2,0.0316848087451912,7688,Highly_Fatal_And_Damaging
2075,50.1369863013699,13,6,73.4275296262534,0.25264406779661,80.98,2,27855.9015760181,3,0.374914819213207,9189,Minor_Damage_And_Injuries
8202,63.6529680365297,10,0,80.2643573381951,0.297721601153985,79.94,2,48139.7159902045,0,0.653318296764309,10420,Minor_Damage_And_Injuries
6525,37.0776255707762,17,15,71.330902461258,0.414201947349441,76.33,5,34921.555305988,2,0.0233909421221586,2499,Minor_Damage_And_Injuries
8215,37.5799086757991,11,6,52.5524156791249,0.629852866931121,80.13,4,5142.28607310439,2,0.0178040949925781,3408,Significant_Damage_And_Fatalities
6956,53.7442922374429,16,2,74.7948951686418,0.325489361702128,83.07,7,48535.6561942994,0,0.0047645477199516,7883,Significant_Damage_And_Fatalities
4370,21.6438356164384,15,13,81.2670920692799,0.201075369635773,79.66,4,28994.8333817836,2,0.0531635622842917,3283,Highly_Fatal_And_Damaging
8497,16.8036529680365,16,15,69.1886964448496,0.455673278038226,81.18,2,20815.9142089448,1,0.281496382125296,5670,Highly_Fatal_And_Damaging
2719,40.7762557077626,13,20,82.7256153144941,0.228482509917057,81.24,6,36676.1776618015,1,0.00900372099201,8853,Significant_Damage_And_Serious_Injuries
6451,53.7442922374429,9,3,75.7064721969006,0.370927515326361,76.56,3,32649.4625071351,1,0.161430274694412,3101,Significant_Damage_And_Serious_Injuries
8621,55.7534246575342,5,0,73.8377392889699,0.369845654525784,80.64,4,55638.9032967776,2,0.100005416841789,8405,Highly_Fatal_And_Damaging
202,31.7808219178082,21,6,70.5560619872379,0.324046880634692,81.13,2,25151.6505157408,4,0.339470394778478,668,Significant_Damage_And_Fatalities
6204,52.4657534246575,13,7,85.0957155879672,0.199632888568337,77.95,5,45783.5276614128,2,0.0316153311067691,10679,Minor_Damage_And_Injuries
8039,20.5022831050228,15,9,86.6453965360073,0.312146411828345,82.31,4,29715.3910975432,2,0.0544392802512786,2423,Highly_Fatal_And_Damaging
4063,55.4337899543379,12,1,50.1823154056518,0.564219978362784,77.9,5,44244.6291824378,2,0.0297081807839066,7303,Highly_Fatal_And_Damaging
1480,29.7716894977169,12,2,78.1221513217867,0.276805625676163,79.68,3,38068.5442522449,4,0.189127877173483,4863,Highly_Fatal_And_Damaging
2993,42.1004566210046,19,9,53.9653600729262,0.634180310133429,79.39,6,47156.9384261401,2,0.0115992727931572,2840,Significant_Damage_And_Serious_Injuries
7894,33.8812785388128,15,2,69.644484958979,0.324046880634692,77.05,3,32150.910882931,2,0.160097408556503,931,Significant_Damage_And_Serious_Injuries
7399,24.3835616438356,17,2,84.1841385597083,0.240382978723404,80.98,3,22753.3132521245,3,0.113475552580789,202,Significant_Damage_And_Serious_Injuries
3529,16.3013698630137,16,17,59.1613491340018,0.298803461954562,79.66,3,26116.1340059494,3,0.129039751153255,10888,Highly_Fatal_And_Damaging
3059,46.8949771689498,17,4,69.9179580674567,0.2923122971511,82.66,7,47182.8146074081,3,0.0038021807801625,742,Significant_Damage_And_Fatalities
8755,37.6712328767123,14,0,68.049225159526,0.311064551027768,78.82,3,25093.1260664619,3,0.124336649713543,4713,Significant_Damage_And_Serious_Injuries
3143,44.8858447488584,8,0,58.5232452142206,0.46865560764515,82.8,4,25050.0244984021,2,0.0462706745428268,9814,Highly_Fatal_And_Damaging
8232,19.7716894977169,16,0,61.9872379216044,0.466131265777136,83.52,1,28817.1039612992,1,1.05500303749009,9762,Highly_Fatal_And_Damaging
2571,14.5205479452055,17,14,80.6289881494986,0.298803461954562,77.43,1,34124.3376982382,2,1.25007868278081,12418,Highly_Fatal_And_Damaging
2832,35.1598173515982,11,2,83.6827711941659,0.351093400649116,76.8,7,42374.4708608255,2,0.0038395449049863,6269,Highly_Fatal_And_Damaging
1545,77.8995433789954,3,6,58.6144029170465,0.416726289217454,83.72,7,28426.2598561677,4,0.0028679230021206,11494,Minor_Damage_And_Injuries
5578,61.8721461187214,13,20,65.4512306289882,0.323325640100974,86.1,6,28609.1259761055,2,0.0075816123522308,5901,Significant_Damage_And_Fatalities
2732,48.9954337899543,14,6,59.2980856882407,0.503275153263613,78.15,5,38382.6155037246,0,0.025816320539418,8706,Minor_Damage_And_Injuries
3819,0.913242009132421,21,1,62.0328167730173,0.42538117562207,79.88,6,25720.9164075718,0,0.0061836269176132,12177,Highly_Fatal_And_Damaging
5528,56.3013698630137,8,1,52.6891522333637,0.328374323837,78.06,3,31500.1793315168,1,0.156222076352634,8681,Minor_Damage_And_Injuries
4621,48.6301369863014,17,1,69.7356426618049,0.30313090515687,82.66,7,36566.3964795644,2,0.0032646245817578,7344,Significant_Damage_And_Fatalities
9127,62.7397260273973,6,2,82.3154056517776,0.309982690227191,80.07,3,21479.2851210825,3,0.10720324016291,374,Significant_Damage_And_Serious_Injuries
2124,40.5479452054794,9,24,60.9845031905196,0.416726289217454,78.64,7,47132.9571072998,2,0.0038780638585406,2041,Highly_Fatal_And_Damaging
8972,80.5936073059361,8,11,50.3190519598906,0.329095564370718,78.97,7,43564.0944400642,0,0.0038788687656562,5092,Significant_Damage_And_Fatalities
5883,23.4703196347032,14,8,45.5332725615314,0.491014064190407,76.87,1,38783.3566123134,2,1.42675995572906,4477,Significant_Damage_And_Fatalities
4326,47.4885844748858,11,13,43.5278030993619,0.485604760187523,79.89,6,40442.7281475776,3,0.010108419161522,2903,Minor_Damage_And_Injuries
9694,38.310502283105,13,0,92.1148587055606,0.179438153624233,78.54,4,42790.3357609339,2,0.0785727187769532,7666,Significant_Damage_And_Serious_Injuries
3582,45.5707762557078,11,1,62.7164995442115,0.425020555355211,79.32,6,27915.0920013095,1,0.0066870818066071,1053,Significant_Damage_And_Serious_Injuries
5092,63.9269406392694,13,4,75.8432087511395,0.28149368914533,78.67,7,13696.9970624703,2,0.001479959658289,11846,Significant_Damage_And_Fatalities
3253,28.9041095890411,13,0,48.7237921604376,0.520945546339704,81.44,3,38814.694103174,3,0.19346483217746,435,Significant_Damage_And_Fatalities
904,24.703196347032,18,16,38.7876025524157,0.654375045077533,79.25,2,18556.7700446195,2,0.236919313266494,10709,Minor_Damage_And_Injuries
5597,55.0228310502283,15,1,73.7010027347311,0.295197259285972,81.85,4,24784.6638712105,3,0.0452453456509353,9155,Significant_Damage_And_Fatalities
5022,62.3287671232877,13,0,70.6472196900638,0.462525063108547,76.93,4,32364.3522171259,2,0.0588715558622953,3655,Significant_Damage_And_Fatalities
6354,42.8767123287671,12,10,57.8851412944394,0.727941579516768,76.14,3,36159.9008773321,2,0.180019958907003,4074,Significant_Damage_And_Serious_Injuries
8844,62.5114155251141,13,0,56.1531449407475,0.372369996393797,80.81,7,34142.8282653348,3,0.0030861823176718,3025,Significant_Damage_And_Fatalities
4154,54.1095890410959,12,1,59.1613491340018,0.355060223584565,83.12,2,41368.5261033648,3,0.558462255265561,747,Minor_Damage_And_Injuries
6613,43.4703196347032,9,1,73.746581586144,0.296279120086549,79.08,4,39875.6120144522,2,0.0726141852542702,4662,Highly_Fatal_And_Damaging
1167,40.7762557077626,9,7,46.0802187784868,0.545828344752975,83.72,4,46283.8228895864,2,0.0847717786435794,4841,Significant_Damage_And_Fatalities
753,52.2374429223744,13,7,53.3728350045579,0.634180310133429,83.39,2,41874.6636548015,1,0.566805568689148,2906,Highly_Fatal_And_Damaging
431,25.5707762557078,14,2,56.9279854147676,0.523469888207717,75.67,4,12866.6100544267,1,0.0216622052761879,6227,Significant_Damage_And_Fatalities
1129,29.041095890411,13,0,82.3154056517776,0.184486837360259,80.55,6,53915.3329941275,1,0.0122327246872577,9298,Highly_Fatal_And_Damaging
3982,50.2739726027397,13,11,69.644484958979,0.460361341507393,83.08,2,16200.3364300591,2,0.214957084741899,10801,Minor_Damage_And_Injuries
4985,44.4748858447489,8,3,52.8258887876026,0.22379444644789,78.06,1,14840.4652848946,2,0.51302895528027,10158,Significant_Damage_And_Fatalities
5536,25.5707762557078,17,15,64.767547857794,0.551598269022719,77.27,6,38914.2802256648,1,0.0098936103088182,3476,Significant_Damage_And_Serious_Injuries
5794,28.2191780821918,13,6,64.4029170464904,0.32116191849982,78.59,4,27108.1286016377,3,0.0499833389656219,5749,Highly_Fatal_And_Damaging
5860,46.5753424657534,11,1,52.5979945305378,0.396892174540209,80.38,2,15496.0861565499,4,0.22104033381928,10664,Minor_Damage_And_Injuries
8419,65.7990867579909,9,18,68.9608021877849,0.255168409664623,83.32,2,30479.9802452678,4,0.409374818142981,3830,Minor_Damage_And_Injuries
506,48.4931506849315,14,1,80.5378304466728,0.218385142445005,76.77,2,37038.5414452765,2,0.503141110685375,7813,Minor_Damage_And_Injuries
3317,58.0821917808219,11,3,53.7830446672744,0.457476379372521,84.52,2,35695.8118180726,1,0.48369584645779,11307,Highly_Fatal_And_Damaging
6621,44.0182648401826,12,15,55.7885141294439,0.412038225748287,86.13,3,30428.3031280998,2,0.152337945102486,7186,Minor_Damage_And_Injuries
0,49.2237442922374,14,22,71.285323609845,0.272117562206996,78.04,2,31335.4768243775,3,0.424352083307853,7570,Minor_Damage_And_Injuries
7205,59.634703196347,14,7,38.9699179580674,0.635622791200865,75.71,7,25814.8468749981,0,0.0024614235589759,2967,Significant_Damage_And_Serious_Injuries
106,26.2100456621005,14,3,56.1531449407475,0.784558961413632,82.75,1,48583.5486330922,3,1.78191383868167,1739,Significant_Damage_And_Fatalities
9710,62.7853881278539,6,4,76.8915223336372,0.36768193292463,75.61,3,39092.0580179608,1,0.19520099345621,8350,Significant_Damage_And_Serious_Injuries
1022,46.6666666666667,11,1,68.8240656335461,0.278248106743599,81.46,6,21703.2159005865,3,0.005557064300179,6573,Significant_Damage_And_Serious_Injuries
5889,38.3561643835616,13,1,54.3299908842297,0.375254958528669,79.51,6,32058.503196196,1,0.0077369588674563,5385,Minor_Damage_And_Injuries
2133,18.9497716894977,19,5,59.1613491340018,0.456033898305084,76.87,3,22708.3165036149,2,0.113058050628457,5089,Significant_Damage_And_Serious_Injuries
3436,22.9223744292237,23,7,67.9580674567001,0.377418680129823,82.91,4,33735.8631764138,1,0.0619950696061957,3256,Minor_Damage_And_Injuries
6715,41.7808219178082,13,11,63.3546034639927,0.298442841687703,78.01,4,43459.9317547451,4,0.0803234247115428,4296,Significant_Damage_And_Serious_Injuries
5683,48.1278538812785,17,0,68.6417502278943,0.404825820411107,76.3,7,36324.9430018409,3,0.0032555182067985,15,Significant_Damage_And_Fatalities
9963,44.5205479452055,15,2,49.3163172288059,0.471540569780022,77.39,2,30701.4903580148,3,0.413957736616592,1370,Highly_Fatal_And_Damaging
5997,30.7305936073059,12,3,67.5934366453965,0.255168409664623,86.13,4,38524.3318943146,0,0.0705965089914202,4685,Highly_Fatal_And_Damaging
6924,28.675799086758,20,0,56.8368277119417,0.378139920663541,84.82,1,26365.3863181768,1,0.9710988332523,5686,Highly_Fatal_And_Damaging
1242,32.648401826484,15,13,73.1084776663628,0.317916336098088,76.56,6,38661.0770201153,2,0.0102092534364529,4775,Significant_Damage_And_Serious_Injuries
2486,44.9315068493151,11,2,73.4275296262534,0.297360980887126,79.08,6,45618.8570899891,1,0.0119468965853497,4375,Significant_Damage_And_Serious_Injuries
9118,30.1826484018265,13,8,66.6818596171377,0.355420843851424,78.49,7,37949.724386184,1,0.003578425309933,11638,Highly_Fatal_And_Damaging
6254,56.2557077625571,11,18,62.2607110300821,0.289066714749369,88.71,2,51010.5063788741,3,0.690878232165761,4273,Highly_Fatal_And_Damaging
7387,46.2557077625571,11,0,55.6517775752051,0.444854670032455,77.93,2,29784.2743594728,2,0.401935157666492,11130,Minor_Damage_And_Injuries
299,32.5570776255708,12,0,41.5223336371923,0.634901550667147,80.6,3,29017.2698657396,1,0.144784763505103,10121,Significant_Damage_And_Fatalities
8772,29.041095890411,20,3,48.6782133090247,0.510848178867652,78.9,5,33391.2869416829,2,0.0223891616717182,10093,Highly_Fatal_And_Damaging
3543,75.2054794520548,9,4,78.669097538742,0.245792282726289,79.88,1,26150.1797214222,1,0.957561433696264,11868,Significant_Damage_And_Fatalities
1067,20.5936073059361,19,9,53.5551504102097,0.717844212044716,80.65,3,45290.8837505859,2,0.225104799742964,3196,Minor_Damage_And_Injuries
9981,40.9132420091324,16,5,61.7137648131267,0.512290659935088,78.5,5,29541.2652852581,2,0.0202077464979155,7050,Minor_Damage_And_Injuries
5059,39.7260273972603,16,11,53.0082041932544,0.334865488640461,80.95,2,37999.3671044333,2,0.514732243183487,11336,Highly_Fatal_And_Damaging
702,43.1963470319635,15,9,70.2825888787603,0.328734944103858,80.35,2,26545.8277120036,2,0.359258711215434,6223,Minor_Damage_And_Injuries
73,58.9954337899543,14,7,73.0173199635369,0.32080129823296,82.49,7,52189.5365431102,0,0.0044929035955593,4950,Significant_Damage_And_Fatalities
8226,48.6301369863014,7,2,61.6226071103008,0.426102416155788,81.31,4,30372.7583025121,1,0.0561870785595682,8579,Highly_Fatal_And_Damaging
367,47.1232876712329,11,2,67.4567000911577,0.37489433826181,86.31,6,26852.6964035447,2,0.0069793472078992,8043,Significant_Damage_And_Serious_Injuries
4438,36.62100456621,11,4,73.746581586144,0.29591849981969,80.26,4,17735.214441938,3,0.0317004518773675,4309,Highly_Fatal_And_Damaging
1025,26.7123287671233,13,22,63.9015496809481,0.201435989902632,79.72,3,23362.5382988508,4,0.11620474523904,11593,Highly_Fatal_And_Damaging
4477,43.972602739726,15,4,62.1239744758432,0.28870609448251,80.55,1,43148.0017161796,2,1.62375240575535,10681,Minor_Damage_And_Injuries
1271,29.7716894977169,20,4,79.6262534184139,0.333783627839884,79.42,1,23811.1848692756,0,0.879176919566217,12241,Minor_Damage_And_Injuries
2187,45.5707762557078,8,17,48.5414767547858,0.514093761269383,79.45,1,39029.7335633133,3,1.45138366021503,4347,Significant_Damage_And_Fatalities
6463,38.7671232876712,10,2,37.8304466727438,0.571071763433105,83.0,4,33871.586283706,1,0.0621297655704834,5771,Significant_Damage_And_Fatalities
7710,37.4429223744292,17,11,75.3418413855971,0.388237288135593,82.17,2,25688.5204959083,2,0.344926674199494,1077,Minor_Damage_And_Injuries
2196,38.9041095890411,10,0,54.3299908842297,0.204681572304363,79.31,1,15261.9932578438,4,0.563737503783226,10735,Significant_Damage_And_Fatalities
7298,56.6666666666667,15,0,73.1996353691887,0.341717273710782,80.59,7,42273.6457278091,1,0.0039131157122984,11564,Significant_Damage_And_Fatalities
9894,42.283105022831,16,15,59.4804010938925,0.408071402812838,83.64,2,26158.0508321166,1,0.355905701736818,624,Minor_Damage_And_Injuries
7372,44.0182648401826,9,1,74.7493163172288,0.344962856112513,79.08,1,29221.5095687008,4,1.0963361566327,6445,Highly_Fatal_And_Damaging
2702,7.76255707762557,19,6,49.8632634457612,0.470458708979445,78.9,4,32187.5437770809,2,0.0586688995339389,9246,Significant_Damage_And_Fatalities
4579,33.8356164383562,11,1,41.5223336371923,0.409874504147133,74.95,4,19872.4691787797,2,0.035517130695692,6735,Significant_Damage_And_Fatalities
4261,68.9954337899543,11,1,56.608933454877,0.231728092318788,81.26,3,21723.6549068887,4,0.107908405084565,6100,Highly_Fatal_And_Damaging
7225,64.8401826484018,9,7,48.7693710118505,0.638147133068878,82.03,2,40580.5502390022,1,0.552348029450647,10962,Highly_Fatal_And_Damaging
1506,67.6712328767123,12,0,77.3017319963537,0.344602235845654,78.64,7,28815.0595298404,1,0.0025633107522683,7745,Significant_Damage_And_Fatalities
3620,43.013698630137,12,0,57.4293527803099,0.465410025243419,82.02,3,37921.073992065,2,0.188494927474794,825,Significant_Damage_And_Serious_Injuries
7668,58.7214611872146,14,7,73.4275296262534,0.222712585647313,78.3,6,19550.4236118066,0,0.0049722243516095,6943,Significant_Damage_And_Fatalities
7048,30.9132420091324,16,0,84.8678213309025,0.333062387306166,83.5,3,47530.9062148968,4,0.237190414799633,10242,Significant_Damage_And_Serious_Injuries
4153,32.7397260273973,12,16,73.1084776663628,0.290148575549946,79.63,1,43611.8162404295,0,1.62917056541141,12008,Highly_Fatal_And_Damaging
1567,30.3196347031963,12,0,54.3755697356427,0.527797331410025,78.63,4,29502.7634210532,2,0.0535933280335573,9673,Significant_Damage_And_Fatalities
6939,45.2054794520548,15,8,67.0920692798541,0.385352326000721,80.42,5,40406.3063322322,1,0.0279580962570193,8807,Minor_Damage_And_Injuries
547,20.8219178082192,15,2,39.7903372835005,0.577923548503426,77.74,1,32718.3677403417,1,1.20364148403587,2683,Significant_Damage_And_Fatalities
3636,39.8173515981735,13,15,69.2798541476755,0.440887847097007,78.56,6,53323.6708564959,1,0.0129833111717393,7352,Significant_Damage_And_Serious_Injuries
16,10.8675799086758,18,1,68.003646308113,0.309622069960331,82.08,6,47893.7179720062,3,0.0112415293720467,20,Highly_Fatal_And_Damaging
3199,32.3744292237443,12,21,47.1741112123974,0.721450414713307,83.58,4,43803.4361082034,3,0.0800334853925099,1321,Significant_Damage_And_Fatalities
7327,39.8173515981735,9,4,76.8459434822243,0.370566895059502,78.4,4,41917.3221674367,0,0.075850778236244,343,Highly_Fatal_And_Damaging
5913,26.5753424657534,17,8,76.7547857793984,0.307097728092319,78.12,6,49086.3279837267,0,0.0123576408107368,3615,Significant_Damage_And_Serious_Injuries
312,46.3926940639269,15,9,61.485870556062,0.533927875946628,78.5,7,52249.6101461372,4,0.0055506026085153,10206,Minor_Damage_And_Injuries
2819,45.0228310502283,15,10,89.5168641750228,0.229203750450775,78.76,2,36834.7828425541,2,0.501262149716751,298,Minor_Damage_And_Injuries
871,40.7762557077626,16,8,47.0829535095716,0.438363505228994,78.33,2,27716.3461658188,1,0.37567404024528,5269,Highly_Fatal_And_Damaging
3716,48.4018264840183,11,4,68.3682771194166,0.397974035340786,79.22,3,43704.6859749562,0,0.214762760356308,6102,Significant_Damage_And_Serious_Injuries
9682,37.4885844748858,14,7,66.6362807657247,0.29555787955283,81.56,6,14871.6649197146,2,0.0035568774101538,12044,Significant_Damage_And_Serious_Injuries
6725,33.1963470319635,12,14,76.6180492251596,0.371648755860079,82.53,4,34589.1544020152,0,0.0628420887479155,3214,Highly_Fatal_And_Damaging
7930,60.5479452054795,14,11,73.0628988149499,0.260938333934367,77.41,6,22253.1682025273,1,0.0053353160716145,6153,Significant_Damage_And_Fatalities
2983,40.9132420091324,13,2,73.8377392889699,0.269953840605842,78.35,3,46794.8062833652,2,0.231845913463668,4215,Significant_Damage_And_Serious_Injuries
1244,25.1141552511416,14,8,65.8614402917047,0.391843490804183,78.63,7,46847.45838576,3,0.0038918509197929,7107,Highly_Fatal_And_Damaging
2462,53.013698630137,6,7,58.4776663628077,0.311064551027768,80.92,4,35800.9556617624,2,0.0648977629890459,2164,Highly_Fatal_And_Damaging
3300,41.689497716895,19,11,82.8623518687329,0.43619978362784,76.69,2,28473.7861502813,3,0.384350598455968,6225,Significant_Damage_And_Fatalities
1253,40.0913242009132,13,0,66.9097538742024,0.420332491886044,88.71,6,38521.3038909916,2,0.0100809469366386,6068,Significant_Damage_And_Serious_Injuries
4042,38.4474885844749,10,7,85.5970829535096,0.263823296069239,81.7,2,22068.2222270981,2,0.300683552375606,1952,Highly_Fatal_And_Damaging
8063,68.7214611872146,11,15,69.0063810391978,0.373091236927515,88.48,2,38384.4318243461,4,0.520190230407246,10539,Significant_Damage_And_Fatalities
375,22.2831050228311,15,6,72.5615314494075,0.467213126577713,86.43,3,17869.2712881728,3,0.0892549623370623,11763,Highly_Fatal_And_Damaging
7869,35.2054794520548,11,2,77.3473108477666,0.269953840605842,81.25,4,28855.4186664743,2,0.0531058897859763,2567,Highly_Fatal_And_Damaging
7079,39.9086757990868,13,2,64.5852324521422,0.260938333934367,78.76,4,36375.38646361,2,0.0664512614802825,3487,Significant_Damage_And_Serious_Injuries
7587,18.1278538812785,19,18,55.9708295350957,0.315752614496934,80.02,6,33914.1168763119,0,0.0083982544312787,3616,Minor_Damage_And_Injuries
5885,19.9086757990868,16,8,76.9371011850502,0.381746123332131,89.19,3,47592.316643138,2,0.234985280834006,8762,Highly_Fatal_And_Damaging
1436,40.2283105022831,10,10,74.9772105742936,0.326571222502704,78.4,5,35683.7170907573,1,0.0245347549298593,8828,Highly_Fatal_And_Damaging
950,56.5753424657534,11,20,69.5989061075661,0.303491525423729,86.1,3,43364.8414997352,4,0.217596029133936,7414,Highly_Fatal_And_Damaging
9620,22.1917808219178,15,1,92.3883318140383,0.238940497655968,81.2,4,45712.5484301237,2,0.0830454489098009,5263,Highly_Fatal_And_Damaging
1535,29.0867579908676,16,2,41.6590701914312,0.447379011900469,78.13,7,41724.5687249952,3,0.0038370838977165,1816,Minor_Damage_And_Injuries
4584,31.7808219178082,12,1,62.7164995442115,0.443772809231878,82.73,3,36749.152662344,1,0.182930118985126,3040,Highly_Fatal_And_Damaging
8693,36.7579908675799,14,1,58.9334548769371,0.54041904075009,77.17,3,38800.9673142313,2,0.192532112277346,4538,Significant_Damage_And_Serious_Injuries
4044,77.6712328767123,2,14,64.767547857794,0.37128813559322,82.49,2,28213.4276195929,3,0.381682846576649,6325,Minor_Damage_And_Injuries
9073,37.5799086757991,10,10,60.8021877848678,0.370566895059502,76.73,1,23171.5450883006,3,0.849289067426471,4599,Highly_Fatal_And_Damaging
4652,42.8310502283105,15,3,58.3865086599818,0.204320952037505,79.22,3,18958.9284350624,0,0.0941747741034185,5756,Minor_Damage_And_Injuries
6598,41.2785388127854,13,13,61.6681859617138,0.456033898305084,77.02,6,40904.2991006534,1,0.0095253989393512,1753,Significant_Damage_And_Serious_Injuries
4823,40.9132420091324,16,23,67.3655423883318,0.352175261449693,80.7,7,47430.2732035325,3,0.004602863448925,9766,Minor_Damage_And_Injuries
4110,62.1917808219178,6,1,73.0173199635369,0.352175261449693,79.79,4,34982.9927274348,2,0.0640529720617364,94,Significant_Damage_And_Serious_Injuries
5396,46.9406392694064,14,3,46.0346399270738,0.484522899386945,81.17,3,18247.3728312848,3,0.0901334616176345,6928,Highly_Fatal_And_Damaging
9929,41.3698630136986,9,10,39.7903372835005,0.578644789037144,82.34,4,22327.5246569269,3,0.0408770658166928,6061,Significant_Damage_And_Fatalities