,Safety_Score,Days_Since_Inspection,Total_Safety_Complaints,Control_Metric,Turbulence_In_gforces,Cabin_Temperature,Accident_Type_Code,Max_Elevation,Violations,Adverse_Weather_Metric,Accident_ID,Severity
422,42.4657534246575,19,0,76.5724703737466,0.346405337179949,79.66,6,41401.7229807727,1,0.009523106474546,7235,Significant_Damage_And_Fatalities
1281,53.5616438356164,12,15,70.1002734731085,0.425020555355211,81.26,2,42371.6586881872,2,0.576201428940559,2361,Minor_Damage_And_Injuries
2920,62.3744292237443,13,13,63.2634457611668,0.32116191849982,78.01,7,43558.4831611401,3,0.0037624088321581,5366,Significant_Damage_And_Fatalities
2690,62.5570776255708,10,6,41.5223336371923,0.61939487919221,78.27,4,46296.737183495,3,0.085541759229966,11895,Highly_Fatal_And_Damaging
6831,72.4657534246575,10,2,59.5259799453054,0.416005048683736,79.69,7,33921.7026214133,1,0.0030614859382891,10683,Significant_Damage_And_Fatalities
1766,38.0365296803653,20,2,58.20419325433,0.4145625676163,82.0,7,24371.5142179798,2,0.002216364763074,1932,Significant_Damage_And_Fatalities
8403,73.3333333333333,7,6,64.9954421148587,0.371648755860079,81.14,2,36844.4611648139,2,0.503141110685375,7741,Minor_Damage_And_Injuries
5113,59.041095890411,7,5,39.7447584320875,0.417808150018031,74.74,6,38880.4007290491,1,0.0097799367878918,4586,Minor_Damage_And_Injuries
1893,52.3744292237443,16,0,76.4813126709207,0.492095924990984,82.12,6,49696.2613236884,2,0.0123600829136333,414,Significant_Damage_And_Fatalities
5713,12.9680365296804,18,0,75.432999088423,0.323325640100974,82.08,4,40004.2033150606,1,0.0722773748823849,6446,Highly_Fatal_And_Damaging
9457,32.8767123287671,15,1,69.0975387420237,0.390040389469888,78.25,1,32854.5589924577,3,1.2138584565258,5989,Significant_Damage_And_Serious_Injuries
8074,34.5662100456621,11,6,50.7748404740201,0.481277316985214,85.53,4,37212.1921502745,2,0.0680573980642769,3833,Significant_Damage_And_Fatalities
7986,50.2739726027397,16,7,54.7857793983592,0.599560764514966,80.19,7,34371.8627634336,3,0.003118626434593,4791,Significant_Damage_And_Serious_Injuries
4486,49.3607305936073,10,3,74.567000911577,0.224515686981608,79.76,3,19352.8761801669,3,0.0966196448634178,3958,Significant_Damage_And_Serious_Injuries
9921,18.3561643835616,20,8,69.7356426618049,0.230646231518211,76.74,3,47182.8146074081,0,0.23473522219048,9259,Significant_Damage_And_Serious_Injuries
3797,41.5068493150685,13,2,55.9252506836828,0.469016227912008,79.1,3,45002.0079321222,2,0.225104799742964,4154,Minor_Damage_And_Injuries
4218,44.703196347032,8,0,62.5797629899727,0.409513883880274,77.3,1,8335.48049352774,3,0.306645190585444,5939,Highly_Fatal_And_Damaging
1385,25.2511415525114,17,3,73.3363719234275,0.432954201226109,78.75,3,15991.4147574307,2,0.0782363458011667,4915,Significant_Damage_And_Serious_Injuries
2624,25.2511415525114,14,5,63.9015496809481,0.551958889289578,74.74,4,45857.9659867691,2,0.0827860671099331,1358,Highly_Fatal_And_Damaging
8135,42.283105022831,16,7,65.1321786690975,0.329095564370718,80.03,1,32562.5772352937,3,1.18304526786249,5439,Minor_Damage_And_Injuries
2730,42.4200913242009,12,8,54.9680948040109,0.442330328164443,81.86,2,52978.4790590023,1,0.729576237972483,8515,Minor_Damage_And_Injuries
8068,18.7214611872146,16,1,74.2479489516864,0.238940497655968,78.7,4,23049.1459255511,2,0.0422835255042087,1289,Highly_Fatal_And_Damaging
7478,40.2283105022831,9,10,76.8459434822243,0.397974035340786,78.5,4,37862.9199927159,3,0.0697482164177026,571,Highly_Fatal_And_Damaging
68,53.9269406392694,12,14,49.3163172288059,0.421053732419762,86.42,1,37120.1716684666,3,1.35839613360227,10724,Minor_Damage_And_Injuries
2503,35.0684931506849,11,7,54.876937101185,0.448100252434187,79.46,4,29784.7464710627,2,0.0544392802512786,7242,Significant_Damage_And_Fatalities
5422,35.2054794520548,11,1,80.0364630811304,0.360830147854309,77.89,4,45972.6225379351,3,0.0850182295154255,7960,Highly_Fatal_And_Damaging
4914,34.4748858447488,11,5,50.0911577028259,0.754627479264334,78.58,3,14353.5846630685,2,0.0728513382155746,643,Highly_Fatal_And_Damaging
9541,61.4155251141552,14,25,45.5332725615314,0.448460872701046,79.35,5,36259.9583956455,1,0.0252521458935222,7180,Highly_Fatal_And_Damaging
8100,38.2648401826484,10,1,77.028258887876,0.324768121168409,80.21,7,45031.0840390284,2,0.0040020039185331,1609,Highly_Fatal_And_Damaging
3364,54.7945205479452,12,1,63.7192342752963,0.494620266858997,77.16,5,33372.8197860987,3,0.0221343459049453,11597,Minor_Damage_And_Injuries
7433,65.3424657534246,5,5,58.8422971741112,0.54041904075009,83.56,1,43419.8755634569,1,1.60962628025298,8114,Highly_Fatal_And_Damaging
6179,40.7762557077626,16,11,53.2360984503191,0.524191128741435,82.71,1,21022.7432680221,3,0.775459295221691,5577,Highly_Fatal_And_Damaging
7157,4.93150684931507,20,4,74.1567912488605,0.270314460872701,82.02,6,23270.1330877074,1,0.0053428393020857,10265,Highly_Fatal_And_Damaging
3459,32.4200913242009,12,8,70.8295350957156,0.331980526505589,78.08,4,39140.6113678675,1,0.0717190222705393,7011,Highly_Fatal_And_Damaging
5378,31.1872146118721,15,0,57.1558796718323,0.282214929679048,81.68,4,18917.972732299,2,0.0338942196143558,5949,Minor_Damage_And_Injuries
5776,43.013698630137,12,3,82.3154056517776,0.18809304002885,79.76,3,29033.7904189909,3,0.145942988462053,827,Significant_Damage_And_Serious_Injuries
6201,68.675799086758,11,4,73.9288969917958,0.43619978362784,83.07,7,26023.2072563315,3,0.0023486603555845,4883,Significant_Damage_And_Fatalities
6310,50.1826484018265,13,0,67.18322698268,0.293394157951677,83.56,4,14871.6649197146,2,0.0263158471738954,8868,Minor_Damage_And_Injuries
5805,28.0365296803653,13,6,61.3947128532361,0.423217454020916,77.0,1,33393.5930883868,1,1.22817096868824,7199,Highly_Fatal_And_Damaging
4733,28.9497716894977,16,2,41.6590701914312,0.462164442841687,77.65,4,18491.7313994727,4,0.0340977244601301,10909,Minor_Damage_And_Injuries
96,20.958904109589,15,9,79.3983591613491,0.267429498737829,77.1,4,20146.9172518634,3,0.0379490753135521,9682,Highly_Fatal_And_Damaging
3688,30.7305936073059,19,1,67.8213309024613,0.386073566534439,76.1,6,46027.1814076448,2,0.0112415293720467,3143,Minor_Damage_And_Injuries
2583,45.0684931506849,11,1,52.5979945305378,0.417808150018031,81.89,6,42176.9222862854,2,0.0098196027988236,3126,Minor_Damage_And_Injuries
143,18.7214611872146,16,2,74.2479489516864,0.238940497655968,79.16,1,15576.828144154,2,0.589488708275267,11373,Highly_Fatal_And_Damaging
6380,40.8675799086758,9,0,74.7493163172288,0.334504868373603,79.25,4,27433.2558692257,3,0.0498088897494593,148,Highly_Fatal_And_Damaging
9712,55.7990867579909,15,21,60.7566089334549,0.527797331410025,81.71,6,24189.2775073753,3,0.0063009388346478,5090,Significant_Damage_And_Fatalities
464,36.7579908675799,14,1,79.8085688240656,0.275723764875586,81.03,3,33701.3739418717,1,0.168760794490034,2794,Significant_Damage_And_Serious_Injuries
4201,25.2511415525114,17,9,66.6362807657247,0.366239451857194,80.67,3,22804.7544864591,3,0.112754072698007,385,Significant_Damage_And_Serious_Injuries
6975,32.7397260273973,12,7,74.2935278030994,0.232809953119365,76.99,1,29123.2583793699,2,1.08896280542045,10283,Highly_Fatal_And_Damaging
138,59.8173515981735,14,0,74.567000911577,0.303852145690588,76.33,7,13696.9970624703,2,0.0013563647470172,9511,Significant_Damage_And_Fatalities
231,28.4018264840183,13,29,52.5524156791249,0.467573746844573,78.49,4,28416.8088509435,2,0.0515663632026278,10364,Significant_Damage_And_Fatalities
5896,55.4337899543379,15,3,59.9817684594348,0.484522899386945,79.09,7,19488.0055234635,3,0.0017206836649755,6607,Significant_Damage_And_Fatalities
320,22.1917808219178,19,30,66.4995442114859,0.387876667868734,82.46,6,30719.4991147123,2,0.0073470733651801,3946,Significant_Damage_And_Serious_Injuries
6500,45.3424657534247,15,31,70.8295350957156,0.339914172376487,78.04,4,14736.0329751579,2,0.0277814772558509,10427,Minor_Damage_And_Injuries
8023,74.1095890410959,6,9,73.6554238833182,0.334144248106743,77.5,4,30360.2984407479,3,0.0556599827434588,2416,Minor_Damage_And_Injuries
6925,47.351598173516,14,8,45.897903372835,0.623001081860801,85.1,3,45760.7560852147,2,0.227253121797105,5732,Highly_Fatal_And_Damaging
7203,57.4429223744292,12,7,81.4038286235187,0.365157591056617,81.36,1,43754.1786822181,3,1.62444555920038,12317,Minor_Damage_And_Injuries
3339,30.9132420091324,12,16,58.97903372835,0.345323476379372,84.48,3,27007.9663942613,3,0.134288189902806,2679,Highly_Fatal_And_Damaging
2940,39.4520547945205,17,4,78.9425706472197,0.32116191849982,80.5,1,35006.6478704957,2,1.29142485015568,7178,Minor_Damage_And_Injuries
8955,36.8949771689498,14,13,72.8350045578852,0.335947349441038,79.97,3,31993.458888341,3,0.159286052499828,10472,Significant_Damage_And_Serious_Injuries
3074,56.7123287671233,15,12,59.6627164995442,0.423217454020916,79.37,7,33387.8483064781,3,0.003266238390268,707,Significant_Damage_And_Fatalities
2053,33.8356164383562,15,1,79.8541476754786,0.215500180310133,75.68,3,16837.0598386233,1,0.0840330252227932,7183,Significant_Damage_And_Serious_Injuries
9960,31.0958904109589,12,25,60.9845031905196,0.584054093040028,78.2,4,21212.0283049257,2,0.0382474902668748,11183,Highly_Fatal_And_Damaging
6953,24.0639269406393,22,4,73.0173199635369,0.265987017670393,76.63,7,29660.9634883589,4,0.0027952760836706,7595,Minor_Damage_And_Injuries
4428,40.2739726027397,9,6,69.0519598906108,0.408071402812838,79.27,1,22002.7278267057,2,0.819092324798317,12291,Highly_Fatal_And_Damaging
5839,42.6940639269406,16,22,57.4749316317229,0.477671114316625,81.89,6,32937.2182500384,2,0.0081206442929888,7853,Minor_Damage_And_Injuries
6469,16.8036529680365,16,15,67.7301731996354,0.231367472051929,77.74,4,29368.5496527533,3,0.0537163727417456,6586,Highly_Fatal_And_Damaging
7822,44.3835616438356,15,5,82.0419325432999,0.317195095564371,82.09,5,4030.14112429673,3,0.0025979797481065,300,Minor_Damage_And_Injuries
1773,44.9315068493151,12,1,65.6335460346399,0.305294626758024,79.28,3,33141.6107312539,0,0.16646731576656,5926,Significant_Damage_And_Serious_Injuries
4648,56.4383561643835,12,0,55.8340929808569,0.363354489722322,79.21,2,40617.9788788948,1,0.550538133768456,9780,Highly_Fatal_And_Damaging
4059,30.7762557077626,19,2,44.3938012762078,0.339192931842769,79.57,3,21741.0794070774,2,0.107173257715093,11448,Highly_Fatal_And_Damaging
7647,47.4885844748858,11,16,54.6490428441203,0.474786152181753,75.54,4,24170.0895338431,2,0.0443042071804465,11892,Minor_Damage_And_Injuries
4301,91.2328767123288,6,3,55.0592525068368,0.508684457266498,78.25,7,31318.3160971791,1,0.0026681802404638,9754,Significant_Damage_And_Serious_Injuries
3075,58.4931506849315,11,2,73.4731084776664,0.297360980887126,76.93,1,28185.910470363,2,1.05028681182213,10693,Minor_Damage_And_Injuries
4385,49.6803652968036,7,1,78.9425706472197,0.207205914172377,78.86,4,41910.8098811917,3,0.0758160751129294,10443,Highly_Fatal_And_Damaging
3614,32.1004566210046,15,4,74.567000911577,0.275723764875586,75.71,6,33861.5536967773,3,0.0087401137286014,4183,Significant_Damage_And_Serious_Injuries
3269,60.5479452054795,14,11,80.5834092980857,0.293394157951677,77.41,7,48820.2733551817,2,0.0047467377616571,452,Significant_Damage_And_Fatalities
4074,27.7168949771689,13,2,74.7948951686418,0.361190768121168,79.85,2,37435.5727950293,1,0.508617991345571,3505,Highly_Fatal_And_Damaging
6777,36.7579908675799,10,6,66.3172288058341,0.547992066354129,82.81,4,32578.5943530981,2,0.0597560868165434,1296,Highly_Fatal_And_Damaging
5376,28.5388127853881,13,6,51.2762078395624,0.236055535521096,79.77,1,29133.3615239579,1,1.09257988690076,10521,Significant_Damage_And_Fatalities
9203,28.6301369863014,13,0,99.9544211485871,0.372369996393797,80.47,1,33737.3071201569,3,1.24112616899926,590,Highly_Fatal_And_Damaging
5651,44.4292237442922,12,14,56.563354603464,0.350011539848539,81.06,6,52015.7944241626,3,0.0121672842334221,10345,Minor_Damage_And_Injuries
7927,36.7579908675799,14,3,72.6982680036463,0.219106382978723,83.03,3,38942.250883069,3,0.195609414135821,165,Significant_Damage_And_Serious_Injuries
9329,58.7671232876712,14,5,64.4029170464904,0.488850342589253,79.01,6,28945.341699397,4,0.0073885106383996,3908,Significant_Damage_And_Fatalities
3981,47.7625570776256,14,1,71.0118505013674,0.52238802740714,79.89,2,42622.3715192289,3,0.579515445156363,7204,Minor_Damage_And_Injuries
5132,69.4520547945205,8,0,68.003646308113,0.369845654525784,78.13,1,41060.4258734818,0,1.50734589361924,8249,Minor_Damage_And_Injuries
7626,31.8264840182648,12,3,68.7784867821331,0.383549224666426,79.7,6,36292.1949816483,2,0.0083108875446027,10814,Highly_Fatal_And_Damaging
6269,54.2922374429224,9,2,75.4785779398359,0.370927515326361,76.32,2,31290.8093282879,2,0.423471023989516,431,Significant_Damage_And_Serious_Injuries
8723,44.4292237442922,8,3,62.1695533272562,0.278608727010458,78.8,4,21693.8235763697,2,0.039778086972713,6958,Highly_Fatal_And_Damaging
4023,45.3424657534247,15,1,72.8350045578852,0.329456184637577,81.26,2,49881.2703654481,2,0.678555591591014,8256,Minor_Damage_And_Injuries
2388,44.4292237442922,15,1,40.2917046490429,0.409874504147133,78.91,3,40296.8160759999,3,0.202363110539689,5664,Highly_Fatal_And_Damaging
2978,59.3150684931507,14,4,61.485870556062,0.220548864046159,78.95,7,44899.0705087481,4,0.0037845533395528,2467,Significant_Damage_And_Fatalities
8988,55.2511415525114,12,9,64.6763901549681,0.438002884962135,80.84,3,28403.2361107816,0,0.143183126568889,9654,Minor_Damage_And_Injuries
2782,45.7990867579909,11,29,72.2880583409298,0.207205914172377,82.15,3,30248.9349674802,3,0.150239798754167,1124,Significant_Damage_And_Serious_Injuries
352,62.4657534246575,10,6,85.278030993619,0.306737107825459,80.05,3,31326.1114601091,3,0.156222076352634,11265,Minor_Damage_And_Injuries
6675,75.4337899543379,10,1,59.1613491340018,0.46829498737829,86.39,7,28059.4669715016,2,0.0027335754620237,6350,Significant_Damage_And_Fatalities
7964,18.310502283105,16,4,57.8395624430264,0.309622069960331,80.96,3,36830.544529354,1,0.182930118985126,4729,Highly_Fatal_And_Damaging
1997,33.1963470319635,15,2,51.640838650866,0.258053371799495,81.92,1,27350.1299160024,2,0.991433466950959,2369,Minor_Damage_And_Injuries
3676,68.7671232876712,8,1,70.464904284412,0.272838802740714,77.82,2,14453.9679741217,1,0.178843572386274,6069,Minor_Damage_And_Injuries
6193,51.7808219178082,13,12,57.8851412944394,0.426823656689506,80.07,2,39313.0059564466,2,0.534664927361894,10983,Minor_Damage_And_Injuries
7832,39.634703196347,13,1,60.665451230629,0.43259358095925,82.19,3,46938.7093310522,0,0.233867615945716,1222,Significant_Damage_And_Serious_Injuries
3017,30.5936073059361,16,0,72.151321786691,0.413480706815723,82.25,6,23226.0148728971,1,0.0051739342360958,9210,Significant_Damage_And_Serious_Injuries
4933,42.9680365296804,15,8,73.4731084776664,0.338471691309052,82.49,2,37236.7491118675,1,0.504117435127591,10457,Minor_Damage_And_Injuries
6018,57.0776255707762,8,12,73.5186873290793,0.394367832672196,76.2,6,31378.0428279788,2,0.0076510888242451,2461,Significant_Damage_And_Serious_Injuries
8106,44.337899543379,12,1,65.1321786690975,0.330538045438154,80.77,2,23768.2796029631,3,0.320229608370603,6271,Significant_Damage_And_Serious_Injuries
3235,39.7260273972603,17,17,80.6289881494986,0.23100685178507,78.47,6,21267.7043733175,2,0.0053353160716145,12252,Minor_Damage_And_Injuries
7175,61.4611872146119,13,11,79.3072014585233,0.254086548864046,81.27,7,25486.8254567764,3,0.0022816943729445,5703,Significant_Damage_And_Fatalities
5096,21.2328767123288,15,3,67.6845943482224,0.505078254597908,80.85,2,49516.4424657654,3,0.678555591591014,10823,Highly_Fatal_And_Damaging
1053,16.1187214611872,20,4,82.2242479489517,0.434396682293545,79.8,3,40230.3528397513,3,0.199929006263749,5966,Significant_Damage_And_Serious_Injuries
152,47.351598173516,11,0,77.073837739289,0.32116191849982,77.86,7,32624.4911271595,4,0.003249481730425,722,Significant_Damage_And_Serious_Injuries
7969,30.9132420091324,12,3,79.0337283500456,0.390401009736747,83.94,3,22169.2085958915,3,0.109711641703001,10048,Highly_Fatal_And_Damaging
8848,19.5433789954338,16,21,61.0300820419326,0.263823296069239,82.14,2,20584.3239850503,1,0.278446237781689,9323,Highly_Fatal_And_Damaging
9930,41.324200913242,16,8,65.587967183227,0.34604471691309,78.24,2,54788.2470429217,1,0.77780180254329,9566,Minor_Damage_And_Injuries
859,62.6940639269406,13,3,47.4020054694622,0.438724125495853,77.44,7,28287.9926044483,2,0.0027478530316217,6142,Significant_Damage_And_Serious_Injuries
723,60.5479452054795,7,20,49.9544211485871,0.433675441759827,80.79,5,26088.9529282936,3,0.0172239467347377,10834,Minor_Damage_And_Injuries
887,22.648401826484,15,4,47.2196900638104,0.582611611972593,79.09,1,42207.8989235388,2,1.56365104590688,10929,Significant_Damage_And_Fatalities
620,75.296803652968,6,7,65.1321786690975,0.52599423007573,77.77,6,47882.5666610854,2,0.0113451946341208,9882,Minor_Damage_And_Injuries
2420,42.3287671232877,12,3,55.9252506836828,0.550877028489001,78.46,3,29541.1841118771,3,0.146834841957242,10666,Minor_Damage_And_Injuries
6592,60.365296803653,10,6,72.7438468550593,0.18052001442481,78.03,5,32944.3336789672,3,0.0224080310777914,334,Minor_Damage_And_Injuries
6199,68.8584474885845,11,9,81.5861440291705,0.296279120086549,79.62,7,36737.2575783467,4,0.0031216494865634,9275,Significant_Damage_And_Fatalities
3390,11.5068493150685,18,3,85.9617137648131,0.211893977641543,74.86,1,27464.488778077,1,1.0104081196839,11852,Highly_Fatal_And_Damaging
7810,23.6529680365297,14,0,76.6180492251596,0.228843130183916,80.98,4,33358.8046009305,1,0.0610195919364493,2348,Highly_Fatal_And_Damaging
5183,45.2511415525114,18,4,49.6809480401094,0.499308330328164,81.8,7,30664.9684488475,2,0.0026859599637447,3390,Significant_Damage_And_Serious_Injuries
4850,38.8584474885845,17,4,78.9425706472197,0.278608727010458,75.88,1,32625.7179340323,4,1.20865168020795,4116,Minor_Damage_And_Injuries
7879,32.9223744292237,15,0,69.5077484047402,0.255529029931482,76.48,1,42416.2704287528,2,1.55274182690122,5424,Significant_Damage_And_Serious_Injuries
3751,48.8584474885845,14,23,71.5587967183227,0.339914172376487,78.04,7,43511.6289698122,2,0.0041299947138364,2173,Minor_Damage_And_Injuries
1828,67.5342465753425,8,2,45.3965360072927,0.478392354850342,81.8,4,29654.872160627,1,0.0542862669246763,3361,Significant_Damage_And_Serious_Injuries
1876,33.3333333333333,15,0,67.0009115770283,0.50796321673278,80.72,2,23661.9454078897,3,0.321537842277719,7504,Significant_Damage_And_Serious_Injuries
5684,14.703196347032,17,0,52.8258887876026,0.449542733501623,77.74,4,20993.9622286411,2,0.0382112476922794,2327,Significant_Damage_And_Fatalities
9269,39.4520547945205,13,3,65.9525979945305,0.262380815001803,78.71,3,23506.5433138691,2,0.11615420110311,8385,Significant_Damage_And_Serious_Injuries
5524,46.62100456621,11,2,60.1640838650866,0.321522538766679,78.64,5,36656.5473460937,1,0.0248181588117236,12485,Significant_Damage_And_Serious_Injuries
6582,25.6164383561644,14,3,51.0483135824977,0.564219978362784,79.46,4,45610.728792073,2,0.0830290087358724,88,Significant_Damage_And_Fatalities
4238,61.324200913242,10,1,61.2579762989973,0.395449693472773,80.72,4,31639.1855021958,3,0.0571970099697241,3804,Minor_Damage_And_Injuries
3898,44.0182648401826,8,1,60.665451230629,0.476228633249188,79.34,4,24865.1960841046,2,0.0454494695366295,8555,Highly_Fatal_And_Damaging
7988,46.2100456621004,15,18,82.8623518687329,0.462885683375405,85.04,2,25814.2775225024,1,0.348598243853363,3368,Minor_Damage_And_Injuries
3170,47.9908675799087,11,1,56.1531449407475,0.556646952758745,87.34,6,44189.1782903536,1,0.0105196245590474,6732,Minor_Damage_And_Injuries
4720,41.7351598173516,16,6,66.8641750227894,0.251201586729174,81.86,2,25419.8015193351,1,0.339886381510903,1375,Minor_Damage_And_Injuries
4075,33.8356164383562,11,1,73.6098450319052,0.412398846015146,84.4,1,33963.8106036965,1,1.2490580969436,3184,Highly_Fatal_And_Damaging
6173,4.93150684931507,20,2,89.8814949863263,0.215139560043274,77.91,4,38564.129227285,2,0.0701503302031917,8856,Highly_Fatal_And_Damaging
6268,46.62100456621,8,3,73.6554238833182,0.368042553191489,77.17,4,41917.3221674367,3,0.0763205990087241,10116,Highly_Fatal_And_Damaging
2218,65.4337899543379,12,9,62.306289881495,0.289066714749369,78.52,7,31436.6445716366,3,0.0025616259996532,6656,Significant_Damage_And_Fatalities
441,76.62100456621,6,29,69.4165907019143,0.273560043274432,77.1,2,41493.4938799816,2,0.558462255265561,7175,Minor_Damage_And_Injuries
361,31.2328767123288,12,12,67.8213309024613,0.158882798413271,81.83,6,36027.6632015151,3,0.0085521564237038,4788,Highly_Fatal_And_Damaging
5630,38.4931506849315,17,13,59.9817684594348,0.283657410746484,80.01,2,27823.0505835169,3,0.37489100786849,10257,Minor_Damage_And_Injuries
6874,32.4200913242009,12,14,51.5952597994531,0.368042553191489,81.44,1,23086.070390943,1,0.845845626344203,1292,Significant_Damage_And_Fatalities
5237,27.3972602739726,20,1,73.6554238833182,0.394728452939055,79.74,7,24905.0619902748,1,0.0022941411095152,333,Minor_Damage_And_Injuries
1058,71.689497716895,3,0,56.3810391978122,0.271035701406419,80.33,6,37713.772281611,2,0.0098196027988236,7516,Minor_Damage_And_Injuries
5572,33.2420091324201,11,1,66.3172288058341,0.513011900468806,81.76,4,36445.5066953549,0,0.0664714737763402,2076,Highly_Fatal_And_Damaging
6247,72.8767123287671,10,7,66.3172288058341,0.278608727010458,77.27,7,16029.0812385471,4,0.0012345141894408,5935,Significant_Damage_And_Fatalities
1996,44.7945205479452,8,6,62.5797629899727,0.284739271547061,82.14,2,32996.0938469542,1,0.447798128438708,11244,Highly_Fatal_And_Damaging
1487,27.945205479452,17,6,60.0729261622607,0.381024882798413,82.98,3,25131.3222040264,2,0.125717901664781,1939,Significant_Damage_And_Serious_Injuries
6973,50.5479452054795,13,0,70.4193254329991,0.296279120086549,81.14,5,40360.2154058748,3,0.0272071381784127,6183,Minor_Damage_And_Injuries
8867,37.7168949771689,14,4,74.5214220601641,0.58729967544176,77.51,3,41696.2616017663,0,0.207361290677516,5910,Significant_Damage_And_Serious_Injuries
6449,21.0045662100457,15,29,63.9015496809481,0.379582401730977,76.22,4,49864.1333731725,1,0.0905402526442483,9943,Highly_Fatal_And_Damaging
5425,41.5068493150685,19,8,60.1640838650866,0.391843490804183,79.23,7,21725.9744764813,2,0.0020364034183657,2576,Significant_Damage_And_Fatalities
5784,43.3333333333333,15,15,63.7648131267092,0.421053732419762,76.82,2,23197.3294465658,2,0.309756512735612,8464,Minor_Damage_And_Injuries
5353,33.3333333333333,15,2,59.024612579763,0.278608727010458,79.21,3,18958.9284350624,4,0.0941747741034185,1956,Significant_Damage_And_Serious_Injuries
7494,55.7077625570776,12,23,76.9826800364631,0.294476018752254,80.8,6,18147.483466394,2,0.0047010236403803,11587,Minor_Damage_And_Injuries
6686,55.1598173515982,8,13,66.1349134001823,0.362633249188604,76.37,3,58297.4802661454,0,0.274062713800626,35,Significant_Damage_And_Serious_Injuries
3504,23.6529680365297,18,7,80.4466727438469,0.31358889289578,79.98,6,55177.5258411715,1,0.0149350181100928,5996,Significant_Damage_And_Serious_Injuries
3895,16.1187214611872,17,0,47.9033728350046,0.493899026325279,77.04,4,36683.4599205663,1,0.067847155870399,448,Significant_Damage_And_Fatalities
6532,36.7579908675799,10,0,79.8997265268915,0.289427335016228,79.71,4,51844.9407708145,2,0.0958258956683562,1734,Highly_Fatal_And_Damaging
6019,40.6392694063927,13,2,87.4658158614403,0.296279120086549,79.43,3,46306.1920701527,2,0.230849544177994,6210,Significant_Damage_And_Serious_Injuries
9553,28.2191780821918,13,5,57.2470373746582,0.211172737107825,81.1,3,27850.9170757979,2,0.139477070657384,1128,Highly_Fatal_And_Damaging
8761,53.1050228310502,13,0,43.6645396536007,0.735153984853949,77.25,6,39083.4123264333,1,0.0100247500426134,2200,Highly_Fatal_And_Damaging
7169,55.3424657534247,8,21,73.6098450319052,0.34965091958168,77.85,3,34199.8915692623,3,0.171753655949522,9296,Significant_Damage_And_Serious_Injuries
3351,45.2054794520548,15,0,83.9106654512306,0.186650558961413,86.08,5,40745.7685865635,3,0.0272944981522334,2760,Minor_Damage_And_Injuries
1975,25.7077625570776,14,5,33.9562443026436,0.607133790119004,79.74,7,31682.6709389972,1,0.0025586921894384,12010,Highly_Fatal_And_Damaging
3919,47.6255707762557,14,1,46.0346399270738,0.404825820411107,79.33,1,42902.3849751326,3,1.56620755459219,7690,Highly_Fatal_And_Damaging
6567,35.8904109589041,18,8,80.9480401093892,0.33161990623873,80.09,2,25605.0986574627,0,0.344926674199494,7304,Minor_Damage_And_Injuries
4357,49.1780821917808,7,0,79.8997265268915,0.134,78.64,4,22331.8751251695,1,0.0408770658166928,10742,Highly_Fatal_And_Damaging
2459,44.0182648401826,12,7,52.461257976299,0.392564731337901,81.37,6,40833.4652166856,2,0.0096178978002655,506,Minor_Damage_And_Injuries
7519,52.9680365296804,9,6,62.5341841385597,0.289066714749369,77.66,6,23792.1086071282,3,0.0062570619544909,11883,Significant_Damage_And_Serious_Injuries
7094,35.4337899543379,11,14,73.4275296262534,0.395810313739632,79.28,6,33944.6431410097,3,0.0084275714341822,7971,Highly_Fatal_And_Damaging
7562,35.1598173515982,11,1,57.2926162260711,0.441609087630725,82.13,3,13671.3751225996,2,0.0659238242008835,10881,Highly_Fatal_And_Damaging
2433,77.9908675799087,9,12,75.8432087511395,0.197108546700325,84.8,7,38728.4865016046,2,0.0034339365830663,10680,Significant_Damage_And_Fatalities
8845,73.2876712328767,10,11,69.5533272561531,0.361551388388027,88.48,2,46378.866911054,3,0.627545993999708,7468,Significant_Damage_And_Fatalities
115,30.1369863013699,16,3,53.281677301732,0.250119725928597,82.18,1,17318.5484826987,2,0.651623743243857,2300,Minor_Damage_And_Injuries
3090,66.1187214611872,12,5,60.1640838650866,0.306376487558601,78.36,7,30653.9244031523,5,0.0026711476016034,6565,Significant_Damage_And_Fatalities
2855,49.7260273972603,10,7,71.9690063810392,0.362272628921745,78.14,6,35974.8217427248,2,0.0092353588658826,6306,Significant_Damage_And_Serious_Injuries
7547,40.1369863013699,16,2,64.9042844120328,0.274641904075009,79.37,2,33355.8640395299,1,0.451609331339098,5031,Minor_Damage_And_Injuries
7317,42.9680365296804,8,4,47.1741112123974,0.410595744680851,84.52,4,19762.2608051792,3,0.0361958432532648,430,Significant_Damage_And_Fatalities
7465,62.7853881278539,10,6,54.2388331814038,0.456394518571944,83.9,2,20574.5487150508,1,0.279104058078208,12287,Highly_Fatal_And_Damaging
554,24.7945205479452,14,1,54.6490428441203,0.503275153263613,77.17,2,38033.854208112,1,0.515851431914473,1362,Highly_Fatal_And_Damaging
2788,53.7442922374429,16,20,61.2123974475843,0.416726289217454,81.91,3,15186.5079522167,3,0.0756091709686122,1976,Significant_Damage_And_Fatalities
2190,38.8127853881278,17,20,66.1349134001823,0.449542733501623,80.04,1,25958.1374625071,1,0.959037977829188,2433,Minor_Damage_And_Injuries