,Safety_Score,Days_Since_Inspection,Total_Safety_Complaints,Control_Metric,Turbulence_In_gforces,Cabin_Temperature,Accident_Type_Code,Max_Elevation,Violations,Adverse_Weather_Metric,Accident_ID,Severity
7444,25.296803652968,14,4,73.3363719234275,0.434396682293545,79.41,6,37773.3553764435,1,0.0093996944699357,210,Highly_Fatal_And_Damaging
401,61.0045662100457,10,3,79.3072014585233,0.324768121168409,79.83,2,33976.4553144446,3,0.459821320335647,7646,Minor_Damage_And_Injuries
1708,16.8036529680365,16,16,67.7301731996354,0.505078254597908,81.18,2,30757.5517000084,2,0.416258197098539,1281,Highly_Fatal_And_Damaging
1477,59.7716894977169,10,17,68.7329079307201,0.192059862964299,78.56,2,46546.8888050703,3,0.637297326574672,5688,Minor_Damage_And_Injuries
947,77.7625570776256,9,6,51.5041020966272,0.509045077533357,79.78,7,32473.8642120236,3,0.0032147936816056,7866,Significant_Damage_And_Serious_Injuries
8909,71.2328767123288,11,2,62.7620783956244,0.315391994230076,78.5,7,28153.6835624095,1,0.00285292274889,12337,Significant_Damage_And_Fatalities
6313,42.8767123287671,12,10,68.9608021877849,0.331259285971872,79.4,6,28101.3254768902,2,0.0066561179659647,5388,Significant_Damage_And_Serious_Injuries
1306,37.7625570776256,17,7,59.1157702825889,0.504717634331049,78.46,2,35540.8690617328,2,0.482687408542217,6211,Minor_Damage_And_Injuries
1797,46.1187214611872,15,24,74.9772105742936,0.281133068878471,79.99,2,27206.7774652661,2,0.367490581778457,11138,Minor_Damage_And_Injuries
4200,4.93150684931507,20,2,59.3892433910666,0.267429498737829,87.11,1,21997.4295032142,0,0.815688882056823,7825,Highly_Fatal_And_Damaging
2,63.0593607305936,13,16,66.362807657247,0.322604399567255,78.86,7,39269.0539266116,3,0.0033639069942974,2181,Significant_Damage_And_Fatalities
149,33.1506849315068,15,0,76.8003646308113,0.369485034258925,80.64,4,37935.8016532287,1,0.0692154391987707,4769,Significant_Damage_And_Serious_Injuries
6358,22.3744292237443,18,1,72.7894257064722,0.317195095564371,77.36,3,33108.5121785402,3,0.164679543699548,2988,Significant_Damage_And_Serious_Injuries
7025,32.1461187214612,12,14,85.5970829535096,0.312146411828345,80.07,3,29715.3910975432,2,0.147855294184092,1641,Highly_Fatal_And_Damaging
1092,35.2511415525114,11,7,45.8067456700091,0.456755138838803,85.26,6,47640.9683428423,2,0.0116764435606435,8393,Significant_Damage_And_Fatalities
4916,49.4520547945205,14,5,69.690063810392,0.416005048683736,77.89,3,47101.4857514357,0,0.236948192249694,807,Minor_Damage_And_Injuries
3960,41.1415525114155,9,5,80.9024612579763,0.291591056617381,83.38,1,27249.2882011085,3,1.00658436939197,2116,Highly_Fatal_And_Damaging
9799,43.013698630137,16,8,57.4749316317229,0.211172737107825,76.49,6,33495.7760928761,2,0.0091463281126706,6705,Minor_Damage_And_Injuries
4319,52.8767123287671,13,1,67.7757520510483,0.251922827262892,82.59,7,37772.6897005185,1,0.0035397863540265,2345,Minor_Damage_And_Injuries
4703,62.4200913242009,13,22,64.2661804922516,0.339192931842769,80.02,7,35719.9920681528,4,0.0030058698569469,3303,Significant_Damage_And_Fatalities
7554,12.3744292237443,18,7,75.432999088423,0.316113234763794,76.27,4,30726.5644703725,1,0.0565389335559622,1426,Highly_Fatal_And_Damaging
7827,41.1872146118721,9,0,69.5077484047402,0.42177497295348,84.0,3,47530.9062148968,2,0.237190414799633,3942,Highly_Fatal_And_Damaging
4766,20.365296803653,19,9,54.4667274384686,0.469376848178867,77.44,1,55934.468569702,2,2.04849047999187,766,Minor_Damage_And_Injuries
987,52.9680365296804,9,11,61.6226071103008,0.456033898305084,82.45,6,28878.3958171383,3,0.0075149330575133,5068,Significant_Damage_And_Serious_Injuries
9309,30.7305936073059,16,4,64.1294439380128,0.414923187883159,82.33,1,28193.962254837,1,1.04600375319121,7481,Significant_Damage_And_Serious_Injuries
9645,33.7899543378995,11,6,74.7493163172288,0.322604399567255,78.93,4,39662.1519115334,2,0.0728120877547151,4551,Highly_Fatal_And_Damaging
9888,39.4520547945205,13,2,89.2433910665451,0.245071042192571,79.17,4,23807.8541787822,2,0.0435688687075891,8130,Significant_Damage_And_Serious_Injuries
2589,39.1780821917808,13,0,72.1969006381039,0.42177497295348,79.39,7,41727.7322607161,2,0.0042445268454015,3135,Significant_Damage_And_Serious_Injuries
7907,8.53881278538813,19,1,76.0255241567913,0.394367832672196,78.95,6,21762.5037953773,2,0.0055107397932919,4534,Highly_Fatal_And_Damaging
3073,32.6940639269406,12,0,41.4311759343665,0.598118283447529,80.78,3,45075.2781182304,1,0.22568423147531,963,Significant_Damage_And_Fatalities
869,41.4155251141553,9,2,72.0145852324522,0.431151099891814,80.85,4,26023.2072563315,1,0.0478333679622759,7278,Highly_Fatal_And_Damaging
745,50.8675799086758,13,0,70.6016408386509,0.294115398485395,78.78,2,15487.6701714345,2,0.217473855355897,2754,Minor_Damage_And_Injuries
6434,20.4109589041096,19,5,47.9489516864175,0.510126938333934,77.78,3,44292.0072613337,2,0.221846344719795,12158,Minor_Damage_And_Injuries
8766,47.6255707762557,7,2,58.97903372835,0.449182113234764,78.09,7,14251.9158934857,1,0.0014552398810924,342,Highly_Fatal_And_Damaging
2489,54.1095890410959,12,6,57.5205104831358,0.463967544175982,84.52,2,36517.8760767438,2,0.492287322989391,8978,Minor_Damage_And_Injuries
3177,65.296803652968,13,16,70.4193254329991,0.394007212405337,78.51,2,9065.40417066948,2,0.11504654874931,754,Significant_Damage_And_Fatalities
2231,23.7899543378995,14,0,66.4995442114859,0.360108907320591,85.22,6,831.69555342133,1,0.0012063587479691,9169,Highly_Fatal_And_Damaging
1184,23.4246575342466,14,0,63.9015496809481,0.287624233681933,78.09,4,42659.8379450798,1,0.0784761948795453,5562,Highly_Fatal_And_Damaging
407,16.4840182648402,16,5,61.9416590701914,0.304934006491165,78.37,6,31365.239571318,2,0.0077465553627925,296,Highly_Fatal_And_Damaging
8065,24.8858447488584,18,9,82.9079307201459,0.337750450775333,79.2,6,32328.2199170687,2,0.0076540889104145,1680,Significant_Damage_And_Serious_Injuries
6878,27.1689497716895,17,2,72.0145852324522,0.413480706815723,81.15,1,18856.4834123892,4,0.683703597705298,6378,Significant_Damage_And_Serious_Injuries
4586,20.1826484018265,15,0,53.9197812215132,0.345684096646231,78.66,1,16868.7507825344,2,0.664870453860243,12148,Significant_Damage_And_Fatalities
4950,30.365296803653,16,12,66.4995442114859,0.256610890732059,81.88,6,40101.9196560567,3,0.0101249384175377,12203,Significant_Damage_And_Serious_Injuries
1616,69.9086757990868,8,2,56.7000911577028,0.517339343671114,79.21,6,38888.7530091818,2,0.0094568128594053,11284,Significant_Damage_And_Serious_Injuries
634,41.689497716895,19,4,55.9708295350957,0.309982690227191,76.12,3,30380.7345549793,2,0.15173451332276,9023,Significant_Damage_And_Serious_Injuries
2576,82.2374429223744,7,23,80.6289881494986,0.226679408582762,84.83,7,42820.7213445713,2,0.0039725312065608,10760,Significant_Damage_And_Fatalities
6656,59.1324200913242,11,1,65.6335460346399,0.305294626758024,86.57,2,28901.6079461952,2,0.391521518878939,1404,Minor_Damage_And_Injuries
4677,30.1369863013699,12,2,75.7520510483136,0.265987017670393,76.02,2,32625.7179340323,3,0.441091386952033,2632,Highly_Fatal_And_Damaging
7113,38.8127853881278,13,8,66.362807657247,0.430790479624955,77.28,6,26972.5039664084,1,0.0067684136153349,1767,Significant_Damage_And_Serious_Injuries
9117,52.5570776255708,13,5,85.0957155879672,0.269953840605842,80.16,7,35377.2441941688,1,0.0033339249750162,10968,Minor_Damage_And_Injuries
9302,30.1369863013699,13,3,54.8313582497721,0.357584565452579,80.0,4,38735.7513409735,3,0.0700961253409168,2784,Significant_Damage_And_Fatalities
8819,19.7260273972603,16,1,54.9680948040109,0.505438874864767,80.47,4,30056.8989424303,4,0.0544450648103602,3614,Significant_Damage_And_Fatalities
558,1.68949771689498,21,4,54.4667274384686,0.280772448611612,81.15,1,28475.1600066966,3,1.05028681182213,7368,Significant_Damage_And_Fatalities
7274,63.972602739726,6,6,58.1130355515041,0.432954201226109,75.12,3,34738.058245002,3,0.172361875338915,10146,Significant_Damage_And_Serious_Injuries
6760,49.6803652968036,7,5,85.4147675478578,0.270314460872701,79.79,3,37135.4299033652,3,0.185100239617324,11185,Highly_Fatal_And_Damaging
439,26.1643835616438,14,0,78.7602552415679,0.397974035340786,86.57,1,18897.2774645504,4,0.691594571833008,6058,Highly_Fatal_And_Damaging
2677,29.4063926940639,13,14,74.0656335460346,0.215500180310133,81.59,4,37066.9622418898,2,0.0671493086101149,1369,Highly_Fatal_And_Damaging
7870,19.2237442922374,16,6,70.510483135825,0.434396682293545,81.26,1,12542.5506074795,0,0.306645190585444,5205,Highly_Fatal_And_Damaging
4312,49.4520547945205,17,5,70.0091157702826,0.341717273710782,83.08,5,11025.734744313,3,0.0037554973204507,12122,Significant_Damage_And_Fatalities
3239,31.1872146118721,15,0,79.8541476754786,0.228843130183916,78.46,3,30009.4630842364,2,0.149641084203215,6070,Significant_Damage_And_Serious_Injuries
6552,37.1689497716895,14,16,59.0701914311759,0.267790119004688,76.49,3,30575.8127772809,2,0.151672484406703,7085,Significant_Damage_And_Serious_Injuries
1208,13.6986301369863,18,1,76.0255241567913,0.388237288135593,79.27,4,21762.5037953773,1,0.0397720627256488,576,Highly_Fatal_And_Damaging
6976,28.0821917808219,13,8,66.5451230628988,0.305294626758024,78.11,4,40524.8951127185,3,0.0743422954353934,5049,Highly_Fatal_And_Damaging
7565,44.0639269406393,12,7,66.4995442114859,0.430790479624955,77.4,1,28072.9877206237,1,1.04600375319121,9084,Significant_Damage_And_Serious_Injuries
8171,28.9041095890411,13,2,44.7584320875114,0.687191489361702,77.37,1,48855.4898240516,2,1.78728887212675,1882,Significant_Damage_And_Fatalities
3535,31.0958904109589,16,1,86.9644484958979,0.240382978723404,76.8,3,29575.3516590254,3,0.147077299443035,90,Significant_Damage_And_Serious_Injuries
8601,59.041095890411,14,2,62.3518687329079,0.461803822574828,79.83,7,34233.0433595664,3,0.0030310127111082,9285,Significant_Damage_And_Fatalities
3997,37.5799086757991,14,9,61.8960802187785,0.275723764875586,79.05,6,33355.8640395299,1,0.0082956386162939,10098,Significant_Damage_And_Serious_Injuries
5497,29.5433789954338,13,4,74.7948951686418,0.201435989902632,77.11,6,30077.4161879637,2,0.0070762570450458,7207,Highly_Fatal_And_Damaging
4085,12.1917808219178,18,5,75.432999088423,0.290509195816805,79.84,2,20313.4761672518,2,0.274727998472217,9998,Highly_Fatal_And_Damaging
9797,39.7260273972603,17,2,77.7575205104832,0.390401009736747,79.74,5,32133.4321785013,3,0.0214970113327098,7820,Minor_Damage_And_Injuries
4726,48.4018264840183,10,1,53.9197812215132,0.315752614496934,78.46,4,26685.2963627824,1,0.0494697995302419,8037,Minor_Damage_And_Injuries
2582,13.37899543379,18,12,50.6836827711942,0.527076090876307,78.13,1,35654.721933341,3,1.30897084115327,9503,Significant_Damage_And_Fatalities
8345,29.634703196347,20,22,60.8021877848678,0.48993220338983,78.52,4,25239.6627058985,2,0.0462706745428268,3682,Minor_Damage_And_Injuries
3279,56.7579908675799,8,2,65.0865998176846,0.431511720158673,80.72,3,27093.5445642043,1,0.133100818437916,5035,Significant_Damage_And_Serious_Injuries
2074,62.4657534246575,10,20,58.7511394712853,0.672406058420483,75.83,3,47156.9384261401,4,0.233684409670316,6566,Minor_Damage_And_Injuries
8124,44.4292237442922,15,2,68.003646308113,0.240022358456545,75.71,2,25598.804538292,0,0.346527327910913,5652,Minor_Damage_And_Injuries
5037,24.1552511415525,14,3,53.327256153145,0.395449693472773,75.2,4,24892.5561259657,1,0.045618295027618,54,Significant_Damage_And_Fatalities
3998,24.6118721461187,14,2,62.0783956244303,0.452788315903353,81.09,4,24892.5561259657,1,0.0453407640350258,2111,Highly_Fatal_And_Damaging
8920,64.5662100456621,9,11,73.6554238833182,0.448821492967904,80.01,5,37477.5074617678,1,0.0248162256986244,10168,Minor_Damage_And_Injuries
4377,50.7762557077626,13,8,45.897903372835,0.657981247746123,83.44,4,35387.6700736684,3,0.0648147786182977,12230,Highly_Fatal_And_Damaging
4896,18.9497716894977,16,12,64.4484958979034,0.330898665705012,78.55,4,22736.3823339225,4,0.0424140711996413,3298,Highly_Fatal_And_Damaging
3684,52.3744292237443,9,4,63.3546034639927,0.225958168049044,81.57,3,32094.8041801564,2,0.159982938476517,7075,Highly_Fatal_And_Damaging
3575,50.5022831050228,13,13,71.0574293527803,0.297000360620267,86.43,5,24211.3595104184,3,0.017715210491538,9278,Minor_Damage_And_Injuries
1900,42.9680365296804,16,22,78.669097538742,0.40374395961053,78.47,5,31363.1224768785,1,0.0207209616607708,11956,Minor_Damage_And_Injuries
2436,31.0958904109589,16,6,65.1321786690975,0.278969347277317,86.13,6,34524.3123296038,3,0.00890099870458,2749,Significant_Damage_And_Serious_Injuries
7771,35.1141552511415,15,14,37.8304466727438,0.600282005048683,84.51,2,42041.4474613388,0,0.569552534009889,5913,Minor_Damage_And_Injuries
5381,41.8264840182648,12,0,64.2206016408387,0.490292823656689,78.64,6,22277.1986501207,2,0.0054419694409998,7669,Significant_Damage_And_Serious_Injuries
1382,43.0593607305936,9,1,62.8532360984503,0.312507032095204,83.44,1,26641.2465110544,3,0.978454626515347,3124,Highly_Fatal_And_Damaging
7325,56.2557077625571,11,40,58.4776663628077,0.459640100973675,84.52,2,42049.7757475593,4,0.570472081679674,10267,Highly_Fatal_And_Damaging
3137,39.2694063926941,10,5,75.9343664539654,0.293394157951677,79.81,4,35683.7717435303,3,0.0648977629890459,12408,Highly_Fatal_And_Damaging
5944,78.4474885844749,8,1,74.7948951686418,0.334504868373603,80.67,4,30551.9144715984,2,0.0560106003796652,9697,Significant_Damage_And_Fatalities
8409,42.4657534246575,16,8,55.0592525068368,0.38210674359899,78.83,3,6543.68933703962,2,0.0325791108401254,3744,Highly_Fatal_And_Damaging
2858,33.8356164383562,11,5,50.0911577028259,0.745972592859718,78.37,3,28135.9173146792,3,0.140526429214543,4585,Highly_Fatal_And_Damaging
816,33.972602739726,15,0,84.9134001823154,0.248316624594302,82.44,3,39017.5759192136,2,0.194627896518072,6279,Significant_Damage_And_Serious_Injuries
9871,70.0,8,2,64.4484958979034,0.414923187883159,78.22,1,33179.9160046628,4,1.22062089579108,969,Minor_Damage_And_Injuries
4404,24.7945205479452,14,16,62.0328167730173,0.357945185719437,77.03,1,26397.2031206751,1,0.977273485934279,11314,Highly_Fatal_And_Damaging
5956,44.1095890410959,12,6,20.9662716499544,0.774822214208438,86.03,5,33020.6826803039,2,0.0221611608546171,7978,Minor_Damage_And_Injuries
4939,57.4885844748858,11,9,65.2233363719235,0.330898665705012,78.48,2,12376.5613732312,1,0.170460593515575,7721,Minor_Damage_And_Injuries
9997,27.8538812785388,17,1,69.5989061075661,0.318276956364948,80.37,3,33771.9962999398,3,0.168173042884736,612,Significant_Damage_And_Serious_Injuries
160,32.4657534246575,15,4,74.7493163172288,0.265626397403534,78.21,6,40416.9034791059,1,0.0095140991726005,879,Significant_Damage_And_Serious_Injuries
1466,51.2328767123288,13,14,57.383773928897,0.412038225748287,80.81,4,20375.8154327724,1,0.0373196077530156,6797,Minor_Damage_And_Injuries
6330,40.7762557077626,16,8,53.0082041932544,0.520945546339704,77.99,1,39565.8344826951,2,1.46134822160589,619,Highly_Fatal_And_Damaging
5845,48.8584474885845,17,2,66.5451230628988,0.383188604399567,77.04,7,11025.734744313,2,0.0014597965734335,4323,Significant_Damage_And_Fatalities
6528,64.1552511415525,9,18,41.5223336371923,0.575759826902272,77.08,2,38139.8518402774,4,0.515354630386689,11522,Highly_Fatal_And_Damaging
3360,52.3744292237443,9,14,50.9115770282589,0.645359538406058,76.63,6,21681.6612670211,3,0.0055107397932919,9102,Minor_Damage_And_Injuries
5498,37.5799086757991,10,10,74.9772105742936,0.368403173458348,77.65,3,24946.5314678191,2,0.123761057564859,3328,Highly_Fatal_And_Damaging
3545,28.8584474885845,13,12,62.2607110300821,0.375615578795528,80.53,3,33101.085724826,2,0.165002363929807,8984,Highly_Fatal_And_Damaging
9863,56.5296803652968,11,0,55.9708295350957,0.370206274792643,79.31,6,12320.2835343692,2,0.0029594191554096,6485,Highly_Fatal_And_Damaging
9361,50.1369863013699,14,6,55.8340929808569,0.434396682293545,85.61,2,32017.1188487045,2,0.431054505868359,5435,Highly_Fatal_And_Damaging
669,69.7260273972603,8,2,71.0574293527803,0.272838802740714,75.58,4,14453.9679741217,1,0.0261055313866679,2775,Minor_Damage_And_Injuries
2101,49.5890410958904,10,3,73.0628988149499,0.242186080057699,79.99,3,12479.625278258,4,0.0578625828464421,803,Significant_Damage_And_Serious_Injuries
5366,32.9223744292237,15,2,69.5077484047402,0.230646231518211,79.09,3,47572.0590615232,2,0.239876570361101,8176,Significant_Damage_And_Serious_Injuries
87,33.1050228310502,18,5,68.7784867821331,0.265265777136675,78.17,1,35553.1857893287,2,1.30833972726219,5386,Minor_Damage_And_Injuries
4321,48.4018264840183,11,2,48.2680036463081,0.42898737829066,86.36,3,42615.8389199835,4,0.211728167404242,3785,Minor_Damage_And_Injuries
3115,50.3196347031963,6,1,78.0765724703738,0.241104219257122,77.85,5,28684.0676385967,1,0.0187014909382164,2193,Highly_Fatal_And_Damaging
3609,52.7397260273972,9,14,54.7402005469462,0.474786152181753,77.08,3,29542.2935498954,1,0.147082418871215,11901,Minor_Damage_And_Injuries
3264,31.5068493150685,16,4,66.2716499544212,0.417447529751172,82.33,1,32337.3176953635,1,1.1867680681606,9224,Significant_Damage_And_Serious_Injuries
7533,49.0867579908676,10,1,61.2123974475843,0.469376848178867,79.29,1,33501.2328039891,1,1.22673721768654,2789,Significant_Damage_And_Serious_Injuries
3058,38.0365296803653,13,0,92.1148587055606,0.185208077893978,77.86,3,42630.0016766009,0,0.212243576123403,12098,Significant_Damage_And_Serious_Injuries
1910,26.3470319634703,14,2,51.0483135824977,0.763282365668951,78.37,5,32372.4222574949,0,0.0222726152360583,75,Significant_Damage_And_Fatalities
430,30.958904109589,16,2,69.7812215132179,0.255529029931482,83.48,3,24001.8530974736,3,0.120446192106227,4816,Significant_Damage_And_Serious_Injuries
3158,40.8675799086758,13,0,64.2206016408387,0.331259285971872,78.71,2,39030.5654538575,2,0.524659159217321,5307,Significant_Damage_And_Serious_Injuries
9526,14.9771689497717,17,22,61.3491340018232,0.268150739271547,79.85,2,38369.5925771444,2,0.518441261968944,10678,Highly_Fatal_And_Damaging
3823,45.1598173515982,11,2,75.8432087511395,0.384991705733862,76.09,3,31091.6766527067,2,0.154092924830657,2652,Significant_Damage_And_Serious_Injuries
7204,60.5479452054795,14,0,61.5314494074749,0.342799134511359,83.15,7,22475.1258704004,2,0.0016548362893203,9368,Significant_Damage_And_Fatalities
5449,47.3059360730593,8,0,58.7967183226983,0.444854670032455,82.8,7,24973.6836872682,2,0.0023103689866362,870,Highly_Fatal_And_Damaging
8703,36.5296803652968,14,3,59.5259799453054,0.514093761269383,77.33,3,29091.2626956314,2,0.145829384318565,6870,Significant_Damage_And_Serious_Injuries
8246,44.703196347032,8,11,51.4129443938013,0.527436711143166,82.25,4,41018.7515716556,0,0.0750429331718821,6235,Significant_Damage_And_Fatalities
6082,45.5251141552511,11,1,58.6144029170465,0.470458708979445,82.34,6,28815.4272617912,2,0.0074386021940639,4542,Significant_Damage_And_Serious_Injuries
1627,52.1461187214612,9,3,93.1175934366454,0.185208077893978,78.6,4,32932.7239225323,3,0.0602996807903959,5310,Significant_Damage_And_Serious_Injuries
8861,69.4520547945205,8,4,71.0118505013674,0.233891813919942,76.14,2,41709.0152758443,2,0.564465085482382,588,Minor_Damage_And_Injuries
4062,36.7579908675799,14,10,72.8350045578852,0.237858636855391,79.58,1,44088.6452562181,0,1.60598230838271,1054,Significant_Damage_And_Serious_Injuries
9604,54.2465753424657,12,6,73.4731084776664,0.23461305445366,78.35,2,23442.862111339,2,0.316500708900476,4037,Minor_Damage_And_Injuries
3342,41.7808219178082,16,8,53.0082041932544,0.51878182473855,78.55,1,17945.3617192645,3,0.664870453860243,2685,Highly_Fatal_And_Damaging
6088,42.6940639269406,9,5,63.4457611668186,0.256610890732059,81.53,1,29887.2364975067,1,1.10323463410754,1992,Highly_Fatal_And_Damaging
2256,29.7260273972603,13,0,64.6308113035552,0.438363505228994,77.56,2,20377.444266255,2,0.275745471201112,7877,Highly_Fatal_And_Damaging
8176,38.7671232876712,14,22,69.9635369188697,0.380664262531554,80.75,3,42630.26184936,2,0.211596151973155,3362,Significant_Damage_And_Serious_Injuries
1187,58.4018264840183,11,4,71.7411121239745,0.362272628921745,79.31,2,26391.6316884865,2,0.35682265469168,8948,Minor_Damage_And_Injuries
8286,22.2374429223744,15,1,73.6098450319052,0.384270465200144,76.05,1,38752.9477457052,2,1.42675995572906,5712,Highly_Fatal_And_Damaging
2733,27.8995433789954,13,0,83.8195077484048,0.185208077893978,82.49,4,31646.7484368226,2,0.0578632306636776,10311,Highly_Fatal_And_Damaging
7100,31.324200913242,15,2,45.897903372835,0.560253155427335,80.12,1,32718.3677403417,2,1.2119543063584,3815,Minor_Damage_And_Injuries
8060,42.3744292237443,12,1,90.154968094804,0.297000360620267,77.73,3,26032.9419014836,2,0.12870766465902,4131,Significant_Damage_And_Serious_Injuries
3655,59.3150684931507,7,9,88.4685505925251,0.271756941940137,75.61,6,17927.3384159879,2,0.0048296611260503,1959,Significant_Damage_And_Serious_Injuries
4168,30.4109589041096,12,6,74.9316317228806,0.22740064911648,77.29,6,30077.4161879637,2,0.0070776478363846,12395,Highly_Fatal_And_Damaging
2587,43.7899543378995,18,2,53.3728350045579,0.234252434186801,78.62,1,35893.8768089408,3,1.30792861200427,4562,Significant_Damage_And_Fatalities
4764,34.3835616438356,11,5,57.5205104831358,0.328734944103858,79.69,3,35500.5630256623,2,0.177623324826473,968,Highly_Fatal_And_Damaging
1607,45.1598173515982,8,6,74.5214220601641,0.478392354850342,79.53,4,44417.4070439481,2,0.0823334066315181,5091,Highly_Fatal_And_Damaging
5196,28.8584474885845,13,0,61.8505013673656,0.307097728092319,77.53,5,17011.9552427058,5,0.0098543648853103,2813,Highly_Fatal_And_Damaging
5925,43.7899543378995,19,19,75.38742023701,0.336307969707898,79.31,5,34924.7418304277,3,0.023547370390478,4010,Significant_Damage_And_Fatalities
4685,24.7945205479452,14,4,48.313582497721,0.592348359177785,82.75,1,45383.7009524717,3,1.66486418964678,3343,Significant_Damage_And_Fatalities
2524,45.8904109589041,11,7,41.4311759343665,0.458918860439956,79.77,6,36030.6528778845,1,0.0085101685179203,7027,Minor_Damage_And_Injuries
8192,62.1917808219178,10,6,85.278030993619,0.351093400649116,77.17,2,31396.9500820815,3,0.426934615801289,1187,Minor_Damage_And_Injuries
8719,32.0547945205479,15,3,70.0091157702826,0.255529029931482,75.55,3,24386.649921265,0,0.122427914421021,9887,Significant_Damage_And_Serious_Injuries
6482,63.8356164383562,6,5,80.4010938924339,0.502914532996754,83.99,3,30869.211770024,2,0.154595209902065,1410,Significant_Damage_And_Serious_Injuries
955,30.8219178082192,19,6,59.8906107566089,0.311785791561485,80.54,2,26641.2465110544,2,0.362925272467254,8048,Minor_Damage_And_Injuries
4300,27.1232876712329,17,3,56.9279854147676,0.356142084385142,84.82,6,24122.306625314,1,0.0062344708462644,7088,Minor_Damage_And_Injuries
1102,46.4840182648402,11,5,54.7857793983592,0.333423007573026,83.19,3,50885.1307322559,3,0.260940879484196,12401,Significant_Damage_And_Serious_Injuries
6601,45.0228310502283,15,3,68.003646308113,0.339914172376487,78.97,2,31468.2381566985,1,0.425813096340294,3146,Minor_Damage_And_Injuries
2998,70.1369863013699,7,2,66.1349134001823,0.346405337179949,79.65,2,50138.8533250908,2,0.668862532692016,7160,Highly_Fatal_And_Damaging
8130,27.4885844748858,20,3,71.7866909753874,0.446657771366751,79.8,2,25114.395402466,2,0.339470394778478,7159,Minor_Damage_And_Injuries
4033,44.4292237442922,12,14,51.7775752051048,0.549795167688424,80.32,7,38896.1729120633,2,0.0036544516632448,5446,Minor_Damage_And_Injuries
1560,57.1689497716895,8,3,69.8723792160438,0.381746123332131,77.91,5,28602.6042861829,1,0.018765800313265,7063,Significant_Damage_And_Serious_Injuries
6408,31.2328767123288,12,13,60.4831358249772,0.566023079697079,78.42,4,48746.7218828066,3,0.0879618931719142,6470,Highly_Fatal_And_Damaging
3162,21.9634703196347,15,5,49.0884229717411,0.582250991705733,82.27,4,32372.4222574949,0,0.0590167173353565,9268,Significant_Damage_And_Fatalities
2996,31.8264840182648,15,0,73.6098450319052,0.318276956364948,79.81,3,26632.0129708879,3,0.132638956145098,5633,Significant_Damage_And_Serious_Injuries
8873,35.5251141552511,14,8,78.8058340929809,0.341717273710782,78.79,6,30163.1094343542,1,0.0071826402128383,3499,Significant_Damage_And_Serious_Injuries
9762,64.6575342465753,12,17,72.6526891522334,0.335586729174179,79.58,7,35719.9920681528,3,0.0033277485797254,8498,Significant_Damage_And_Fatalities
8927,61.3698630136986,10,2,83.5460346399271,0.237858636855391,80.26,2,31326.1114601091,2,0.424352083307853,10843,Minor_Damage_And_Injuries
4698,45.296803652968,15,8,65.9981768459435,0.286542372881356,78.05,1,24554.5855122477,0,0.894482923105375,5216,Minor_Damage_And_Injuries
1431,24.7945205479452,14,7,40.2917046490429,0.577923548503426,84.38,3,22327.5246569269,3,0.112198793945968,5691,Significant_Damage_And_Fatalities
644,57.6712328767123,11,0,83.9106654512306,0.224876307248467,76.18,3,27803.3130271355,1,0.138524831339105,6965,Minor_Damage_And_Injuries
4573,35.7077625570776,14,5,72.3792160437557,0.314310133429499,81.53,1,29596.4642229924,0,1.09257988690076,2077,Significant_Damage_And_Serious_Injuries
5101,42.8310502283105,12,10,55.0592525068368,0.410595744680851,86.13,2,44377.5915457626,1,0.598166042993753,1219,Minor_Damage_And_Injuries
5704,44.8858447488584,8,22,57.8395624430264,0.436560403894699,75.35,7,37326.3033420053,2,0.0034339365830663,10009,Highly_Fatal_And_Damaging
2759,28.9041095890411,13,4,54.8313582497721,0.368763793725207,77.29,4,26548.8926588994,4,0.0479837060862173,110,Significant_Damage_And_Fatalities
1901,14.2465753424657,17,0,80.6289881494986,0.30313090515687,77.27,1,38564.129227285,0,1.42252211161246,7972,Highly_Fatal_And_Damaging
5503,11.5068493150685,18,0,82.4065633546035,0.219827623512441,76.96,1,25251.2120439666,1,0.920195563410704,12410,Highly_Fatal_And_Damaging
1392,73.607305936073,10,11,71.4676390154968,0.309982690227191,81.13,7,16229.7283441618,3,0.0011026362175773,6885,Significant_Damage_And_Fatalities
5447,37.4885844748858,14,13,56.9279854147676,0.48632600072124,83.38,2,24744.1584157867,2,0.335627808937991,1009,Minor_Damage_And_Injuries
7586,68.675799086758,11,6,55.2871467639016,0.590184637576631,78.67,7,5142.28607310439,2,0.0014294182752822,11652,Significant_Damage_And_Serious_Injuries
3038,40.8219178082192,16,2,56.517775752051,0.386434186801298,79.49,3,33055.491886596,2,0.166419156005053,3641,Highly_Fatal_And_Damaging
7553,12.9680365296804,17,0,71.3764813126709,0.309622069960331,82.4,4,21536.2194666649,1,0.0392842404749492,9255,Highly_Fatal_And_Damaging
2374,49.7716894977169,14,6,37.6481312670921,0.542582762351244,84.87,4,47124.2411106397,2,0.0867404728643644,12262,Minor_Damage_And_Injuries
3171,42.6940639269406,12,6,76.0711030082042,0.305294626758024,81.27,5,24377.0453612042,1,0.0167089995452952,4983,Significant_Damage_And_Serious_Injuries