,Safety_Score,Days_Since_Inspection,Total_Safety_Complaints,Control_Metric,Turbulence_In_gforces,Cabin_Temperature,Accident_Type_Code,Max_Elevation,Violations,Adverse_Weather_Metric,Accident_ID,Severity
9608,69.7716894977169,8,2,58.3409298085688,0.618673638658492,83.72,2,35376.0882780322,2,0.478306032390798,5896,Minor_Damage_And_Injuries
4735,25.8904109589041,14,1,47.8577939835916,0.38210674359899,76.79,2,27506.8489311607,2,0.373413681056902,6004,Significant_Damage_And_Fatalities
2144,35.9817351598173,11,4,60.665451230629,0.272117562206996,79.72,5,39103.4153008276,1,0.0266123032873258,403,Highly_Fatal_And_Damaging
329,25.296803652968,14,17,45.5332725615314,0.521306166606563,78.69,2,19136.0861004631,3,0.262284440356596,6710,Significant_Damage_And_Fatalities
7076,22.9223744292237,14,7,53.5095715587967,0.472261810313739,84.45,4,22442.6590784495,2,0.0405516045635434,6598,Significant_Damage_And_Fatalities
178,36.2557077625571,11,7,52.0510483135825,0.280411828344753,76.35,4,33112.5218535072,2,0.0608856857112103,8538,Significant_Damage_And_Fatalities
8301,34.7488584474886,14,6,74.7493163172288,0.263823296069239,77.36,7,40762.8132780568,2,0.0036173616998907,8158,Significant_Damage_And_Serious_Injuries
7997,31.0502283105023,12,3,67.5934366453965,0.245071042192571,89.13,5,25170.3306255207,1,0.0165265950657187,2954,Highly_Fatal_And_Damaging
3841,47.0319634703196,14,2,89.4257064721969,0.217663901911287,78.8,2,33395.5017361782,2,0.450817704051099,2630,Minor_Damage_And_Injuries
1407,27.8538812785388,17,5,67.3199635369189,0.494620266858997,84.63,2,23407.410999469,1,0.315638700388621,3650,Significant_Damage_And_Serious_Injuries
5136,79.4063926940639,8,13,58.4776663628077,0.543664623151821,88.39,4,35254.4934875509,3,0.0638479625702225,5295,Significant_Damage_And_Fatalities
1727,38.0365296803653,17,2,63.5824977210575,0.453509556437072,81.42,5,19433.6327994899,2,0.0128700652295364,8492,Minor_Damage_And_Injuries
7396,43.5616438356164,19,9,69.1886964448496,0.380303642264695,83.82,7,33740.8858200893,4,0.0031347381808445,4041,Significant_Damage_And_Fatalities
1211,68.4931506849315,11,0,60.7110300820419,0.496423368193292,79.6,4,16039.4043850768,2,0.0290802124759881,11295,Significant_Damage_And_Fatalities
5361,36.62100456621,10,10,61.4402917046491,0.474064911648034,76.79,4,34120.059024156,3,0.0620699590838415,2260,Highly_Fatal_And_Damaging
8443,51.7351598173516,13,16,57.8851412944394,0.478392354850342,79.75,2,33324.2968969837,1,0.451449913906382,6545,Minor_Damage_And_Injuries
872,48.7214611872146,10,4,64.9954421148587,0.250119725928597,77.29,6,19643.5987363401,2,0.0044332008109445,2388,Significant_Damage_And_Serious_Injuries
1801,17.5799086757991,16,9,38.1494986326345,0.59090587811035,79.53,6,31006.5572504406,2,0.0080489710467635,10087,Significant_Damage_And_Fatalities
4084,44.337899543379,15,4,93.6645396536008,0.229203750450775,83.34,2,30619.787367647,2,0.415749786415761,5394,Minor_Damage_And_Injuries
2630,54.7488584474886,15,4,64.5852324521422,0.289787955283087,78.6,7,23792.1086071282,2,0.0025338780084763,2137,Significant_Damage_And_Fatalities
1372,61.2785388127854,11,3,67.7757520510483,0.25264406779661,82.53,2,35370.911468562,2,0.4764803271249,3039,Minor_Damage_And_Injuries
1292,25.662100456621,14,8,71.8778486782133,0.430790479624955,76.86,2,33309.9400006456,1,0.450092606441285,11194,Highly_Fatal_And_Damaging
3443,20.4566210045662,15,2,68.1403828623519,0.280411828344753,78.16,4,38472.6989638762,4,0.0701068078993242,8714,Highly_Fatal_And_Damaging
4876,76.1187214611872,9,1,51.0027347310848,0.500390191128741,78.25,7,33076.7705547097,2,0.0030445776739347,8651,Significant_Damage_And_Serious_Injuries
978,21.9178082191781,18,10,72.7894257064722,0.197108546700325,77.96,6,43015.8202157457,1,0.0105571863156422,9288,Significant_Damage_And_Serious_Injuries
8289,14.5205479452055,17,3,52.3245214220602,0.330177425171295,77.53,4,36172.7911889422,1,0.0664064222070882,12486,Significant_Damage_And_Fatalities
5964,48.2648401826484,7,11,70.1458523245214,0.303491525423729,77.42,4,43364.8414997352,3,0.0792995204396203,11495,Highly_Fatal_And_Damaging
5225,33.5616438356164,15,10,51.640838650866,0.393646592138478,81.89,3,30205.1411058189,2,0.152337945102486,11455,Minor_Damage_And_Injuries
5980,37.8082191780822,14,5,71.9234275296263,0.27788748647674,75.96,2,30451.5660126614,2,0.411158531593447,1417,Significant_Damage_And_Serious_Injuries
6426,49.5890410958904,10,14,73.9744758432088,0.334865488640461,80.65,3,17443.6548671994,4,0.0875982172101418,3864,Significant_Damage_And_Serious_Injuries
7877,49.0867579908676,10,0,53.9197812215132,0.461803822574828,80.13,4,25562.6034711693,0,0.0471571412717711,2706,Minor_Damage_And_Injuries
4071,29.9543378995434,16,12,61.3947128532361,0.443051568698161,79.39,7,32666.8093913512,3,0.0030861823176718,5384,Significant_Damage_And_Serious_Injuries
4925,56.0730593607306,15,16,70.3281677301732,0.439805986296429,79.17,7,45795.5029606522,4,0.0039133288481627,2648,Significant_Damage_And_Fatalities
4745,45.0684931506849,11,6,45.2142206016409,0.63742589253516,76.01,3,5142.28607310439,3,0.0447153366816364,11928,Minor_Damage_And_Injuries
1002,4.79452054794521,20,0,64.9954421148587,0.256610890732059,85.22,1,26418.0517976765,2,0.978578768073676,4711,Highly_Fatal_And_Damaging
1405,44.5662100456621,12,3,56.1075660893346,0.345323476379372,76.96,3,23159.6988748288,4,0.115019368264299,10986,Minor_Damage_And_Injuries
9350,56.7123287671233,15,7,59.6627164995442,0.318637576631806,79.37,7,34328.0192022345,2,0.0032427949671456,7480,Significant_Damage_And_Fatalities
4299,47.9908675799087,11,0,73.0173199635369,0.223433826181031,83.34,3,35121.5544506946,3,0.174153414362184,11510,Significant_Damage_And_Serious_Injuries
9874,44.4292237442922,12,3,53.9653600729262,0.432232960692391,78.68,3,34338.0617266168,0,0.171510133935463,11710,Minor_Damage_And_Injuries
2393,37.7625570776256,14,4,66.5907019143118,0.460000721240533,79.45,4,29589.3854076653,3,0.0528505428278382,12430,Significant_Damage_And_Serious_Injuries
8140,50.0456621004566,17,14,70.0091157702826,0.354699603317706,77.78,2,40744.7030223456,1,0.551040805007,11234,Significant_Damage_And_Fatalities
1183,31.1415525114155,12,5,76.8003646308113,0.380303642264695,78.53,7,24720.9693935259,3,0.0022390883700284,793,Highly_Fatal_And_Damaging
4609,38.675799086758,14,9,62.9443938012762,0.321522538766679,80.49,4,19243.1330905624,2,0.0356172029643824,1185,Significant_Damage_And_Serious_Injuries
51,29.634703196347,13,7,48.9061075660894,0.51156941940137,77.68,4,23561.2928433379,2,0.0434693964976293,2272,Significant_Damage_And_Fatalities
3517,55.4337899543379,16,33,60.7566089334549,0.448460872701046,80.29,7,14736.0329751579,3,0.0011234644365509,5196,Significant_Damage_And_Fatalities
6618,48.9954337899543,10,35,54.7402005469462,0.456394518571944,80.47,6,21422.786802028,1,0.0052692571860081,8195,Minor_Damage_And_Injuries
3990,79.4063926940639,8,1,74.5214220601641,0.478392354850342,82.26,1,30270.7936697433,0,1.11357000206576,3535,Significant_Damage_And_Fatalities
2023,51.2328767123288,13,13,64.8587055606199,0.24543166245943,81.01,1,39310.1055152739,2,1.43260534928215,6186,Minor_Damage_And_Injuries
3314,63.972602739726,13,0,56.1531449407475,0.537534078615218,82.64,7,20265.0426177619,1,0.0017538818607085,7962,Significant_Damage_And_Fatalities
7223,38.5844748858447,13,6,70.8751139471286,0.28149368914533,81.11,6,36866.602231857,3,0.0082658878703684,4345,Significant_Damage_And_Serious_Injuries
4189,56.8949771689498,8,10,68.4138559708295,0.397974035340786,79.89,3,37489.8125581997,0,0.186096296078123,5150,Significant_Damage_And_Serious_Injuries
2765,36.8949771689498,14,4,88.0127620783956,0.293754778218536,77.77,3,34929.7404234047,2,0.174317185208326,2534,Significant_Damage_And_Serious_Injuries
3984,27.0776255707763,14,1,69.3710118505014,0.311425171294627,78.3,2,35553.1857893287,3,0.482865676422502,5121,Highly_Fatal_And_Damaging
3664,36.2557077625571,11,2,45.8067456700091,0.586939055174901,83.72,1,42207.8989235388,2,1.56365104590688,6715,Significant_Damage_And_Fatalities
5478,30.1369863013699,12,1,68.6417502278943,0.412038225748287,86.96,4,831.69555342133,2,0.0198346999706244,9142,Highly_Fatal_And_Damaging
3268,40.7762557077626,16,6,54.7402005469462,0.467213126577713,81.89,7,28284.3850638428,1,0.002836762534051,11931,Highly_Fatal_And_Damaging
4502,39.7260273972603,10,4,54.3755697356427,0.293033537684818,82.48,4,37726.6341340949,0,0.0697482164177026,4602,Significant_Damage_And_Fatalities
6022,39.041095890411,10,4,69.0063810391978,0.330898665705012,82.57,4,32342.3133839545,1,0.0593966255335747,8788,Highly_Fatal_And_Damaging
6744,44.4292237442922,15,3,93.6645396536008,0.23100685178507,82.44,5,32529.7644043405,1,0.0217919427663462,1661,Minor_Damage_And_Injuries
3640,55.1141552511415,9,21,71.5587967183227,0.388958528669311,76.21,7,47797.8467413316,2,0.0055506026085153,2941,Significant_Damage_And_Serious_Injuries
4112,41.689497716895,13,2,73.9744758432088,0.4145625676163,81.02,3,19754.5812375961,3,0.0984961040817364,7819,Significant_Damage_And_Serious_Injuries
3180,47.5799086757991,11,10,70.1914311759344,0.391482870537324,79.77,6,26277.0351261399,2,0.0067158182562128,2797,Significant_Damage_And_Serious_Injuries
3597,34.337899543379,11,0,55.2871467639016,0.471540569780022,84.42,4,20793.4139066819,4,0.0375914964961934,2143,Significant_Damage_And_Fatalities
4645,9.31506849315068,18,4,56.608933454877,0.273199423007573,75.25,4,33643.9887734499,2,0.0614525873393909,5891,Highly_Fatal_And_Damaging
8012,38.8584474885845,17,7,65.4512306289882,0.272478182473855,80.95,2,39069.3760403725,2,0.529397252616345,11537,Minor_Damage_And_Injuries
7808,20.1369863013699,19,8,72.0145852324522,0.340274792643346,79.22,3,29457.1314157155,4,0.146658421571538,3625,Significant_Damage_And_Serious_Injuries
2523,41.1415525114155,12,4,69.1431175934367,0.320080057699243,80.44,3,36245.8319846325,2,0.178747299033169,920,Significant_Damage_And_Serious_Injuries
9478,47.1232876712329,14,1,65.0865998176846,0.333423007573026,86.96,2,43094.6610782697,2,0.585156049551852,2309,Minor_Damage_And_Injuries
8569,35.3881278538813,18,1,76.6180492251596,0.282575549945907,75.88,1,48882.9969470896,4,1.77934417304994,4962,Minor_Damage_And_Injuries
1647,47.4885844748858,11,9,56.9279854147676,0.405907681211684,86.42,2,41094.8386139529,3,0.556857560648621,591,Minor_Damage_And_Injuries
5995,39.1780821917808,13,1,61.5770282588879,0.492095924990984,79.33,5,36968.4632169266,2,0.0245347549298593,582,Significant_Damage_And_Serious_Injuries
7071,29.7716894977169,12,7,62.1239744758432,0.444494049765597,80.52,3,38081.2358451794,3,0.189062380253031,6067,Highly_Fatal_And_Damaging
2973,44.5662100456621,12,2,67.228805834093,0.261298954201226,82.66,3,28945.1811088658,2,0.14597123365178,8891,Significant_Damage_And_Serious_Injuries
7787,33.7899543378995,15,2,61.2123974475843,0.318276956364948,80.49,2,40233.9092796223,3,0.541152830444993,11679,Significant_Damage_And_Serious_Injuries
4982,52.5114155251141,13,0,71.5587967183227,0.273199423007573,80.34,5,40360.2154058748,3,0.0275610999374942,8470,Minor_Damage_And_Injuries
7752,16.8036529680365,16,14,71.6499544211486,0.306737107825459,78.0,4,33596.650764814,1,0.0610267085365182,10897,Highly_Fatal_And_Damaging
8343,37.9908675799087,13,0,67.3199635369189,0.301327803822575,80.06,3,13192.6746411516,2,0.0665379775736837,7594,Significant_Damage_And_Serious_Injuries
1239,1.14155251141552,20,9,70.4193254329991,0.198911648034619,78.7,6,38858.4503003868,0,0.0100523656008629,11665,Highly_Fatal_And_Damaging
1639,38.4474885844749,17,6,69.4165907019143,0.298803461954562,76.62,2,47572.0590615232,1,0.641805738503765,11401,Minor_Damage_And_Injuries
1039,62.1461187214612,6,1,73.0173199635369,0.352175261449693,82.19,3,36758.4996177268,3,0.18306517420971,743,Significant_Damage_And_Serious_Injuries
3035,63.1963470319635,13,8,67.8669097538742,0.158882798413271,78.11,7,23665.6603699134,2,0.0022939358099787,9765,Significant_Damage_And_Fatalities
1764,64.5662100456621,9,2,78.5779398359162,0.309622069960331,78.2,2,28201.7353365839,1,0.381757277148022,5866,Minor_Damage_And_Injuries
2044,48.5844748858447,14,29,71.5587967183227,0.355420843851424,76.86,5,3470.00217523393,3,0.00565999846684,5527,Minor_Damage_And_Injuries
9630,30.1369863013699,12,14,68.8240656335461,0.444133429498738,89.51,4,30469.2343965727,1,0.056073195938879,336,Highly_Fatal_And_Damaging
7135,56.2100456621004,15,0,74.567000911577,0.344241615578795,81.14,7,55638.9032967776,2,0.0049496849695316,913,Significant_Damage_And_Fatalities
1594,67.6712328767123,12,3,72.2880583409298,0.339914172376487,81.46,4,12666.7712047322,3,0.0224178241914354,1062,Significant_Damage_And_Fatalities
8980,27.6712328767123,13,0,43.1631722880583,0.623001081860801,78.51,2,26637.5953196341,2,0.360857469184247,3272,Significant_Damage_And_Fatalities
9334,31.5525114155251,12,13,69.2342752962625,0.322604399567255,82.53,4,30479.9802452678,2,0.055390533687851,6474,Highly_Fatal_And_Damaging
750,52.4657534246575,9,5,58.9334548769371,0.417086909484313,76.13,6,37002.5192831597,4,0.0083982544312787,11869,Significant_Damage_And_Serious_Injuries
4140,50.1369863013699,13,12,69.5989061075661,0.303852145690588,79.62,4,36389.9128217396,1,0.0667669966668297,4424,Minor_Damage_And_Injuries
4673,62.6940639269406,13,29,71.8322698268004,0.183404976559682,79.38,7,31424.3927488377,2,0.0028541965446328,1301,Significant_Damage_And_Fatalities
8361,12.6940639269406,18,6,75.432999088423,0.285821132347638,76.16,4,37164.6419753701,3,0.0688662703827097,2421,Highly_Fatal_And_Damaging
7934,51.7808219178082,10,0,55.6973564266181,0.25985647313379,83.6,4,25223.0471674453,1,0.0462059771710494,12455,Minor_Damage_And_Injuries
5298,60.8219178082192,7,10,72.4247948951687,0.442330328164443,86.09,3,30360.2984407479,2,0.15210902545666,4960,Significant_Damage_And_Serious_Injuries
3645,73.4246575342466,7,10,80.4010938924339,0.337029210241615,77.04,2,41494.368499835,2,0.559862119728008,2949,Minor_Damage_And_Injuries
5691,59.4063926940639,7,9,65.6335460346399,0.267790119004688,79.26,2,31503.4535809663,3,0.425400981544069,4620,Highly_Fatal_And_Damaging
2125,30.9132420091324,16,0,84.8678213309025,0.312146411828345,81.7,3,36366.1530073838,1,0.180699125679212,8641,Significant_Damage_And_Serious_Injuries
5223,31.9178082191781,19,0,50.9571558796719,0.527076090876307,77.4,6,22131.7362773227,2,0.0053959424488761,4417,Highly_Fatal_And_Damaging
3648,48.2191780821918,14,2,77.3473108477666,0.243989181391994,82.28,2,35967.3755230484,1,0.48771365612333,7139,Minor_Damage_And_Injuries
910,53.7442922374429,16,2,66.5451230628988,0.317916336098088,83.07,7,30955.5308494645,4,0.0029024112121676,12320,Significant_Damage_And_Fatalities
7152,61.0502283105023,10,15,73.4731084776664,0.473704291381176,79.53,2,41708.64182517,1,0.567201132594691,9709,Minor_Damage_And_Injuries
146,57.0319634703196,12,9,65.2233363719235,0.27788748647674,78.48,2,34310.1042592311,1,0.465273335265546,8482,Minor_Damage_And_Injuries
7734,20.2283105022831,15,8,76.9371011850502,0.381746123332131,79.52,7,32099.6049465887,4,0.002836762534051,9390,Highly_Fatal_And_Damaging
7788,24.8858447488584,18,3,81.4038286235187,0.224876307248467,79.8,4,19984.5446103508,2,0.0356172029643824,1121,Significant_Damage_And_Serious_Injuries
804,5.20547945205479,20,15,80.5378304466728,0.317195095564371,82.93,4,38100.9704663852,1,0.0694785537644393,2956,Highly_Fatal_And_Damaging
7136,65.4337899543379,12,1,72.5159525979946,0.334865488640461,83.21,6,32779.54276883,3,0.0077397867349444,4067,Minor_Damage_And_Injuries
5418,31.9634703196347,15,2,62.0783956244303,0.344962856112513,83.19,3,37550.3987735086,3,0.187016357171913,9038,Significant_Damage_And_Serious_Injuries
3378,54.1095890410959,16,0,70.1914311759344,0.308900829426614,76.94,7,4203.26637262123,3,0.0011528633725884,8396,Significant_Damage_And_Fatalities
2972,35.4794520547945,14,1,71.8322698268004,0.363715109989181,80.98,6,37935.8016532287,1,0.0099062558019077,8409,Significant_Damage_And_Serious_Injuries
384,31.1872146118721,16,7,71.1941659070192,0.438363505228994,81.3,2,30842.4666453009,2,0.420554790386963,9209,Significant_Damage_And_Serious_Injuries
222,45.296803652968,15,1,60.3463992707384,0.531764154345474,79.83,4,30954.2711727206,2,0.0564238689532988,366,Minor_Damage_And_Injuries
1439,28.9497716894977,16,7,42.0237010027347,0.47911359538406,81.45,2,11503.3885608342,3,0.134834939340907,11713,Minor_Damage_And_Injuries
223,5.20547945205479,20,4,71.3764813126709,0.189535521096285,78.52,6,32124.9732288063,3,0.0081169604188765,11277,Highly_Fatal_And_Damaging
4423,39.4520547945205,13,4,62.1695533272562,0.496423368193292,79.89,5,21612.7535707374,1,0.0145494650084558,7129,Significant_Damage_And_Serious_Injuries
6920,70.4109589041096,11,14,40.154968094804,0.261659574468085,81.84,7,19333.5256049062,4,0.0016548362893203,775,Significant_Damage_And_Fatalities
9289,32.7397260273973,19,7,53.3728350045579,0.542582762351244,77.86,4,37715.1656897773,3,0.0697014282624186,4284,Highly_Fatal_And_Damaging
2043,25.8904109589041,14,3,59.5715587967183,0.509766318067075,82.75,1,37533.1751075407,2,1.37530557650739,1679,Highly_Fatal_And_Damaging
4314,29.4063926940639,16,19,84.8678213309025,0.421053732419762,76.18,6,29311.5725785883,3,0.0070523014618499,4165,Significant_Damage_And_Serious_Injuries
7211,36.3013698630137,14,5,71.9234275296263,0.314310133429499,79.09,3,36866.602231857,3,0.182899218902348,9822,Significant_Damage_And_Serious_Injuries
8960,60.0,10,2,68.3682771194166,0.398695275874504,79.8,2,40101.8250426003,1,0.542720465498432,7774,Minor_Damage_And_Injuries
2081,20.2739726027397,15,2,66.9097538742024,0.413120086548864,80.85,2,45020.5543496115,3,0.610441182645266,1873,Highly_Fatal_And_Damaging
7872,35.0228310502283,14,4,78.8058340929809,0.276445005409304,80.34,6,27827.8514266594,2,0.0067158182562128,2872,Significant_Damage_And_Serious_Injuries
6272,82.2374429223744,7,0,59.3892433910666,0.364796970789758,83.08,6,30551.9144715984,2,0.0075671699537456,8437,Significant_Damage_And_Fatalities
9869,65.7534246575342,12,2,58.8422971741112,0.467213126577713,81.96,7,41899.6328628165,3,0.0041111917228815,7539,Significant_Damage_And_Fatalities
5300,54.7945205479452,12,2,78.7602552415679,0.390761630003606,88.67,5,27237.9063139555,2,0.0179458235336835,537,Minor_Damage_And_Injuries
9085,41.4155251141553,13,20,64.4484958979034,0.51878182473855,77.62,3,32044.5563759182,2,0.159335323690078,11288,Significant_Damage_And_Serious_Injuries
9577,39.4520547945205,13,0,47.2196900638104,0.366960692390912,77.53,6,44279.1539847248,3,0.0106066637907699,857,Minor_Damage_And_Injuries
7705,63.6529680365297,6,11,36.7821330902462,0.456033898305084,76.22,3,26733.763247326,2,0.134611369951369,9304,Minor_Damage_And_Injuries
8822,52.9223744292237,9,0,80.4466727438469,0.174750090155067,81.83,3,19352.8761801669,2,0.0945616410103572,11893,Significant_Damage_And_Serious_Injuries
8631,34.6575342465753,14,0,72.5615314494075,0.312146411828345,82.26,6,29519.010231283,4,0.0075262701229064,10837,Significant_Damage_And_Serious_Injuries
1450,76.3926940639269,9,5,66.362807657247,0.339914172376487,88.57,7,30197.0499678191,3,0.002918771798516,3027,Significant_Damage_And_Fatalities
4430,40.5479452054794,20,6,59.7538742023701,0.334865488640461,77.22,6,40846.9168997547,4,0.0093078132694524,5635,Significant_Damage_And_Fatalities
5985,28.8127853881279,16,11,67.0920692798541,0.357223945185719,80.42,6,52430.4521165204,2,0.0128097660558823,8420,Significant_Damage_And_Serious_Injuries
1660,49.1780821917808,10,5,67.3199635369189,0.416005048683736,78.54,6,27776.6103421415,2,0.0067000798171221,4149,Significant_Damage_And_Serious_Injuries
7423,31.324200913242,15,13,71.8778486782133,0.392564731337901,81.85,6,25321.373030517,3,0.0060815799211594,7297,Significant_Damage_And_Serious_Injuries
3001,15.4337899543379,17,3,60.8477666362808,0.401940858276235,80.6,4,40808.477420646,1,0.0755380401037781,6838,Highly_Fatal_And_Damaging
8053,39.8173515981735,17,3,59.2980856882407,0.538976559682654,77.85,4,32127.8884623933,2,0.0593966255335747,2550,Minor_Damage_And_Injuries
9392,44.337899543379,12,10,65.1321786690975,0.339553552109629,81.31,6,32060.3364189763,3,0.0076727967046501,3948,Significant_Damage_And_Serious_Injuries
2671,56.62100456621,12,20,74.7493163172288,0.315391994230076,83.15,2,20600.5849948309,4,0.278446237781689,9165,Minor_Damage_And_Injuries
956,43.7899543378995,12,0,71.6955332725615,0.342077893977641,78.04,3,36285.3627912364,3,0.180699125679212,6511,Significant_Damage_And_Serious_Injuries
9376,53.9269406392694,12,17,51.686417502279,0.466131265777136,84.52,5,24518.0124669493,2,0.0167388458320566,4045,Highly_Fatal_And_Damaging
6395,31.0958904109589,16,7,68.5961713764813,0.228843130183916,79.47,3,34016.7896094001,0,0.170265585090925,4827,Significant_Damage_And_Serious_Injuries
9075,18.1278538812785,16,5,82.9079307201459,0.271035701406419,81.23,1,30415.652244998,1,1.1122169439196,10542,Highly_Fatal_And_Damaging
8532,43.6986301369863,15,1,80.0364630811304,0.240022358456545,76.9,7,42688.6369208672,3,0.0039729318398627,1819,Minor_Damage_And_Injuries
5443,26.3470319634703,17,0,73.746581586144,0.369845654525784,77.19,2,29821.7823571095,1,0.401309819318027,4952,Significant_Damage_And_Serious_Injuries
3340,24.8858447488584,14,5,82.9079307201459,0.199632888568337,79.33,4,32693.5776946736,2,0.0598313484459099,10111,Highly_Fatal_And_Damaging
6381,36.027397260274,14,8,71.0574293527803,0.372369996393797,76.76,3,27240.6861862382,0,0.134106923037714,7949,Significant_Damage_And_Serious_Injuries
6364,38.0365296803653,17,5,80.6745670009116,0.28870609448251,77.91,2,23373.6197676668,1,0.315570346061336,5473,Minor_Damage_And_Injuries
8674,37.3059360730594,14,0,57.5205104831358,0.244349801658853,79.64,3,45969.4526879013,0,0.228432043200389,5235,Significant_Damage_And_Serious_Injuries
9455,38.7214611872146,13,0,72.4247948951687,0.416726289217454,81.26,6,40619.7789673451,2,0.009972989020266,9380,Significant_Damage_And_Serious_Injuries
769,24.8858447488584,17,9,70.9206927985415,0.3785005409304,81.02,3,52430.4521165204,2,0.260940879484196,5334,Significant_Damage_And_Serious_Injuries
445,48.310502283105,10,7,85.8705560619873,0.181241254958529,83.55,4,32213.6960035099,2,0.0583623984570852,12093,Significant_Damage_And_Serious_Injuries
5906,42.1004566210046,12,0,70.1914311759344,0.408071402812838,77.91,3,32158.99176163,3,0.160120932295153,7586,Significant_Damage_And_Serious_Injuries
7778,36.7579908675799,14,0,59.0701914311759,0.434396682293545,78.03,3,27327.474372056,2,0.135864511061758,12110,Significant_Damage_And_Serious_Injuries
2922,46.4383561643836,11,1,52.6891522333637,0.328374323837,80.26,1,32468.868616417,1,1.19173458023308,5784,Minor_Damage_And_Injuries
3210,63.9269406392694,13,0,56.1531449407475,0.345323476379372,77.2,7,42105.7225608308,3,0.0038047881740863,7802,Significant_Damage_And_Fatalities
5316,35.1141552511415,11,10,52.3245214220602,0.416365668950595,80.92,4,28930.3607468219,2,0.0528517114582186,11799,Significant_Damage_And_Fatalities
7311,54.3835616438356,12,4,51.0938924339107,0.394728452939055,82.01,4,20934.3727527267,3,0.0384517831023515,3875,Minor_Damage_And_Injuries
1489,47.4885844748858,14,1,65.0865998176846,0.502914532996754,76.65,7,23927.7372311182,1,0.0024777451291183,1364,Minor_Damage_And_Injuries
651,75.2054794520548,9,1,81.8140382862352,0.226679408582762,81.1,7,36962.1315429362,4,0.0035532347557751,7312,Significant_Damage_And_Fatalities
2493,29.4063926940639,16,10,69.5533272561531,0.31034331049405,76.86,3,16902.3486971747,3,0.0815450263010881,8163,Significant_Damage_And_Serious_Injuries
2925,38.1735159817352,17,3,67.1376481312671,0.414923187883159,76.05,2,32060.6340734313,1,0.432315045915542,8342,Minor_Damage_And_Injuries
116,54.5205479452055,5,3,80.0364630811304,0.183044356292824,80.05,3,40028.3261414048,0,0.198336004530739,6035,Highly_Fatal_And_Damaging
8041,5.75342465753425,20,0,76.0255241567913,0.394367832672196,79.01,4,44409.5661929747,2,0.0824277038157889,5062,Highly_Fatal_And_Damaging
7232,47.7625570776256,14,1,70.1458523245214,0.501472051929318,81.82,7,41870.0262217125,3,0.0037845533395528,8954,Minor_Damage_And_Injuries
8271,32.4657534246575,15,1,47.9033728350046,0.407710782545979,80.43,1,30380.8615154131,2,1.11090302185844,1085,Minor_Damage_And_Injuries
4667,23.6986301369863,14,15,71.1941659070192,0.273560043274432,79.58,1,28549.7555524629,1,1.04519049130943,7233,Highly_Fatal_And_Damaging
2645,42.1004566210046,12,8,55.2415679124886,0.578644789037144,77.45,2,29989.7501979184,3,0.404401762084286,1255,Minor_Damage_And_Injuries
6783,46.3470319634703,15,2,45.8067456700091,0.657981247746123,78.99,3,11809.795062478,2,0.0594495856748826,3121,Highly_Fatal_And_Damaging
5036,83.6529680365297,7,1,68.7329079307201,0.254086548864046,77.18,7,23245.3423411864,1,0.0022390883700284,12314,Significant_Damage_And_Fatalities
7236,30.3196347031963,16,14,68.8240656335461,0.273920663541291,79.21,5,51678.284648488,2,0.0362715401061526,7143,Significant_Damage_And_Serious_Injuries
9438,16.3013698630137,16,0,71.7866909753874,0.398695275874504,79.83,1,28677.9558577841,2,1.0603906859471,11426,Highly_Fatal_And_Damaging
9597,44.7945205479452,8,2,62.2607110300821,0.346405337179949,77.3,4,32342.3133839545,3,0.0592921596021897,12351,Highly_Fatal_And_Damaging
2987,26.3926940639269,14,1,45.6700091157703,0.404825820411107,80.23,7,36511.6143171361,2,0.0032192666671433,9802,Significant_Damage_And_Fatalities
5677,76.62100456621,9,10,58.4776663628077,0.467213126577713,87.1,7,21530.9638754351,0,0.0017549977473814,11974,Significant_Damage_And_Fatalities
8385,24.7945205479452,14,10,87.4658158614403,0.263823296069239,78.76,2,21718.0996056764,3,0.292872788776625,12428,Highly_Fatal_And_Damaging
2703,36.1643835616438,14,5,71.9234275296263,0.351454020915975,75.39,6,21411.0209069077,4,0.0053353160716145,11690,Significant_Damage_And_Serious_Injuries
1969,50.365296803653,10,10,54.4667274384686,0.381024882798413,77.8,4,29832.3547137758,0,0.0548654683705585,2286,Minor_Damage_And_Injuries
461,21.2785388127854,15,1,69.5533272561531,0.290869816083664,81.87,4,14993.6075495189,4,0.0279296157916735,8232,Highly_Fatal_And_Damaging
6248,74.2009132420091,9,4,37.2835004557886,0.694764514965741,88.18,7,27237.9063139555,2,0.0022803372822657,2757,Significant_Damage_And_Serious_Injuries
2721,77.3059360730594,4,3,76.6180492251596,0.354699603317706,81.24,3,38170.7633934154,1,0.190706009318853,12469,Minor_Damage_And_Injuries
122,34.7945205479452,11,19,61.6681859617138,0.448460872701046,78.22,4,44997.4738217543,1,0.0815350514760914,9726,Highly_Fatal_And_Damaging
3699,50.0913242009132,13,1,73.4275296262534,0.421053732419762,81.56,2,59108.8771655082,3,0.773009611486721,2535,Minor_Damage_And_Injuries