,Safety_Score,Days_Since_Inspection,Total_Safety_Complaints,Control_Metric,Turbulence_In_gforces,Cabin_Temperature,Accident_Type_Code,Max_Elevation,Violations,Adverse_Weather_Metric,Accident_ID,Severity
6055,40.5936073059361,13,1,65.9070191431176,0.502553912729895,79.64,6,37921.073992065,1,0.0100523656008629,12126,Significant_Damage_And_Serious_Injuries
206,36.6666666666667,14,11,71.4220601640839,0.314310133429499,79.2,6,31335.4768243775,2,0.0081169289831728,6267,Significant_Damage_And_Serious_Injuries
9105,31.2328767123288,12,14,61.7593436645397,0.472622430580599,79.21,1,33302.6143992798,2,1.22297120835898,8147,Highly_Fatal_And_Damaging
6780,44.8858447488584,18,4,56.7456700091158,0.469376848178867,81.42,2,16099.4774068421,3,0.214957084741899,176,Significant_Damage_And_Serious_Injuries
8469,37.3059360730594,14,9,56.517775752051,0.463606923909124,83.38,5,42190.154354331,3,0.0286321409870276,10869,Minor_Damage_And_Injuries
2831,38.1735159817352,17,0,74.0656335460346,0.264905156869816,81.73,2,34379.3077561369,2,0.46264184239205,12063,Minor_Damage_And_Injuries
3420,30.5022831050228,19,3,47.0373746581586,0.491014064190407,78.72,3,43627.7949755618,2,0.214762760356308,12460,Minor_Damage_And_Injuries
2022,47.4885844748858,11,23,71.0574293527803,0.278608727010458,79.99,3,33980.6616754711,3,0.170794962939637,9341,Significant_Damage_And_Serious_Injuries
8043,37.3972602739726,17,0,69.1886964448496,0.408792643346556,78.32,2,23214.4912184096,2,0.3100966719209,4938,Minor_Damage_And_Injuries
7794,56.7579908675799,8,3,100.0,0.214418319509556,80.16,6,39017.5759192136,3,0.0100127073666848,4898,Significant_Damage_And_Serious_Injuries
2960,71.689497716895,3,1,52.0966271649954,0.404825820411107,82.82,3,23861.037409217,2,0.118795587606853,5110,Minor_Damage_And_Injuries
3808,43.1963470319635,12,3,53.7374658158614,0.461803822574828,78.29,3,39901.7557524519,3,0.199585420560171,5328,Minor_Damage_And_Injuries
6765,17.5799086757991,16,1,62.1239744758432,0.491014064190407,78.72,1,24135.4433661131,4,0.887893341795068,4745,Highly_Fatal_And_Damaging
7804,61.324200913242,10,1,60.7110300820419,0.328374323837,75.27,2,25016.3637851441,3,0.335107167981423,329,Minor_Damage_And_Injuries
2405,45.1598173515982,8,29,69.3710118505014,0.278608727010458,77.94,6,39093.6178901909,1,0.0098505661371429,2638,Highly_Fatal_And_Damaging
4047,29.6803652968037,13,15,54.922515952598,0.430790479624955,87.0,2,24744.1584157867,1,0.335627808937991,3274,Significant_Damage_And_Fatalities
9636,56.4840182648402,12,13,62.1695533272562,0.381024882798413,78.18,1,34183.3511992209,3,1.24945876649406,3529,Minor_Damage_And_Injuries
9291,10.5022831050228,19,12,49.5897903372835,0.445936530833032,77.9,3,27487.6888024332,2,0.135850462114308,10200,Highly_Fatal_And_Damaging
831,51.4155251141552,10,13,62.2151321786691,0.402301478543094,81.45,7,42642.8090049298,2,0.0042445268454015,2232,Significant_Damage_And_Serious_Injuries
9533,68.2648401826484,12,1,77.3017319963537,0.355781464118283,77.86,3,26248.7929504245,1,0.131215115356971,5194,Significant_Damage_And_Fatalities
5408,49.5890410958904,10,5,68.7784867821331,0.198911648034619,78.05,4,30307.857269128,2,0.0553718382352327,790,Significant_Damage_And_Serious_Injuries
1548,36.027397260274,14,2,64.2661804922516,0.502193292463036,76.58,3,16215.864398774,2,0.0784881253243107,2280,Significant_Damage_And_Serious_Injuries
5078,28.675799086758,20,1,44.3938012762078,0.339192931842769,83.72,3,33551.9758348096,1,0.167165430554854,10630,Highly_Fatal_And_Damaging
2018,24.1552511415525,14,1,56.4721969006381,0.523469888207717,76.43,7,22345.0322593983,4,0.001979077117428,10478,Significant_Damage_And_Fatalities
5076,22.1917808219178,15,1,90.2917046490429,0.286902993148215,77.3,4,41770.8047803057,0,0.0763693670508144,8794,Highly_Fatal_And_Damaging
9278,35.7077625570776,17,3,55.0136736554239,0.47911359538406,83.58,2,36933.8446810816,1,0.50266644592326,8912,Highly_Fatal_And_Damaging
2725,18.7214611872146,19,1,59.1613491340018,0.484883519653804,79.03,3,31442.5116481097,2,0.157172393214529,6352,Significant_Damage_And_Serious_Injuries
7836,22.1917808219178,15,6,65.3600729261623,0.274641904075009,78.52,1,19463.3735981959,2,0.721848475861016,9221,Highly_Fatal_And_Damaging
9264,36.7579908675799,10,1,56.9279854147676,0.490653443923548,78.32,1,17085.5195189085,2,0.664870453860243,7584,Significant_Damage_And_Fatalities
6926,53.9269406392694,12,23,50.8659981768459,0.500390191128741,77.91,2,31318.3861110589,1,0.423631715612385,10346,Minor_Damage_And_Injuries
8918,33.1963470319635,11,8,71.5587967183227,0.324046880634692,79.45,2,39615.1050970733,2,0.538167721698178,4580,Highly_Fatal_And_Damaging
278,33.1963470319635,11,2,65.1321786690975,0.513011900468806,79.73,4,14367.9657224963,2,0.0279903711072892,11427,Highly_Fatal_And_Damaging
2656,42.283105022831,16,0,64.4940747493163,0.345684096646231,76.36,5,36324.9430018409,2,0.0242450616027844,11813,Minor_Damage_And_Injuries
1763,31.1872146118721,16,4,61.7593436645397,0.456033898305084,80.06,6,21614.4889473999,3,0.0053072614677646,3662,Significant_Damage_And_Serious_Injuries
3296,71.689497716895,7,0,60.8477666362808,0.328374323837,78.17,2,28929.7446693501,2,0.391140729739186,279,Minor_Damage_And_Injuries
2446,20.5479452054795,15,0,70.5560619872379,0.241464839523981,78.16,4,35054.2608595548,1,0.0636819837649643,5596,Highly_Fatal_And_Damaging
915,61.7808219178082,13,17,64.4484958979034,0.408071402812838,78.85,7,43425.6129456688,2,0.0038509614556449,7576,Significant_Damage_And_Fatalities
8406,35.5707762557078,11,7,54.876937101185,0.450263974035341,81.56,4,48905.7708768602,2,0.0886488268505119,10676,Significant_Damage_And_Fatalities
2956,36.986301369863,10,14,72.0145852324522,0.302409664623152,81.15,1,36377.5107854939,4,1.34219324869291,6320,Highly_Fatal_And_Damaging
7033,46.1643835616438,15,17,83.8195077484048,0.289427335016228,87.79,2,44941.5809825117,3,0.606591695439003,10526,Minor_Damage_And_Injuries
3722,73.607305936073,10,13,60.5742935278031,0.385352326000721,84.01,7,42647.0633080233,4,0.0041111917228815,2673,Significant_Damage_And_Fatalities
6577,31.1415525114155,16,5,65.1321786690975,0.458918860439956,84.19,3,25740.8803418544,2,0.129476650579105,3062,Significant_Damage_And_Serious_Injuries
5571,48.4474885844749,14,8,73.746581586144,0.294836639019113,82.49,2,39875.6120144522,2,0.542719185044541,4904,Minor_Damage_And_Injuries
6652,22.7853881278539,15,7,73.4275296262534,0.368403173458348,89.19,6,47592.316643138,2,0.0116993176601363,6286,Highly_Fatal_And_Damaging
4542,31.7351598173516,15,0,82.1330902461258,0.238940497655968,81.2,3,22036.1723032917,2,0.110911641223805,9170,Significant_Damage_And_Serious_Injuries
470,68.6301369863014,8,21,61.6226071103008,0.634180310133429,77.98,5,34887.2172055117,4,0.0232444911274353,9967,Minor_Damage_And_Injuries
1636,62.6940639269406,6,5,78.0309936189608,0.414201947349441,78.47,2,19380.3444367151,3,0.256113629626921,9922,Significant_Damage_And_Serious_Injuries
6746,61.2785388127854,10,1,65.3600729261623,0.451345834835918,78.22,2,42036.9652735589,2,0.570660424199921,10899,Minor_Damage_And_Injuries
2223,56.4840182648402,12,4,59.9817684594348,0.37489433826181,77.74,3,42110.1776481671,3,0.209524889907619,11806,Minor_Damage_And_Injuries
5902,37.3059360730594,10,0,73.7010027347311,0.357945185719437,76.85,1,8335.48049352774,2,0.359229270794809,1327,Highly_Fatal_And_Damaging
4987,44.5205479452055,8,3,49.5442114858706,0.456755138838803,82.08,4,20108.8925524883,4,0.0370683583090205,5402,Significant_Damage_And_Fatalities
3145,38.6301369863014,13,1,56.1531449407475,0.372369996393797,80.77,3,21268.8395478725,0,0.105814390731254,1640,Minor_Damage_And_Injuries
6858,14.0639269406393,17,1,57.8851412944394,0.285821132347638,75.34,4,22535.7301853887,3,0.0412718889170117,4568,Highly_Fatal_And_Damaging
8344,40.7305936073059,16,2,76.253418413856,0.520945546339704,76.36,2,31290.8093282879,1,0.423504126503553,5735,Minor_Damage_And_Injuries
8556,25.9817351598173,14,3,73.9288969917958,0.437281644428417,82.17,4,28115.2649142718,2,0.0520195059207914,8833,Highly_Fatal_And_Damaging
2975,45.2054794520548,11,3,71.4220601640839,0.247234763793725,84.75,3,36166.0039080309,1,0.178257538798474,7925,Significant_Damage_And_Serious_Injuries
105,20.2283105022831,15,1,56.1531449407475,0.523469888207717,77.04,4,36683.4599205663,1,0.0678905095124799,6418,Significant_Damage_And_Fatalities
9595,70.3196347031963,7,1,88.0583409298086,0.188453660295708,79.88,5,32397.8028563726,3,0.0215975928521873,5290,Minor_Damage_And_Injuries
3510,15.7534246575342,19,23,59.3892433910666,0.300606563288856,79.05,6,31549.4473445581,1,0.0077834352630713,5450,Significant_Damage_And_Serious_Injuries
3920,46.1187214611872,15,0,59.9817684594348,0.517339343671114,76.95,1,17590.8270501035,3,0.647130362493558,6825,Minor_Damage_And_Injuries
2957,24.7488584474886,14,0,46.0346399270738,0.599921384781825,82.72,1,31633.6906386513,2,1.16322851754797,1323,Significant_Damage_And_Fatalities
2786,29.1780821917808,12,1,68.5961713764813,0.417086909484313,81.07,4,40657.7633959541,2,0.0744920387271988,9498,Highly_Fatal_And_Damaging
5231,69.7260273972603,8,2,66.0893345487694,0.346405337179949,76.35,1,41060.4258734818,2,1.50734589361924,11790,Minor_Damage_And_Injuries
9985,42.9680365296804,9,0,34.8678213309025,0.61939487919221,80.12,4,32628.399491092,2,0.0604039658593619,8914,Significant_Damage_And_Fatalities
3293,17.4885844748858,16,1,45.8067456700091,0.514093761269383,81.05,4,36240.4378835205,2,0.0658927127051911,9243,Significant_Damage_And_Fatalities
5081,22.3744292237443,18,0,58.3865086599818,0.345684096646231,84.82,6,38457.3958857102,2,0.0095037633351292,9789,Significant_Damage_And_Serious_Injuries
3250,39.634703196347,17,17,76.8915223336372,0.425020555355211,80.43,2,39903.4967278214,3,0.542924325866252,1942,Minor_Damage_And_Injuries
7439,60.1826484018265,7,6,75.38742023701,0.2923122971511,82.36,3,31750.404675562,1,0.155473833405764,5724,Significant_Damage_And_Serious_Injuries
3439,55.4337899543379,12,1,55.5150410209663,0.491374684457266,78.34,2,42084.5562508718,3,0.569552534009889,1720,Highly_Fatal_And_Damaging
3419,33.2420091324201,15,2,66.7274384685506,0.527076090876307,79.92,3,30175.0468331215,2,0.151460169601184,7897,Significant_Damage_And_Serious_Injuries
3442,17.8995433789954,20,8,67.0920692798541,0.469737468445727,79.59,3,33107.0646128733,4,0.166305014653227,9376,Significant_Damage_And_Serious_Injuries
7340,41.9178082191781,16,3,64.4940747493163,0.246513523260007,78.43,2,35342.3010579254,1,0.477812895620068,924,Minor_Damage_And_Injuries
3743,77.6712328767123,5,3,53.7830446672744,0.317916336098088,77.98,7,44372.3689299579,0,0.0042608748494113,1817,Minor_Damage_And_Injuries
4624,36.8493150684931,14,0,79.8085688240656,0.275723764875586,79.71,1,29216.4159909021,2,1.08869848224258,2900,Significant_Damage_And_Serious_Injuries
6234,39.1324200913242,10,6,72.0145852324522,0.225597547782185,79.39,1,34397.7574159421,2,1.2684727108881,8531,Highly_Fatal_And_Damaging
8652,47.9908675799087,14,19,62.306289881495,0.525272989542012,80.49,5,43319.3836375384,1,0.0292830716747344,7718,Minor_Damage_And_Injuries
4981,25.9817351598173,14,1,73.9288969917958,0.373451857194374,78.23,7,47673.7542926758,2,0.0043663249002705,5286,Highly_Fatal_And_Damaging
3363,53.5159817351598,12,8,80.6745670009116,0.319358817165525,83.11,2,24809.9057657367,3,0.335627808937991,6449,Minor_Damage_And_Injuries
5397,54.7945205479452,12,1,82.3154056517776,0.268150739271547,76.18,5,48820.2733551817,3,0.0324373855024073,11701,Minor_Damage_And_Injuries
5951,50.0456621004566,17,8,68.049225159526,0.527797331410025,83.82,7,11063.8680478305,2,0.0014294182752822,1650,Significant_Damage_And_Fatalities
3514,41.1415525114155,12,3,89.9726526891523,0.300606563288856,83.38,3,39455.0809877443,4,0.197841727574669,3572,Significant_Damage_And_Serious_Injuries
6578,23.4246575342466,14,18,61.2579762989973,0.448460872701046,76.07,4,43075.3746959144,2,0.0785727187769532,5468,Highly_Fatal_And_Damaging
1396,55.5707762557078,12,21,46.0802187784868,0.541140281283808,80.44,6,43993.907529507,3,0.0107524397887336,9777,Highly_Fatal_And_Damaging
3099,48.9041095890411,14,7,37.6481312670921,0.605691309051569,86.59,5,41873.4884147618,2,0.0281920327260977,9639,Minor_Damage_And_Injuries
8802,20.2283105022831,15,8,51.3673655423883,0.502914532996754,81.93,4,40129.1793437749,2,0.0745197124194174,1215,Significant_Damage_And_Fatalities
2780,32.8767123287671,15,4,78.3044667274385,0.239661738189686,83.34,7,24759.2173609027,3,0.0024652617412522,11176,Significant_Damage_And_Serious_Injuries
4594,42.9680365296804,15,25,77.4384685505925,0.450263974035341,82.13,5,32803.7517033394,1,0.0212246538797448,5162,Minor_Damage_And_Injuries
7038,20.5936073059361,23,6,65.4968094804011,0.19494482509917,78.84,4,28976.8387515777,2,0.0536168001945233,474,Minor_Damage_And_Injuries
8555,26.7123287671233,13,25,52.3245214220602,0.434396682293545,87.0,2,44340.4415424806,2,0.600381644287286,12018,Significant_Damage_And_Fatalities
397,47.8995433789954,18,12,45.897903372835,0.623001081860801,79.58,7,39222.4051184905,1,0.0034535908318688,12383,Significant_Damage_And_Serious_Injuries
1582,65.9817351598173,9,5,68.4594348222425,0.416005048683736,83.36,2,27154.0852458968,3,0.367490581778457,12142,Minor_Damage_And_Injuries
9272,36.4383561643836,18,0,74.7493163172288,0.361551388388027,79.61,5,38525.4141826784,2,0.025698683704725,6940,Minor_Damage_And_Injuries
8241,39.3607305936073,10,0,57.4749316317229,0.43583916336098,81.78,3,44882.6151076864,2,0.22568423147531,6201,Highly_Fatal_And_Damaging
8082,57.7168949771689,11,4,77.073837739289,0.232449332852506,80.99,1,34239.8497938214,0,1.2581610297204,11995,Minor_Damage_And_Injuries
2401,44.8858447488584,15,0,60.7110300820419,0.504717634331049,76.68,4,21688.9895257797,3,0.039778086972713,7577,Minor_Damage_And_Injuries
6437,37.5799086757991,10,1,87.4658158614403,0.16284962134872,80.65,4,37374.0515759079,3,0.0688968672168701,12027,Highly_Fatal_And_Damaging
1859,20.1826484018265,15,0,64.1294439380128,0.219106382978723,85.88,1,28326.8604547061,1,1.0324299109381,4760,Highly_Fatal_And_Damaging
1935,41.3698630136986,12,20,82.7256153144941,0.462885683375405,77.98,6,49040.7161051711,2,0.0126772159034145,7670,Significant_Damage_And_Serious_Injuries
8173,43.6986301369863,15,7,50.7748404740201,0.645720158672917,77.71,5,45760.7560852147,2,0.0309501756806459,4502,Highly_Fatal_And_Damaging
4133,52.5570776255708,13,2,82.1786690975388,0.268871979805265,79.54,2,32572.0731531787,2,0.440815074578912,9011,Minor_Damage_And_Injuries
5846,53.7442922374429,16,4,64.0382862351869,0.445936530833032,83.26,7,11025.734744313,3,0.0012442451096944,9569,Significant_Damage_And_Fatalities
1282,58.3561643835616,4,12,51.0027347310848,0.564219978362784,82.2,3,35387.6700736684,1,0.175707515440699,7625,Highly_Fatal_And_Damaging
9108,23.4246575342466,14,23,33.9562443026436,0.61939487919221,80.98,4,36889.7195181602,2,0.067317117305982,8183,Significant_Damage_And_Fatalities
1731,26.3926940639269,13,22,53.9653600729262,0.434396682293545,84.87,2,44340.4415424806,2,0.599383374249098,9211,Significant_Damage_And_Fatalities
909,36.027397260274,14,2,72.926162260711,0.406989542012261,80.9,3,51754.9703998605,2,0.253342148267452,9240,Significant_Damage_And_Serious_Injuries
4852,30.7305936073059,19,0,48.0401093892434,0.510848178867652,77.4,4,34735.4582523127,2,0.0639610596417436,2528,Highly_Fatal_And_Damaging
4195,31.1415525114155,12,8,57.5205104831358,0.478392354850342,77.83,2,47090.2569775878,1,0.633815557320407,7422,Highly_Fatal_And_Damaging
8580,42.9680365296804,15,8,59.4804010938925,0.273560043274432,78.97,2,34891.3609926551,2,0.472049970530307,6764,Minor_Damage_And_Injuries
5385,32.4200913242009,12,7,62.9443938012762,0.328734944103858,80.43,4,28809.1051846816,3,0.053751422666227,3037,Highly_Fatal_And_Damaging
836,36.1187214611872,11,15,65.8614402917047,0.449542733501623,81.39,1,39396.116621502,1,1.44569257769582,6617,Highly_Fatal_And_Damaging
6400,30.3196347031963,12,6,74.9316317228806,0.201796610169491,77.75,7,36804.6806506269,1,0.0033782993770544,7681,Highly_Fatal_And_Damaging
4514,16.0730593607306,17,12,87.693710118505,0.218745762711864,83.54,4,38100.9704663852,2,0.0698193987426945,8994,Highly_Fatal_And_Damaging
570,39.4520547945205,13,0,56.1531449407475,0.345323476379372,76.94,6,42176.9222862854,2,0.0093710126338232,12043,Minor_Damage_And_Injuries
6969,39.1780821917808,13,3,79.2160437556974,0.296639740353408,83.21,3,26346.5048146761,3,0.131363386693147,297,Significant_Damage_And_Serious_Injuries
6570,68.2648401826484,8,15,68.9608021877849,0.159604038946989,77.56,2,13938.9510270363,2,0.19418011329717,6027,Minor_Damage_And_Injuries
6690,38.5844748858447,13,8,70.8751139471286,0.205402812838081,79.05,3,34397.7574159421,1,0.170714949985897,5377,Significant_Damage_And_Serious_Injuries
8585,71.8721461187215,3,44,56.3810391978122,0.507602596465921,77.91,5,31556.3872802864,2,0.021344098679893,12347,Minor_Damage_And_Injuries
7721,33.1963470319635,12,14,71.5587967183227,0.351454020915975,87.86,5,48169.6410596784,3,0.0331848565099239,11076,Highly_Fatal_And_Damaging
5169,17.9908675799087,16,14,83.5460346399271,0.230646231518211,79.94,2,30415.652244998,2,0.411158531593447,1383,Highly_Fatal_And_Damaging
6188,70.0913242009132,11,1,68.4594348222425,0.421053732419762,79.23,7,25251.1155579363,3,0.0022674123879071,9944,Significant_Damage_And_Fatalities
2148,35.296803652968,14,5,65.8614402917047,0.362272628921745,78.63,4,22429.3371752232,2,0.040335527894257,5711,Significant_Damage_And_Serious_Injuries
1397,54.4292237442922,12,11,64.5852324521422,0.348569058781104,81.26,2,16069.2651727545,1,0.22104033381928,3566,Minor_Damage_And_Injuries
1573,67.9452054794521,12,2,75.3418413855971,0.243989181391994,82.15,7,42650.2691402097,1,0.0039725312065608,5487,Significant_Damage_And_Fatalities
4853,48.8584474885845,17,5,66.1804922515953,0.376336819329246,83.82,7,12239.7172862064,3,0.0014175332554113,5571,Significant_Damage_And_Fatalities
561,21.1872146118721,15,0,70.464904284412,0.290869816083664,75.84,7,37868.6045618699,2,0.0035626659416683,6520,Highly_Fatal_And_Damaging
2937,27.5799086757991,13,30,58.4776663628077,0.494620266858997,77.83,4,38859.9855662169,2,0.0714750024770554,11358,Highly_Fatal_And_Damaging
1803,35.2511415525114,11,4,79.2160437556974,0.301327803822575,81.82,4,32806.2895663649,1,0.0602230539580057,6158,Highly_Fatal_And_Damaging
4657,31.4611872146119,12,11,69.5077484047402,0.273560043274432,82.53,2,42416.2704287528,1,0.573748943852159,6888,Highly_Fatal_And_Damaging
8010,20.1369863013699,15,1,54.922515952598,0.34965091958168,76.49,4,31533.3961527062,1,0.0577759264269542,6343,Significant_Damage_And_Fatalities
5579,28.2648401826484,13,5,54.8313582497721,0.481277316985214,77.83,6,15949.8073396295,3,0.0031625042767745,4642,Significant_Damage_And_Fatalities
3561,57.1232876712329,8,19,73.0173199635369,0.341717273710782,79.26,6,44143.7353048618,0,0.0105252032379729,8465,Significant_Damage_And_Serious_Injuries
8998,56.5753424657534,8,6,80.0820419325433,0.523469888207717,80.98,4,38428.2020163946,2,0.0709905354811421,883,Significant_Damage_And_Serious_Injuries
3006,39.634703196347,17,8,69.4165907019143,0.19133862243058,77.91,2,27295.816524348,1,0.367490581778457,172,Minor_Damage_And_Injuries
7480,55.9817351598173,12,5,72.0145852324522,0.420332491886044,78.56,6,44888.1730165217,2,0.0106302255498573,1530,Minor_Damage_And_Injuries
6180,55.1141552511415,12,2,43.6645396536007,0.585496574107465,80.19,3,37438.206200471,2,0.18564707587063,10700,Highly_Fatal_And_Damaging
7151,4.65753424657534,20,1,57.5205104831358,0.345684096646231,78.92,1,13761.7202527562,2,0.51302895528027,8093,Highly_Fatal_And_Damaging
9128,24.5662100456621,17,0,70.7839562443026,0.480556076451497,80.62,3,44313.057976137,2,0.220238164001149,4525,Significant_Damage_And_Serious_Injuries
646,72.4657534246575,10,3,37.2835004557886,0.577923548503426,78.08,7,26531.1770939678,2,0.0023749885138663,10375,Significant_Damage_And_Serious_Injuries
7226,24.8401826484018,18,5,56.7456700091158,0.555204471691309,77.93,1,35966.2470220649,2,1.32525896658218,5349,Minor_Damage_And_Injuries
1363,29.2237442922374,16,7,47.1741112123974,0.537173458348359,81.45,3,30708.3381124411,3,0.153305643846655,7141,Minor_Damage_And_Injuries
2099,32.1004566210046,12,14,88.4685505925251,0.245071042192571,80.21,1,25712.689152338,2,0.948341399376559,6313,Highly_Fatal_And_Damaging
8431,24.8858447488584,14,19,59.4804010938925,0.448460872701046,79.37,4,34205.1278146446,2,0.0619475176403955,9646,Highly_Fatal_And_Damaging
3473,23.1050228310502,14,14,50.2278942570647,0.411316985214569,76.86,7,45290.8914732731,2,0.0039133288481627,4206,Highly_Fatal_And_Damaging
7507,37.8538812785388,17,11,75.1139471285324,0.281133068878471,79.62,4,20146.9172518634,1,0.0378292648966444,8840,Minor_Damage_And_Injuries
579,32.9223744292237,15,20,73.1996353691887,0.317916336098088,77.8,3,44362.5365040698,1,0.220452926670867,11222,Significant_Damage_And_Serious_Injuries
451,54.1552511415525,12,6,51.0027347310848,0.66988171655247,79.43,1,41729.0407240999,0,1.53479794159215,4687,Highly_Fatal_And_Damaging
7777,25.2511415525114,14,3,79.535095715588,0.333783627839884,79.63,7,29154.5445884083,2,0.0028565716091424,7454,Highly_Fatal_And_Damaging
4576,25.662100456621,21,1,58.3865086599818,0.282214929679048,78.11,1,27678.5183953478,1,1.02511328238221,7277,Minor_Damage_And_Injuries
7296,18.7671232876712,16,1,73.0173199635369,0.222351965380454,78.7,1,45351.5663157796,2,1.64589054204515,11725,Highly_Fatal_And_Damaging
381,15.7534246575342,20,5,82.1330902461258,0.434396682293545,87.34,4,35921.3147111583,2,0.0667522739749065,4845,Significant_Damage_And_Serious_Injuries
6575,30.8219178082192,16,14,53.6463081130356,0.48632600072124,76.58,7,36010.8964759583,2,0.0029809992085563,10055,Minor_Damage_And_Injuries
732,45.0684931506849,15,3,81.8140382862352,0.338471691309052,79.45,6,29720.293822257,1,0.0074386021940639,4909,Minor_Damage_And_Injuries
6092,44.8401826484018,8,22,71.9690063810392,0.318637576631806,81.9,7,64297.6512179186,3,0.0043835591564751,5870,Highly_Fatal_And_Damaging
1775,33.972602739726,11,4,64.3573381950775,0.324046880634692,76.23,1,31106.678555533,2,1.1470704674453,1329,Highly_Fatal_And_Damaging
9743,19.6803652968037,16,5,60.8021877848678,0.395089073205914,77.65,1,45265.3882053258,4,1.66486418964678,6879,Highly_Fatal_And_Damaging
7254,32.5570776255708,12,0,41.4311759343665,0.633459069599711,80.82,4,32448.2626381128,1,0.0585884246430177,4554,Significant_Damage_And_Fatalities
2915,38.7214611872146,13,0,52.3245214220602,0.323325640100974,82.43,3,27520.4924785671,1,0.136897973743858,9374,Minor_Damage_And_Injuries
1618,22.8310502283105,18,14,65.9070191431176,0.387876667868734,81.44,6,37241.4014656805,1,0.009142216051072,10398,Significant_Damage_And_Serious_Injuries
1315,9.49771689497717,18,4,73.0628988149499,0.323325640100974,80.03,4,21240.300662289,1,0.0384089818644619,9711,Highly_Fatal_And_Damaging
8985,48.9041095890411,14,0,66.9097538742024,0.352535881716553,76.95,5,41646.5245489458,1,0.0288171950116467,2158,Minor_Damage_And_Injuries
1700,57.3972602739726,8,16,78.4412032816773,0.276084385142445,80.01,6,40413.0386474199,2,0.0096178978002655,752,Significant_Damage_And_Serious_Injuries
2180,69.7716894977169,8,2,71.0574293527803,0.330538045438154,76.14,2,29821.7823571095,3,0.403561045518032,5671,Minor_Damage_And_Injuries
3475,29.2694063926941,13,5,49.6809480401094,0.368403173458348,81.23,2,37572.3349371428,2,0.508617991345571,12207,Significant_Damage_And_Fatalities
3152,63.6529680365297,10,1,54.2844120328168,0.457476379372521,79.1,2,11806.5506664532,2,0.146846222191999,1134,Highly_Fatal_And_Damaging
557,36.4383561643836,11,1,50.6836827711942,0.52238802740714,79.89,4,39289.2011014814,3,0.0715707647756609,8141,Significant_Damage_And_Fatalities
8922,54.8858447488584,15,3,61.6226071103008,0.656538766678687,81.93,7,35769.9337769873,3,0.0033277485797254,12120,Significant_Damage_And_Fatalities
6625,26.5296803652968,17,7,77.1194165907019,0.344602235845654,87.43,6,49095.2502059493,2,0.0123576408107368,5526,Significant_Damage_And_Serious_Injuries
7636,12.6940639269406,18,13,50.1367365542388,0.448460872701046,83.81,4,34811.6846134921,1,0.0639057568277937,12360,Significant_Damage_And_Fatalities
7987,44.7945205479452,8,3,52.9170464904284,0.426823656689506,79.39,1,35207.2285556311,2,1.29244238360314,8877,Significant_Damage_And_Fatalities
2496,46.62100456621,8,10,76.5724703737466,0.237137396321673,80.83,1,49358.5325672116,1,1.88294981148486,1695,Highly_Fatal_And_Damaging
1551,48.6301369863014,7,2,76.7547857793984,0.305294626758024,77.27,4,33323.2909885593,2,0.0609647807572276,6016,Highly_Fatal_And_Damaging
3203,37.7625570776256,14,4,54.4667274384686,0.372009376126938,82.99,2,26172.1782344246,3,0.355282942083275,9034,Minor_Damage_And_Injuries
7454,19.1780821917808,16,1,74.2479489516864,0.204320952037505,79.16,1,18660.8960062486,2,0.680514977631127,8775,Highly_Fatal_And_Damaging
1710,33.7899543378995,15,2,54.9680948040109,0.372009376126938,81.71,2,44363.1891191291,1,0.600082621498808,3885,Minor_Damage_And_Injuries
8516,41.8264840182648,12,0,63.8559708295351,0.284739271547061,81.18,3,17011.9552427058,4,0.0815450263010881,3186,Significant_Damage_And_Serious_Injuries
9366,52.7397260273972,13,2,63.7192342752963,0.225958168049044,83.83,5,37318.5134929379,2,0.0240574874578318,523,Minor_Damage_And_Injuries
4126,19.5433789954338,19,0,38.9243391066545,0.612543094121889,88.01,1,33952.9192761142,2,1.2581610297204,2392,Minor_Damage_And_Injuries
6960,54.7945205479452,12,5,39.8814949863264,0.676733501622791,79.89,6,37292.1290296158,1,0.0091038778512197,4709,Highly_Fatal_And_Damaging
2591,62.6940639269406,7,20,46.9462169553327,0.451345834835918,87.43,3,38242.1306477436,1,0.190706009318853,4732,Significant_Damage_And_Serious_Injuries
9296,37.4885844748858,10,21,71.2397447584321,0.261659574468085,77.56,7,33980.6616754711,2,0.0031467667003417,2704,Highly_Fatal_And_Damaging
8318,43.1963470319635,15,8,60.5287146763902,0.315752614496934,77.16,2,32158.5045387508,0,0.43265129710754,6881,Minor_Damage_And_Injuries
9463,52.3744292237443,9,11,61.6226071103008,0.542582762351244,77.55,4,36687.8536553496,2,0.0677821045621251,5494,Highly_Fatal_And_Damaging
9263,79.634703196347,8,19,69.4165907019143,0.322604399567255,86.1,4,42416.2704287528,3,0.0772893482296273,1716,Significant_Damage_And_Fatalities
7640,33.2876712328767,15,4,64.7219690063811,0.4145625676163,77.63,3,29267.1648734599,2,0.145406245169267,826,Significant_Damage_And_Serious_Injuries
1696,29.1780821917808,13,4,82.3154056517776,0.174389469888207,82.43,4,35236.6318842485,1,0.0643079310837254,608,Highly_Fatal_And_Damaging
7532,57.2602739726027,8,3,72.0601640838651,0.420332491886044,77.09,5,23674.0618451923,1,0.0153310618746404,4286,Significant_Damage_And_Serious_Injuries