,Safety_Score,Days_Since_Inspection,Total_Safety_Complaints,Control_Metric,Turbulence_In_gforces,Cabin_Temperature,Accident_Type_Code,Max_Elevation,Violations,Adverse_Weather_Metric,Accident_ID,Severity
9622,45.8904109589041,18,1,54.5578851412944,0.368763793725207,79.01,5,34108.4950856052,3,0.0228367689591343,5326,Significant_Damage_And_Fatalities
3056,41.8264840182648,12,8,64.3573381950775,0.2201882437793,79.17,5,30878.7985441465,2,0.0194114223825463,10088,Significant_Damage_And_Serious_Injuries
6801,57.351598173516,8,19,71.5587967183227,0.388958528669311,79.54,3,44143.7353048618,1,0.221921190822919,5957,Significant_Damage_And_Serious_Injuries
1438,34.8401826484018,15,14,46.6271649954421,0.537173458348359,78.95,6,21768.7855190636,2,0.0053269775279318,895,Minor_Damage_And_Injuries
7924,39.4520547945205,17,4,73.746581586144,0.282214929679048,77.94,1,30017.3106085214,1,1.10726459904649,5873,Minor_Damage_And_Injuries
9519,29.6803652968037,20,15,55.0592525068368,0.473704291381176,80.67,4,31273.8223991224,2,0.0577073115841411,5721,Highly_Fatal_And_Damaging
8275,28.4018264840183,13,5,67.2743846855059,0.298803461954562,81.26,5,28222.6869817888,2,0.0183426417789464,7314,Highly_Fatal_And_Damaging
9647,33.7899543378995,15,1,79.8541476754786,0.283296790479625,78.73,6,29575.3516590254,1,0.0075474211301194,2927,Significant_Damage_And_Serious_Injuries
2021,56.3013698630137,12,9,59.9361896080219,0.42177497295348,82.01,2,37411.153141132,1,0.505802785572527,926,Minor_Damage_And_Injuries
560,25.3881278538813,18,0,73.1084776663628,0.223433826181031,80.78,4,22172.7226577113,3,0.040335527894257,7844,Significant_Damage_And_Serious_Injuries
682,44.337899543379,15,14,77.848678213309,0.262380815001803,78.56,1,32538.6591268151,3,1.18749207933344,10615,Minor_Damage_And_Injuries
8155,64.2009132420091,13,7,63.5369188696445,0.513011900468806,77.62,7,28451.0147010119,1,0.0027335754620237,5044,Significant_Damage_And_Fatalities
9314,53.1050228310502,9,4,69.4165907019143,0.481637937252074,77.62,2,20514.7937829077,3,0.277637542715051,2708,Highly_Fatal_And_Damaging
9044,46.1187214611872,15,2,64.6308113035552,0.502914532996754,83.5,5,19433.6327994899,2,0.0130313613858333,2985,Minor_Damage_And_Injuries
7677,53.7899543378995,12,0,50.6836827711942,0.645720158672917,80.16,3,41138.0780833803,1,0.205286208938162,3469,Highly_Fatal_And_Damaging
641,53.4703196347032,16,0,80.1276207839562,0.269953840605842,78.23,7,37908.7765733728,2,0.0035397863540265,6627,Significant_Damage_And_Fatalities
2419,39.7260273972603,13,7,75.4785779398359,0.311064551027768,77.65,4,21554.55213466,1,0.0391679024826592,7653,Significant_Damage_And_Serious_Injuries
8684,13.9269406392694,21,7,68.7784867821331,0.283296790479625,76.61,3,40238.3320935957,1,0.199990448988869,9638,Significant_Damage_And_Serious_Injuries
32,48.3561643835616,7,2,76.7547857793984,0.293033537684818,77.27,4,41509.545282458,3,0.0758299007487241,8779,Highly_Fatal_And_Damaging
92,23.1050228310502,14,22,37.5113947128533,0.577923548503426,79.74,1,38783.3566123134,3,1.41925629416222,1491,Significant_Damage_And_Fatalities
8446,52.4657534246575,13,7,54.2844120328168,0.462164442841687,80.5,5,6740.55705429001,4,0.0025979797481065,6934,Highly_Fatal_And_Damaging
6666,69.4520547945205,8,0,54.1932543299909,0.392564731337901,81.06,2,40360.6120851516,1,0.545838815985827,3735,Highly_Fatal_And_Damaging
4715,38.8127853881278,13,22,68.6873290793072,0.192059862964299,89.51,6,46328.8706815311,1,0.0117758107745166,2151,Significant_Damage_And_Serious_Injuries
7413,39.1780821917808,10,5,57.4749316317229,0.385352326000721,81.78,3,28135.9173146792,3,0.140526429214543,1858,Highly_Fatal_And_Damaging
1393,50.2283105022831,13,12,68.5961713764813,0.359748287053732,83.97,2,38266.3884130149,0,0.51978130044264,10635,Minor_Damage_And_Injuries
1256,46.8949771689498,11,1,51.3673655423883,0.480556076451497,79.89,2,40177.3017762019,3,0.542971582342991,8462,Minor_Damage_And_Injuries
8356,19.5433789954338,20,12,52.5524156791249,0.307818968626037,80.64,1,28475.1600066966,1,1.03719790787182,11128,Minor_Damage_And_Injuries
2665,52.283105022831,9,11,77.5296262534184,0.31394951316264,82.88,3,41468.3975005761,2,0.204025292477825,10107,Significant_Damage_And_Serious_Injuries
7849,35.7077625570776,11,10,73.6098450319052,0.405907681211684,77.65,2,31638.629323934,3,0.429665880521725,863,Highly_Fatal_And_Damaging
605,29.5890410958904,13,15,54.922515952598,0.458197619906239,87.0,4,36093.8087038102,2,0.0659924427036663,1192,Significant_Damage_And_Fatalities
3166,44.5662100456621,15,7,48.2224247948952,0.660144969347277,79.06,1,38365.1310509113,1,1.41153842752558,3913,Highly_Fatal_And_Damaging
5041,54.5205479452055,8,0,73.2907930720146,0.27788748647674,81.61,6,34032.0959991224,0,0.0086107037487961,4177,Significant_Damage_And_Serious_Injuries
8613,23.4246575342466,14,0,81.4038286235187,0.291230436350523,81.94,4,36065.2085271643,2,0.0659869669203887,441,Highly_Fatal_And_Damaging
7144,40.6392694063927,9,5,75.7064721969006,0.397613415073927,79.51,6,27093.0972739741,1,0.0065128452190992,3291,Highly_Fatal_And_Damaging
6455,23.5616438356164,14,3,67.8213309024613,0.158882798413271,79.94,7,31278.3864504925,1,0.0029156570877262,2431,Highly_Fatal_And_Damaging
423,36.4383561643836,14,6,58.3865086599818,0.488850342589253,84.82,3,40087.8033399125,2,0.199289301025328,11941,Significant_Damage_And_Serious_Injuries
1628,34.337899543379,11,4,88.6508659981769,0.226679408582762,78.18,4,53915.3329941275,1,0.100005416841789,7699,Highly_Fatal_And_Damaging
5293,36.2557077625571,11,1,57.4293527803099,0.466491886043996,79.79,4,29061.3146985624,3,0.0531772420885427,12465,Highly_Fatal_And_Damaging
1693,27.8082191780822,13,1,50.1367365542388,0.57648106743599,78.51,1,35861.4183500678,2,1.31926785422382,9657,Significant_Damage_And_Fatalities
7207,44.0639269406393,9,0,52.8714676390155,0.381385503065272,78.47,4,49219.0617824752,2,0.0915074626693022,11964,Significant_Damage_And_Fatalities
7260,31.1415525114155,12,3,56.4721969006381,0.463606923909124,84.27,1,29536.6428318262,1,1.08659236590527,6634,Significant_Damage_And_Fatalities
3372,31.9634703196347,15,1,63.7192342752963,0.334865488640461,84.1,3,47530.9062148968,3,0.234985280834006,11794,Significant_Damage_And_Serious_Injuries
2350,16.1187214611872,17,12,80.2187784867822,0.483080418319509,81.82,4,19391.6963047019,2,0.0353204941879463,8911,Highly_Fatal_And_Damaging
5181,34.7488584474886,15,3,83.2725615314494,0.346405337179949,79.78,3,31091.6766527067,0,0.1545353277621,1986,Significant_Damage_And_Serious_Injuries
2059,34.0182648401826,18,1,71.5587967183227,0.424299314821493,78.75,4,37047.5511597612,2,0.0679180602164867,1265,Minor_Damage_And_Injuries
45,53.6529680365297,9,2,53.0993618960802,0.410235124413992,80.0,3,22418.7974598276,3,0.111669094338871,6047,Minor_Damage_And_Injuries
8701,30.2283105022831,12,10,74.9316317228806,0.265626397403534,80.21,5,36804.6806506269,3,0.0242272154503316,6494,Highly_Fatal_And_Damaging
7045,41.6438356164383,19,12,58.6599817684595,0.462164442841687,76.63,1,27179.8728762575,4,1.00088140899979,2291,Significant_Damage_And_Fatalities
6893,40.6392694063927,9,6,54.0565177757521,0.380303642264695,77.25,4,29538.27364245,2,0.0539003607023165,12416,Significant_Damage_And_Fatalities
1698,68.9954337899543,11,10,54.0565177757521,0.605691309051569,82.25,2,31738.5463084419,1,0.429074922493588,9145,Highly_Fatal_And_Damaging
3966,34.7945205479452,11,0,74.2479489516864,0.198190407500902,80.49,6,37066.9622418898,1,0.0084067327022918,9737,Highly_Fatal_And_Damaging
5152,40.8219178082192,13,2,56.1531449407475,0.345323476379372,76.95,4,39740.0201192797,0,0.0723253469968561,8926,Minor_Damage_And_Injuries
7393,58.6301369863014,7,2,71.1941659070192,0.246513523260007,80.05,7,38899.6594446884,3,0.0035331392273821,7036,Highly_Fatal_And_Damaging
1694,33.7899543378995,11,2,73.6098450319052,0.394728452939055,81.76,1,33951.8558365343,4,1.25721259834829,1981,Highly_Fatal_And_Damaging
3009,31.689497716895,19,7,71.1941659070192,0.460361341507393,79.4,5,27487.6888024332,2,0.0185203892363935,5869,Minor_Damage_And_Injuries
8379,29.5433789954338,20,4,76.4813126709207,0.28149368914533,76.68,7,30384.1142456733,4,0.0028193821835653,3114,Minor_Damage_And_Injuries
7847,34.6118721461187,14,5,72.3792160437557,0.413480706815723,79.27,1,24605.471319083,2,0.901972619496758,2447,Significant_Damage_And_Serious_Injuries
4316,31.5981735159817,15,8,72.7438468550593,0.186650558961413,76.9,3,40239.8802618811,3,0.202521398591503,12385,Significant_Damage_And_Serious_Injuries
498,57.6712328767123,11,11,77.073837739289,0.245792282726289,76.56,2,36485.4300529179,2,0.494215710204564,2486,Minor_Damage_And_Injuries
2279,14.703196347032,17,1,50.0,0.745972592859718,79.97,1,36597.9702560012,5,1.3604017161145,10511,Significant_Damage_And_Fatalities
612,39.4520547945205,10,6,77.7575205104832,0.329456184637577,77.83,4,35704.4771368743,2,0.0649477413797909,2092,Highly_Fatal_And_Damaging
1890,51.8721461187215,6,1,66.1804922515953,0.298803461954562,79.31,3,13688.0852967169,3,0.0693979507759365,1306,Highly_Fatal_And_Damaging
8087,23.0593607305936,14,15,56.1987237921604,0.362633249188604,80.55,6,39646.0018104717,3,0.0102550034172396,8286,Highly_Fatal_And_Damaging
9469,17.7168949771689,16,1,51.4585232452142,0.509766318067075,77.17,1,11268.2935055275,1,0.359229270794809,2139,Significant_Damage_And_Fatalities
967,68.1278538812785,8,14,42.8441203281678,0.584054093040028,77.77,2,26365.8261288618,2,0.358006957129077,9688,Highly_Fatal_And_Damaging
2561,42.3287671232877,9,9,88.0583409298086,0.281854309412189,81.73,1,34371.5426025527,3,1.2680776739922,313,Highly_Fatal_And_Damaging
9142,45.3424657534247,15,5,74.0200546946217,0.178356292823656,78.08,6,9759.36233674942,2,0.0027925418240612,11163,Minor_Damage_And_Injuries
2088,44.5662100456621,12,1,63.8559708295351,0.284739271547061,84.48,6,27372.9129741752,0,0.0068338505529855,1169,Significant_Damage_And_Serious_Injuries
8310,40.8219178082192,13,1,69.8268003646308,0.324046880634692,78.55,3,38350.7195579992,2,0.190986047416388,3083,Significant_Damage_And_Serious_Injuries
9729,61.4155251141552,14,2,54.4211485870556,0.480916696718355,76.6,2,47251.5827787636,3,0.640473588799548,11286,Highly_Fatal_And_Damaging
1446,40.9132420091324,16,3,61.7137648131267,0.386794807068157,83.1,1,23785.9624040255,1,0.876481842754786,5171,Minor_Damage_And_Injuries
2427,28.2191780821918,13,0,66.6362807657247,0.425741795888929,81.2,2,23407.410999469,2,0.316958074115973,5240,Highly_Fatal_And_Damaging
3092,36.3470319634703,14,2,52.4156791248861,0.456033898305084,78.47,7,33289.1776385925,1,0.0031164589957626,7015,Minor_Damage_And_Injuries
1427,45.4337899543379,11,1,62.7164995442115,0.23461305445366,79.17,4,29944.115484551,2,0.0548654683705585,1221,Significant_Damage_And_Serious_Injuries
1659,65.7990867579909,9,15,54.2388331814038,0.462164442841687,78.79,2,37908.0818850219,3,0.513814376738229,705,Highly_Fatal_And_Damaging
6371,19.5433789954338,23,7,66.362807657247,0.368403173458348,80.67,4,41232.8372944868,1,0.0751520617256795,9911,Minor_Damage_And_Injuries
6986,70.5479452054795,11,1,57.1558796718323,0.498587089794446,78.31,7,46975.2757673933,2,0.00399284362384,2722,Significant_Damage_And_Serious_Injuries
4350,42.1004566210046,12,2,69.1431175934367,0.380303642264695,81.23,3,35291.7978906572,1,0.175624748220402,11135,Significant_Damage_And_Serious_Injuries
7134,33.8356164383562,15,2,67.6845943482224,0.294115398485395,81.87,3,43568.4879176962,3,0.214762760356308,5803,Significant_Damage_And_Serious_Injuries
1774,56.5296803652968,12,4,39.8359161349134,0.676733501622791,77.28,2,49762.7970613739,3,0.680017846372208,10716,Highly_Fatal_And_Damaging
6101,18.5388127853881,16,12,62.4430264357338,0.314670753696357,77.53,6,33914.1168763119,1,0.0091876148524485,2742,Highly_Fatal_And_Damaging
186,47.1232876712329,11,16,55.7885141294439,0.311785791561485,80.25,2,24422.9434302412,3,0.330528596660346,535,Minor_Damage_And_Injuries
2347,26.7123287671233,13,1,48.8149498632635,0.520945546339704,81.05,4,32732.6183611824,2,0.0604465525608029,5856,Significant_Damage_And_Fatalities
8006,8.53881278538813,19,9,73.2907930720146,0.323325640100974,79.43,2,31046.6876028269,3,0.417407395915758,7366,Highly_Fatal_And_Damaging
7649,21.7351598173516,15,19,91.1121239744758,0.257692751532636,78.53,4,20028.1631631448,3,0.0356172029643824,4667,Highly_Fatal_And_Damaging
6563,31.9178082191781,19,0,59.3892433910666,0.344962856112513,84.1,4,47530.9062148968,4,0.0867471686429157,11068,Minor_Damage_And_Injuries
6440,39.8173515981735,17,0,64.2661804922516,0.448460872701046,76.9,4,28029.8302949651,1,0.0523085891514352,10137,Minor_Damage_And_Injuries
5587,46.8949771689498,11,0,57.6116681859617,0.470458708979445,78.47,3,34761.3720323749,3,0.172361875338915,5941,Significant_Damage_And_Serious_Injuries
2361,52.3744292237443,9,14,91.0665451230629,0.328734944103858,80.77,3,32746.1554861564,2,0.163526332695922,5600,Highly_Fatal_And_Damaging
3744,63.972602739726,9,2,84.6855059252507,0.248316624594302,80.26,5,30107.3466414306,1,0.0210757990183275,548,Minor_Damage_And_Injuries
9057,27.8538812785388,13,5,51.2762078395624,0.526354850342589,81.44,4,14367.9657224963,3,0.0261055313866679,2880,Significant_Damage_And_Fatalities
8714,16.1643835616438,17,3,71.3764813126709,0.331259285971872,80.37,4,34800.646575157,3,0.0638479625702225,11706,Highly_Fatal_And_Damaging
6443,41.324200913242,16,4,61.8505013673656,0.52960043274432,80.25,7,35247.2887973971,1,0.0033344237495031,12273,Minor_Damage_And_Injuries
56,37.1689497716895,14,3,62.7620783956244,0.329095564370718,79.63,1,10730.4301304362,1,0.359229270794809,2835,Significant_Damage_And_Serious_Injuries
2505,42.9223744292237,15,3,52.2789425706472,0.330177425171295,79.22,2,37999.3671044333,1,0.516512802350989,2020,Minor_Damage_And_Injuries
3566,44.337899543379,15,19,69.4621695533273,0.440887847097007,76.98,2,40116.9830129984,2,0.542094435555297,7020,Minor_Damage_And_Injuries
4374,30.7762557077626,16,18,67.228805834093,0.409513883880274,83.64,3,27506.1966528776,2,0.136897973743858,4387,Significant_Damage_And_Serious_Injuries
7304,30.0913242009132,19,0,50.9571558796719,0.439445366029571,77.98,4,38506.4933537661,2,0.0701068078993242,5344,Highly_Fatal_And_Damaging
1236,80.958904109589,8,14,58.9334548769371,0.511208799134511,78.33,1,33179.9160046628,3,1.22329525541161,2482,Significant_Damage_And_Fatalities
2877,54.0182648401826,12,17,54.4667274384686,0.388237288135593,75.8,1,47529.6867723926,2,1.72052881699442,11622,Highly_Fatal_And_Damaging
6564,44.4292237442922,8,14,61.485870556062,0.433314821492968,86.43,3,14552.7349096771,2,0.0751392310460593,7197,Highly_Fatal_And_Damaging
5450,44.7945205479452,8,13,35.5059252506837,0.705583122971511,79.89,6,39453.1956384473,2,0.0093983482120637,4291,Highly_Fatal_And_Damaging
4192,23.013698630137,15,15,73.6554238833182,0.388958528669311,89.19,6,48169.6410596784,2,0.0112156858335881,9331,Highly_Fatal_And_Damaging
7826,26.2557077625571,17,13,64.3117593436645,0.445215290299315,78.49,6,32439.2562768273,2,0.0080489710467635,3545,Significant_Damage_And_Serious_Injuries
5818,57.1689497716895,8,2,67.7301731996354,0.340274792643346,76.35,6,32554.6018713331,1,0.0080249482559319,10978,Significant_Damage_And_Serious_Injuries
6221,56.5753424657534,12,6,70.1914311759344,0.316834475297511,80.37,2,38350.7195579992,0,0.519355070097568,1636,Minor_Damage_And_Injuries
9239,46.5753424657534,11,7,41.6134913400182,0.624804183195095,82.58,2,40343.5706342527,1,0.545307675232046,6077,Minor_Damage_And_Injuries
8299,44.4748858447489,8,3,62.1239744758432,0.330898665705012,77.29,4,36408.268565211,3,0.0664963794143816,1153,Highly_Fatal_And_Damaging
905,21.8721461187215,15,9,48.5870556061987,0.582250991705733,78.54,1,48437.4400756808,3,1.79913125355139,6921,Significant_Damage_And_Fatalities
9638,48.2648401826484,10,7,41.4311759343665,0.458918860439956,79.77,6,17731.5542769187,3,0.0044624450415269,713,Minor_Damage_And_Injuries
6945,29.4063926940639,13,5,70.9206927985415,0.430790479624955,77.09,1,33393.5930883868,2,1.22964533075899,4678,Highly_Fatal_And_Damaging
4131,20.1826484018265,15,3,48.313582497721,0.460000721240533,79.09,4,26548.8926588994,1,0.0476631666833656,5976,Significant_Damage_And_Fatalities
4045,31.9634703196347,15,0,61.5770282588879,0.483801658853228,83.57,2,36109.0128717011,2,0.488682348438616,3211,Significant_Damage_And_Serious_Injuries
7347,19.6803652968037,16,11,61.9872379216044,0.500029570861882,78.16,1,13860.5783162698,2,0.518572471316774,10883,Highly_Fatal_And_Damaging
448,38.3561643835616,13,0,92.1148587055606,0.179438153624233,78.54,5,37623.173029289,3,0.0245030952312339,12139,Significant_Damage_And_Serious_Injuries
2776,70.6849315068493,11,1,67.4111212397448,0.272838802740714,82.14,5,20721.9313806503,1,0.0146382192559913,9095,Significant_Damage_And_Fatalities
1154,33.0593607305936,12,9,58.4776663628077,0.478392354850342,78.29,1,32621.5261592713,3,1.21296402356341,11947,Highly_Fatal_And_Damaging
5959,50.3196347031963,13,0,56.1987237921604,0.462525063108547,79.05,2,43774.3397181047,2,0.592637233865426,1551,Highly_Fatal_And_Damaging
5263,58.675799086758,11,22,74.4758432087512,0.364436350522899,82.36,2,30068.5787324876,2,0.405852963176552,9547,Minor_Damage_And_Injuries
5694,45.4794520547945,11,6,30.7201458523245,0.729744680851064,77.95,5,20785.9376416058,3,0.0143207282477566,10050,Minor_Damage_And_Injuries
7709,56.2100456621004,15,0,67.6390154968095,0.340274792643346,76.68,2,57329.6806139297,2,0.751591484711042,1949,Significant_Damage_And_Fatalities
261,30.0,13,10,66.6818596171377,0.298803461954562,79.06,7,39352.599729106,3,0.0036686543020851,7631,Highly_Fatal_And_Damaging
3493,52.7397260273972,13,0,68.1403828623519,0.276084385142445,82.14,7,56326.3502441608,2,0.0043835591564751,9876,Minor_Damage_And_Injuries
267,45.2054794520548,15,5,77.5296262534184,0.343159754778218,78.51,2,17636.0304067748,1,0.249915956802835,10473,Minor_Damage_And_Injuries
6110,80.5936073059361,8,14,56.8368277119417,0.502914532996754,76.41,7,36458.5802116072,2,0.0029492186239812,11271,Significant_Damage_And_Fatalities
757,20.2283105022831,15,3,55.6973564266181,0.418529390551749,76.51,1,38752.9477457052,0,1.42869567940064,10629,Significant_Damage_And_Fatalities
959,36.1643835616438,14,3,66.4995442114859,0.339553552109629,78.97,3,44801.7323161748,2,0.223008337378143,4806,Significant_Damage_And_Serious_Injuries
280,48.4018264840183,11,4,84.5487693710119,0.326210602235846,81.75,7,49602.284205741,2,0.0046095259518669,4916,Significant_Damage_And_Serious_Injuries
9968,54.4292237442922,12,8,69.690063810392,0.280411828344753,81.26,2,6695.81475147089,1,0.0595076217413258,9885,Minor_Damage_And_Injuries
8432,32.3744292237443,12,5,48.9061075660894,0.431872340425532,78.23,1,24605.471319083,2,0.890281948019857,12220,Highly_Fatal_And_Damaging
9087,43.7899543378995,12,2,79.8997265268915,0.396892174540209,87.51,6,31058.2127635566,1,0.0077776895832287,3881,Significant_Damage_And_Serious_Injuries
3590,35.7077625570776,14,5,65.8614402917047,0.247595384060584,82.01,6,26880.3421862433,2,0.006779075890754,5572,Significant_Damage_And_Serious_Injuries
6435,52.5114155251141,13,11,69.9179580674567,0.369124413992066,80.03,2,43971.7104530714,2,0.592637233865426,965,Minor_Damage_And_Injuries
730,56.9406392694064,11,10,76.5724703737466,0.24543166245943,77.99,2,31870.4161540756,3,0.433461888131798,9063,Minor_Damage_And_Injuries
3441,41.2785388127854,13,8,71.9690063810392,0.31358889289578,77.86,5,23733.486318278,0,0.0151268704731323,3235,Significant_Damage_And_Serious_Injuries
4761,7.44292237442922,19,7,29.8997265268915,0.606412549585286,82.15,4,41873.4884147618,2,0.076505897644789,386,Significant_Damage_And_Fatalities
1088,32.5570776255708,12,2,54.6946216955333,0.256971510998918,78.72,1,15261.9932578438,1,0.602998606866232,10318,Significant_Damage_And_Fatalities
8762,71.7808219178082,11,7,75.5241567912489,0.28149368914533,87.47,7,25716.0391227479,2,0.0023460657550054,6674,Significant_Damage_And_Fatalities
5779,34.4748858447488,11,0,70.1458523245214,0.337029210241615,79.21,4,25934.1184942047,3,0.0475281667429399,4803,Highly_Fatal_And_Damaging
9765,17.5799086757991,16,2,57.7484047402006,0.438002884962135,77.27,1,20061.6577544012,0,0.740331809983515,2817,Highly_Fatal_And_Damaging
5716,37.0776255707762,14,16,88.6508659981769,0.245071042192571,78.92,6,43569.6921226912,1,0.0108306048672192,10796,Significant_Damage_And_Serious_Injuries
2406,63.972602739726,6,2,64.6308113035552,0.365518211323476,83.1,3,44792.4219458738,1,0.222453976681263,6149,Significant_Damage_And_Serious_Injuries
7492,32.4657534246575,15,18,76.0255241567913,0.317916336098088,77.17,1,20399.7828161936,2,0.74626961323349,3430,Significant_Damage_And_Serious_Injuries
8225,18.7214611872146,19,8,64.5396536007293,0.341717273710782,78.73,3,45004.8195801942,0,0.223615476753343,7215,Significant_Damage_And_Serious_Injuries
6569,34.8401826484018,11,19,65.587967183227,0.417447529751172,82.06,2,12376.5613732312,4,0.163093375665196,1793,Highly_Fatal_And_Damaging
6970,41.689497716895,13,6,67.3655423883318,0.372369996393797,82.33,4,29628.1684072965,3,0.055088709360491,7071,Significant_Damage_And_Serious_Injuries
7974,47.1232876712329,11,0,50.7748404740201,0.493899026325279,75.67,2,37459.086597803,1,0.506635384734012,5597,Minor_Damage_And_Injuries
8248,28.6301369863014,13,2,99.9544211485871,0.370927515326361,82.49,4,27009.5953686171,3,0.0490314461556636,7597,Highly_Fatal_And_Damaging
5550,95.2511415525114,3,11,80.2643573381951,0.483080418319509,79.83,3,17582.7396691811,1,0.0860681777332208,5987,Significant_Damage_And_Fatalities
4016,63.1963470319635,13,12,66.362807657247,0.572514244500541,76.71,3,28354.1216769969,1,0.142232506047654,1593,Significant_Damage_And_Fatalities
8943,43.1963470319635,12,10,67.9124886052872,0.330538045438154,84.11,6,24783.1501492149,2,0.0060510874598754,5428,Significant_Damage_And_Serious_Injuries
4568,41.324200913242,13,10,50.8659981768459,0.538976559682654,80.99,2,45105.8414366345,3,0.617217585058776,7780,Minor_Damage_And_Injuries
9285,43.0593607305936,16,8,65.587967183227,0.31358889289578,77.67,5,30406.0222300751,0,0.0199263679642517,1261,Minor_Damage_And_Injuries
594,22.9223744292237,18,22,86.918869644485,0.270314460872701,79.98,5,24101.1426632183,1,0.0161706962169263,4765,Significant_Damage_And_Serious_Injuries
9480,28.8584474885845,16,2,63.7648131267092,0.453509556437072,81.76,6,27067.9196126077,1,0.0066813938992721,2066,Significant_Damage_And_Serious_Injuries
4707,61.6438356164383,10,12,87.693710118505,0.253725928597187,78.92,2,35847.895873568,3,0.484430431994035,6506,Minor_Damage_And_Injuries
5371,58.7214611872146,14,9,79.9908842297174,0.34965091958168,76.46,2,37853.2560286298,2,0.513030099886614,2539,Significant_Damage_And_Fatalities
6297,36.4383561643836,10,7,56.8824065633546,0.490653443923548,79.99,1,39396.116621502,1,1.44353095461796,9104,Significant_Damage_And_Fatalities
6184,49.2694063926941,10,0,65.4512306289882,0.505078254597908,77.55,5,31051.2779663587,0,0.0200302301072619,861,Significant_Damage_And_Serious_Injuries
5574,32.8310502283105,15,8,63.6736554238833,0.59415146051208,76.82,3,36159.9008773321,0,0.179246049162375,7924,Significant_Damage_And_Serious_Injuries
3410,41.8264840182648,12,15,62.0783956244303,0.322965019834114,78.01,4,38835.975037127,2,0.0705271027139023,9793,Significant_Damage_And_Serious_Injuries
2619,36.4840182648402,14,6,62.1239744758432,0.427905517490083,80.25,3,38783.2524015665,2,0.193246982899245,12339,Significant_Damage_And_Serious_Injuries
4948,55.7077625570776,12,11,64.1294439380128,0.406268301478543,78.47,5,35167.1709289219,1,0.0230233855883476,119,Minor_Damage_And_Injuries
2511,91.1872146118722,2,3,78.0765724703738,0.350372160115398,80.45,7,16209.2902996607,2,0.000316423240403,7994,Significant_Damage_And_Fatalities
3395,45.8904109589041,11,4,82.9079307201459,0.317916336098088,83.12,6,29272.4724491861,3,0.0075947756610734,145,Significant_Damage_And_Serious_Injuries
9689,48.6301369863014,17,13,69.9179580674567,0.303852145690588,79.31,7,44762.5045506306,3,0.0041299947138364,7319,Significant_Damage_And_Fatalities
3382,28.4931506849315,16,9,70.9206927985415,0.229924990984493,76.86,3,38759.5190713265,2,0.193589504743771,5040,Significant_Damage_And_Serious_Injuries
7116,33.1050228310502,15,23,52.6891522333637,0.467573746844573,81.89,3,36172.4134212989,1,0.180345250583197,8820,Minor_Damage_And_Injuries
7522,36.0730593607306,14,3,82.9079307201459,0.351093400649116,82.88,2,31463.5685651779,1,0.425876292389397,10203,Significant_Damage_And_Serious_Injuries
1130,22.2374429223744,15,12,92.3883318140383,0.225597547782185,81.61,4,26227.6235708084,2,0.0480920835357794,8605,Highly_Fatal_And_Damaging
3871,39.2694063926941,13,3,69.0063810391978,0.253725928597187,81.83,3,19018.7051126649,4,0.0968805392839517,8822,Significant_Damage_And_Serious_Injuries
1527,39.7260273972603,10,6,73.1084776663628,0.330898665705012,84.48,4,35704.4771368743,3,0.065021549272478,9516,Highly_Fatal_And_Damaging
5480,58.1278538812785,14,4,68.9608021877849,0.413120086548864,77.69,4,35154.7272649408,1,0.0639057568277937,2201,Significant_Damage_And_Fatalities
4468,54.6575342465753,9,5,74.5214220601641,0.207205914172377,78.67,7,52054.3002379775,2,0.0045467181518066,8679,Significant_Damage_And_Serious_Injuries
6202,55.6164383561644,8,12,77.6663628076573,0.276084385142445,84.48,5,53200.8631540441,2,0.0351650331134311,10523,Significant_Damage_And_Serious_Injuries
6669,7.76255707762557,19,0,65.3144940747493,0.312507032095204,82.36,4,41598.3759461506,2,0.0760172273487276,9006,Highly_Fatal_And_Damaging
5535,36.62100456621,11,7,74.2935278030994,0.207205914172377,81.76,2,25758.1197982121,3,0.35017958188076,6541,Highly_Fatal_And_Damaging
2947,34.1095890410959,11,0,81.7228805834093,0.296279120086549,80.66,7,27179.0519600046,0,0.002380373534544,1472,Highly_Fatal_And_Damaging
5733,17.3972602739726,16,2,92.9352780309936,0.15924341868013,86.08,4,22558.3597330324,2,0.0408942878895581,10656,Highly_Fatal_And_Damaging
1811,44.4748858447489,15,7,56.7456700091158,0.487768481788677,81.89,2,28957.808823458,1,0.392272811672583,10095,Highly_Fatal_And_Damaging
77,39.4977168949772,13,6,78.0309936189608,0.381024882798413,78.28,3,39523.6657956433,2,0.196654786663669,11038,Significant_Damage_And_Serious_Injuries
6485,57.6712328767123,11,1,83.9106654512306,0.274641904075009,78.46,2,44244.903458707,3,0.600082621498808,2314,Minor_Damage_And_Injuries
6363,40.9132420091324,13,1,94.0747493163172,0.18052001442481,77.91,3,36929.4217155852,2,0.184264146382811,6232,Significant_Damage_And_Serious_Injuries
9954,56.0730593607306,15,16,76.253418413856,0.378139920663541,78.51,7,34472.083799485,3,0.0033273762364338,938,Significant_Damage_And_Fatalities
4516,34.7945205479452,15,0,51.3673655423883,0.421414352686621,77.39,6,31450.5945994523,4,0.0078111809417281,1098,Minor_Damage_And_Injuries