,Safety_Score,Days_Since_Inspection,Total_Safety_Complaints,Control_Metric,Turbulence_In_gforces,Cabin_Temperature,Accident_Type_Code,Max_Elevation,Violations,Adverse_Weather_Metric,Accident_ID,Severity
1145,49.1780821917808,10,0,67.3199635369189,0.372369996393797,77.11,6,46514.6404659398,1,0.011542089047514,3695,Significant_Damage_And_Serious_Injuries
842,12.4657534246575,18,1,60.3008204193255,0.28149368914533,78.16,4,30477.3190817566,2,0.0560558043214879,7305,Highly_Fatal_And_Damaging
7057,47.5799086757991,11,1,77.4840474020055,0.372730616660656,76.09,6,37915.6428001746,4,0.009523106474546,7532,Significant_Damage_And_Serious_Injuries
8455,27.6712328767123,13,0,48.7237921604376,0.413480706815723,81.23,1,20061.6577544012,4,0.738027144366183,10549,Significant_Damage_And_Fatalities
2464,53.9269406392694,12,23,61.9416590701914,0.527436711143166,77.19,7,60252.1633694687,3,0.0047645477199516,11471,Minor_Damage_And_Injuries
8614,49.4520547945205,17,1,74.8860528714676,0.343159754778218,81.27,7,31003.9110435795,1,0.0028592127966108,584,Significant_Damage_And_Fatalities
8833,50.5936073059361,13,20,77.1649954421149,0.356142084385142,83.96,2,20228.1228705605,2,0.275745471201112,11025,Minor_Damage_And_Injuries
9520,44.9315068493151,15,2,60.7110300820419,0.386794807068157,80.54,2,23661.9454078897,2,0.320229608370603,2278,Minor_Damage_And_Injuries
4295,51.2785388127854,10,9,71.1941659070192,0.424299314821493,77.7,3,37477.5074617678,2,0.185836721640805,8930,Significant_Damage_And_Serious_Injuries
364,52.1004566210046,6,5,76.207839562443,0.283296790479625,79.79,4,9125.60962563028,3,0.0159463499630472,10603,Highly_Fatal_And_Damaging
8608,45.9360730593607,11,1,57.1558796718323,0.244349801658853,78.72,1,37177.3789253251,4,1.36636436145827,4605,Minor_Damage_And_Injuries
2308,40.6392694063927,13,11,63.3546034639927,0.298442841687703,79.9,3,34937.2262229177,1,0.174856048709027,10626,Significant_Damage_And_Serious_Injuries
7857,25.2511415525114,18,13,50.820419325433,0.768691669671836,80.16,6,31006.5572504406,3,0.0077465553627925,5210,Minor_Damage_And_Injuries
2634,30.4109589041096,12,1,89.1066545123063,0.19133862243058,80.98,4,23086.0226940907,3,0.0426371192652351,7989,Highly_Fatal_And_Damaging
4613,4.79452054794521,20,1,68.915223336372,0.23100685178507,78.5,7,15246.0930451473,3,0.0013563647470172,6930,Highly_Fatal_And_Damaging
8465,71.7808219178082,10,4,75.5241567912489,0.325849981968986,80.43,7,35862.1682875726,2,0.0030724871333401,1349,Significant_Damage_And_Fatalities
9759,73.5159817351598,10,20,57.5205104831358,0.397252794807068,83.08,5,33095.9115787169,2,0.021602470060268,12,Significant_Damage_And_Fatalities
238,30.5022831050228,19,1,73.6554238833182,0.405907681211684,78.75,6,35557.6780853689,2,0.008672093385291,4358,Minor_Damage_And_Injuries
5484,28.2191780821918,17,11,56.9279854147676,0.323686260367832,79.85,3,19949.517832695,1,0.0993228008242308,10271,Minor_Damage_And_Injuries
9080,32.3744292237443,12,8,55.9252506836828,0.240382978723404,89.13,5,37014.2169525702,4,0.0244657939434174,1687,Significant_Damage_And_Fatalities
9367,35.296803652968,11,4,76.6636280765725,0.236776776054814,77.94,5,26232.9881442637,3,0.0163890504418398,6099,Highly_Fatal_And_Damaging
1717,27.4885844748858,13,3,61.2123974475843,0.369124413992066,78.66,4,21330.2737940527,1,0.0387908818557251,11099,Highly_Fatal_And_Damaging
1691,35.0684931506849,11,7,50.7748404740201,0.562777497295348,87.0,4,22678.6809668713,0,0.0416431368464319,8764,Significant_Damage_And_Fatalities
8075,17.351598173516,20,12,62.5341841385597,0.276805625676163,76.74,3,19136.2788759055,2,0.0945616410103572,117,Significant_Damage_And_Serious_Injuries
8778,15.7534246575342,20,19,74.2023701002735,0.217303281644428,76.8,3,42461.7004356125,1,0.212462296155184,3626,Significant_Damage_And_Serious_Injuries
41,32.5570776255708,12,9,68.9608021877849,0.309982690227191,76.39,2,31195.9927218196,0,0.422074757716085,2210,Highly_Fatal_And_Damaging
9106,14.1095890410959,17,1,62.6709206927985,0.477671114316625,79.81,1,36512.1429761624,2,1.341418869718,9328,Highly_Fatal_And_Damaging
7093,37.5342465753425,14,6,62.1239744758432,0.444494049765597,77.38,6,40226.1782629885,3,0.009890619145082,6180,Significant_Damage_And_Serious_Injuries
6933,32.2374429223744,15,4,76.0255241567913,0.316473855030653,78.95,6,40538.7808167345,2,0.0100127073666848,2547,Significant_Damage_And_Serious_Injuries
1878,26.3013698630137,14,13,70.464904284412,0.306737107825459,79.17,4,33596.650764814,2,0.0610195919364493,425,Highly_Fatal_And_Damaging
5064,51.7351598173516,13,15,55.2871467639016,0.378139920663541,82.45,6,33095.9115787169,3,0.0077802404863748,3659,Highly_Fatal_And_Damaging
2453,57.5342465753425,11,11,91.3855970829535,0.162489001081861,77.91,2,12091.874378794,3,0.170460593515575,6693,Minor_Damage_And_Injuries
9176,15.0684931506849,17,0,61.2579762989973,0.2562502704652,75.14,4,24613.5488916701,1,0.0463365072382216,2341,Highly_Fatal_And_Damaging
6342,56.2100456621004,15,0,67.6390154968095,0.314310133429499,80.89,2,35237.7775518202,2,0.478473145692437,10106,Significant_Damage_And_Fatalities
5560,23.4703196347032,14,0,49.3163172288059,0.34965091958168,81.32,4,40296.8160759999,2,0.0742383861271261,6236,Significant_Damage_And_Fatalities
5240,70.6849315068493,11,0,80.9024612579763,0.234252434186801,80.66,7,45302.3037066897,4,0.0038358663612205,10470,Significant_Damage_And_Fatalities
1722,50.5022831050228,10,2,63.9927073837739,0.24543166245943,78.94,3,41385.3685846249,2,0.205700937392858,10322,Significant_Damage_And_Serious_Injuries
9657,14.1095890410959,20,12,49.5897903372835,0.302049044356293,77.18,6,36226.2376766065,2,0.0091062557187079,12189,Significant_Damage_And_Serious_Injuries
2498,41.1415525114155,12,2,90.154968094804,0.286902993148215,77.73,3,43569.6921226912,2,0.215461327961268,4967,Significant_Damage_And_Serious_Injuries
4407,29.7260273972603,12,0,68.6417502278943,0.412038225748287,81.48,2,27975.799439279,1,0.37781960523515,9559,Highly_Fatal_And_Damaging
8407,30.1369863013699,13,11,67.228805834093,0.357223945185719,80.71,7,27170.4051650641,3,0.002378405075128,8341,Highly_Fatal_And_Damaging
972,33.1963470319635,12,14,75.432999088423,0.371648755860079,78.08,4,16337.4324888073,1,0.0286798817567628,2191,Highly_Fatal_And_Damaging
6631,44.4292237442922,15,3,54.876937101185,0.309982690227191,79.89,2,31487.5567418341,2,0.42706926105018,3382,Highly_Fatal_And_Damaging
2914,13.6986301369863,17,8,62.5341841385597,0.258413992066354,75.25,4,22535.7301853887,0,0.0408942878895581,8692,Highly_Fatal_And_Damaging
1733,16.8036529680365,16,7,75.2506836827712,0.334865488640461,76.45,3,21862.3513750712,3,0.107173257715093,546,Highly_Fatal_And_Damaging
9369,64.6575342465753,13,7,57.7484047402006,0.393285971871619,81.43,7,25006.9347613322,4,0.0024919431044031,1686,Significant_Damage_And_Fatalities
9952,62.1461187214612,10,6,45.2597994530538,0.520945546339704,77.41,2,26365.8261288618,2,0.357171894963768,8142,Minor_Damage_And_Injuries
3877,42.5570776255708,8,12,34.8678213309025,0.499308330328164,79.15,1,34325.6150767811,3,1.2684727108881,2012,Significant_Damage_And_Fatalities
3320,66.2557077625571,12,14,74.0200546946217,0.181962495492247,82.0,3,27658.7234251664,0,0.137841679162109,4784,Significant_Damage_And_Fatalities
3711,35.7077625570776,18,10,58.6144029170465,0.448100252434187,76.86,4,49350.3336170917,2,0.0914887092870471,2067,Minor_Damage_And_Injuries
6336,66.2557077625571,9,1,70.6927985414767,0.390401009736747,76.14,2,33309.9400006456,1,0.451859982865108,6439,Minor_Damage_And_Injuries
4922,45.4794520547945,11,1,57.1558796718323,0.300606563288856,76.85,6,37375.2237227186,2,0.0086686649372536,11719,Minor_Damage_And_Injuries
8290,37.9908675799087,13,7,85.5970829535096,0.234973674720519,79.3,3,27724.2560137305,1,0.137231411214061,11247,Significant_Damage_And_Serious_Injuries
4287,72.4657534246575,9,2,48.9061075660894,0.662308690948431,82.86,5,25644.4684192504,2,0.0173519118509636,8151,Significant_Damage_And_Serious_Injuries
4827,39.2694063926941,13,1,64.1750227894257,0.330898665705012,78.71,2,32739.2459757613,2,0.444452039038506,10314,Significant_Damage_And_Serious_Injuries
3215,43.37899543379,12,7,41.4311759343665,0.725417237648755,79.14,2,35589.5936216274,1,0.482865676422502,4110,Minor_Damage_And_Injuries
9099,22.7853881278539,15,9,44.7584320875114,0.620837360259647,81.74,3,36889.7195181602,1,0.183405433181803,6409,Significant_Damage_And_Fatalities
9705,58.4018264840183,11,3,73.3363719234275,0.27428128380815,79.31,2,19543.4071694023,1,0.254538380918956,9335,Minor_Damage_And_Injuries
5987,49.2237442922374,14,4,65.8158614402917,0.251201586729174,78.64,1,18715.2577578968,0,0.693691258020829,2024,Minor_Damage_And_Injuries
2512,59.9543378995434,14,23,71.8322698268004,0.337029210241615,85.4,7,31355.0755976643,3,0.0028927100917705,8527,Significant_Damage_And_Fatalities
2838,40.7305936073059,13,10,45.6700091157703,0.521306166606563,81.42,3,39380.2913549638,1,0.195566783180496,3515,Minor_Damage_And_Injuries
8747,52.4657534246575,13,3,69.9179580674567,0.33883231157591,79.75,4,32908.2936804925,3,0.0595803417965499,9269,Minor_Damage_And_Injuries
2999,41.5068493150685,16,6,87.1011850501367,0.192781103498016,78.5,1,28834.5769311732,2,1.05885006874956,10695,Minor_Damage_And_Injuries
9614,44.6118721461187,12,14,55.7885141294439,0.440887847097007,76.53,7,39241.561083223,1,0.0035131177309757,2557,Minor_Damage_And_Injuries
6021,49.5890410958904,10,14,56.3810391978122,0.466131265777136,77.0,3,20375.8154327724,2,0.102005621691898,8990,Significant_Damage_And_Serious_Injuries
1078,24.7945205479452,14,14,75.4785779398359,0.373451857194374,89.19,1,10541.4719849599,2,0.414537351776925,8351,Highly_Fatal_And_Damaging
1351,31.9634703196347,15,1,61.5770282588879,0.43259358095925,83.57,1,39741.3462846585,2,1.46200242626009,10421,Significant_Damage_And_Serious_Injuries
5973,25.5707762557078,14,8,71.8778486782133,0.22379444644789,76.66,1,49396.8764131783,2,1.9079256458467,11205,Highly_Fatal_And_Damaging
8666,37.0776255707762,14,0,56.517775752051,0.365878831590335,80.71,2,20955.0416104401,1,0.283595649158391,5864,Minor_Damage_And_Injuries
9159,50.3196347031963,13,1,49.2707383773929,0.662308690948431,79.43,3,29656.9767538356,1,0.147855294184092,2958,Highly_Fatal_And_Damaging
6717,51.5981735159817,17,1,68.0948040109389,0.452067075369635,81.92,7,40677.5102914524,3,0.0037163535779548,1229,Significant_Damage_And_Fatalities
3119,51.2328767123288,13,1,57.383773928897,0.303852145690588,77.2,2,37713.772281611,3,0.513039501471087,12208,Minor_Damage_And_Injuries
1421,24.8401826484018,18,2,84.1841385597083,0.333062387306166,78.92,1,19621.8759483386,2,0.717630663700448,227,Significant_Damage_And_Serious_Injuries
7429,25.7077625570776,14,2,65.2689152233364,0.306737107825459,80.27,4,30290.7501663771,2,0.055390533687851,9301,Highly_Fatal_And_Damaging
8702,68.4931506849315,11,1,60.7110300820419,0.338111071042192,79.19,6,42105.7225608308,2,0.0097338252896217,1059,Significant_Damage_And_Fatalities
3665,0.913242009132421,21,3,60.9845031905196,0.395089073205914,81.93,3,36844.8682699557,1,0.182900974770969,3285,Highly_Fatal_And_Damaging
8461,75.296803652968,6,1,89.2433910665451,0.168980165885323,77.36,4,23278.6288941255,2,0.0426308441003985,1726,Minor_Damage_And_Injuries
1265,49.5890410958904,10,15,55.7885141294439,0.502914532996754,77.62,4,24023.5877451124,1,0.0435695366800226,7856,Minor_Damage_And_Injuries
6624,40.7762557077626,13,5,76.7547857793984,0.272117562206996,76.2,3,33861.5536967773,3,0.16750355692314,1045,Significant_Damage_And_Serious_Injuries
6697,18.9041095890411,19,8,58.7511394712853,0.445936530833032,78.49,3,27487.6888024332,3,0.136461853886764,3734,Significant_Damage_And_Serious_Injuries
4305,27.8538812785388,17,6,76.5724703737466,0.233531193653083,83.94,7,32213.6960035099,3,0.0031154929534734,2350,Significant_Damage_And_Serious_Injuries
6218,53.8812785388128,12,8,70.1002734731085,0.228482509917057,75.05,5,20520.7410460176,4,0.0146382192559913,11078,Minor_Damage_And_Injuries
4893,46.6666666666667,14,3,48.9061075660894,0.541140281283808,83.12,2,27716.3461658188,1,0.376057124267334,2566,Highly_Fatal_And_Damaging
2403,35.9817351598173,11,4,74.2935278030994,0.263823296069239,82.2,4,32729.3914910183,2,0.0600821670394064,3983,Highly_Fatal_And_Damaging
3255,39.4520547945205,13,0,53.0993618960802,0.269232600072124,77.92,3,26685.2963627824,1,0.132638956145098,2242,Minor_Damage_And_Injuries
8429,40.7762557077626,9,0,68.7329079307201,0.146261089073206,81.53,4,19364.5453914156,2,0.0359881742898631,1907,Highly_Fatal_And_Damaging
3641,15.9817351598174,17,13,61.5314494074749,0.476589253516048,77.75,1,40593.9088572889,2,1.49336645053839,6169,Highly_Fatal_And_Damaging
738,25.8904109589041,14,1,42.8441203281678,0.409874504147133,78.91,4,40296.8160759999,1,0.074467291238389,11925,Significant_Damage_And_Fatalities
8670,35.9817351598173,11,4,78.0765724703738,0.20576343310494,76.89,2,26232.9881442637,2,0.354201915427497,8691,Highly_Fatal_And_Damaging
8259,32.1917808219178,12,10,94.8495897903373,0.192781103498016,80.21,4,21267.7043733175,2,0.0388511850530627,7501,Highly_Fatal_And_Damaging
8375,21.9178082191781,18,12,75.1595259799453,0.428626758023801,87.43,6,34859.8063971959,0,0.0091707211981715,11470,Significant_Damage_And_Serious_Injuries
1378,48.310502283105,10,6,85.8705560619873,0.260217093400649,82.66,6,32213.6960035099,2,0.0082036562864502,6107,Significant_Damage_And_Serious_Injuries
8350,38.4474885844749,13,1,56.1531449407475,0.413480706815723,80.77,2,31433.1171716929,3,0.426934615801289,2882,Minor_Damage_And_Injuries
503,46.62100456621,19,19,80.4010938924339,0.247234763793725,83.22,6,5513.58652800857,5,0.0027925418240612,7400,Significant_Damage_And_Fatalities
6534,50.7305936073059,10,16,70.1914311759344,0.394007212405337,76.98,3,20375.8154327724,3,0.101046350893538,9873,Significant_Damage_And_Serious_Injuries
968,15.9817351598174,17,5,82.5888787602553,0.279329967544176,79.88,1,47235.0426420563,4,1.73575874706691,2432,Highly_Fatal_And_Damaging
7990,35.5251141552511,14,8,74.7493163172288,0.281133068878471,82.49,3,32708.1391417124,2,0.164009610870493,11191,Significant_Damage_And_Serious_Injuries
8957,39.3607305936073,16,7,67.4111212397448,0.312867652362062,81.15,2,30955.5308494645,2,0.420569864297446,9603,Minor_Damage_And_Injuries
4128,33.7442922374429,18,6,54.1932543299909,0.592348359177785,79.2,3,31061.9466627436,4,0.154648326213696,12298,Minor_Damage_And_Injuries
1668,51.0502283105023,10,0,37.8304466727438,0.605691309051569,80.09,1,45255.7007356902,3,1.70002688793202,9350,Minor_Damage_And_Injuries
1107,34.0182648401826,15,0,21.1485870556062,0.882647673999279,78.37,5,20326.1432622538,3,0.0139893150588248,3117,Minor_Damage_And_Injuries
307,51.0502283105023,10,0,69.8268003646308,0.280051208077894,81.09,6,38924.6214354371,3,0.0101249384175377,3421,Significant_Damage_And_Serious_Injuries
6519,38.4474885844749,17,9,73.746581586144,0.294836639019113,81.62,4,17117.8257190775,2,0.0311441175214931,2479,Minor_Damage_And_Injuries
1301,49.7260273972603,10,10,59.024612579763,0.360108907320591,78.75,4,13364.5100535046,3,0.0250399969857958,8727,Significant_Damage_And_Serious_Injuries
7523,40.2283105022831,13,0,62.9443938012762,0.358305805986296,78.71,3,28742.1312654465,2,0.142927068408558,5646,Significant_Damage_And_Serious_Injuries
507,13.37899543379,18,13,53.8742023701003,0.473704291381176,76.8,5,34198.7569609193,2,0.0230472338312019,9842,Significant_Damage_And_Fatalities
9866,45.4794520547945,11,2,59.4804010938925,0.451345834835918,80.66,6,27486.6947438252,1,0.0064686858374947,10347,Significant_Damage_And_Serious_Injuries
5819,55.0228310502283,9,8,64.1750227894257,0.462885683375405,80.71,7,40277.3094684945,3,0.0036544516632448,9121,Significant_Damage_And_Serious_Injuries
3065,59.9086757990868,11,17,79.5806745670009,0.292672917417959,77.99,2,17326.7709003087,3,0.232539481970194,8454,Minor_Damage_And_Injuries
4567,38.2648401826484,10,1,67.8213309024613,0.421053732419762,83.22,3,25829.3853916475,3,0.128263029713891,4900,Highly_Fatal_And_Damaging
7873,70.3196347031963,7,0,82.9079307201459,0.188453660295708,79.79,4,35819.066500176,4,0.0648774547016707,11146,Minor_Damage_And_Injuries
1832,30.1826484018265,12,0,50.5013673655424,0.35686332491886,77.21,6,32058.503196196,3,0.0079418934963305,5418,Significant_Damage_And_Fatalities
6753,61.324200913242,10,1,57.6572470373747,0.399055896141363,79.56,2,30028.2840811135,1,0.404577060303128,11407,Minor_Damage_And_Injuries
9050,32.9223744292237,12,7,57.7484047402006,0.394007212405337,84.14,4,29784.7464710627,2,0.0546421866657251,4511,Highly_Fatal_And_Damaging
9790,40.5479452054794,9,10,85.9617137648131,0.231367472051929,81.24,1,22102.0385431341,2,0.814746310734396,11410,Highly_Fatal_And_Damaging
9617,30.0,16,10,47.8122151321787,0.515896862603678,81.18,3,47495.1695288751,3,0.236847335689612,8128,Minor_Damage_And_Injuries
3061,70.5022831050228,11,5,40.154968094804,0.46144320230797,76.05,7,26005.3229868944,2,0.0022795111625947,6273,Significant_Damage_And_Fatalities
40,47.8995433789954,14,1,97.9945305378305,0.209009015506671,77.52,2,21526.3242501482,2,0.30011361651155,6514,Minor_Damage_And_Injuries
792,53.9269406392694,12,17,75.2506836827712,0.301327803822575,75.05,5,41509.545282458,0,0.0274588417728177,10828,Minor_Damage_And_Injuries
9383,48.0821917808219,11,2,64.9042844120328,0.250840966462315,78.72,3,29887.2364975067,1,0.149717568801361,11253,Significant_Damage_And_Serious_Injuries
721,65.4337899543379,12,4,71.1941659070192,0.2923122971511,86.97,7,31484.4366438126,2,0.0026935419028164,8660,Significant_Damage_And_Fatalities
7062,59.5433789954338,14,1,65.1321786690975,0.304573386224305,78.7,7,47024.4256143477,1,0.0037500668344686,1580,Significant_Damage_And_Fatalities
5786,54.4748858447489,9,4,53.6463081130356,0.250119725928597,80.33,5,44671.269021864,2,0.0294822052768993,10592,Minor_Damage_And_Injuries
1949,47.3059360730593,7,0,70.8751139471286,0.323686260367832,75.88,4,29978.3820723515,1,0.055119247113463,5763,Highly_Fatal_And_Damaging
5628,43.0593607305936,9,1,82.3609845031905,0.358305805986296,83.82,4,41920.2471614135,2,0.0765923031796364,9904,Highly_Fatal_And_Damaging
6076,24.8858447488584,17,17,37.739288969918,0.399416516408222,80.71,2,30393.2366090176,2,0.408795983721773,9964,Minor_Damage_And_Injuries
1143,72.1004566210046,10,2,66.3172288058341,0.298803461954562,80.03,7,26000.0167307859,2,0.0023000441828324,10715,Significant_Damage_And_Fatalities
3377,42.8310502283105,15,18,72.2424794895169,0.205042192571222,80.05,1,28923.9002638104,1,1.06396431734775,4398,Minor_Damage_And_Injuries
2896,40.5479452054794,20,0,60.1640838650866,0.375615578795528,78.09,7,32880.4096681099,1,0.0031164589957626,2305,Significant_Damage_And_Fatalities
1952,41.9634703196347,12,8,49.8632634457612,0.337029210241615,80.44,3,42607.0710974919,2,0.210513625790142,3543,Minor_Damage_And_Injuries
2985,69.7260273972603,8,2,70.464904284412,0.322965019834114,77.82,5,44362.5365040698,1,0.0297744341253541,5839,Minor_Damage_And_Injuries
565,44.8858447488584,15,3,60.7110300820419,0.318276956364948,78.77,3,31716.2273185735,4,0.155473833405764,1729,Minor_Damage_And_Injuries
2864,34.6118721461187,11,5,59.3892433910666,0.390761630003606,80.27,2,32793.2571499654,1,0.442575446115247,4359,Highly_Fatal_And_Damaging
6930,42.283105022831,16,28,65.1321786690975,0.248316624594302,83.03,2,23749.0360451638,3,0.318991757762705,11866,Minor_Damage_And_Injuries
4875,41.5525114155251,13,4,66.4539653600729,0.366239451857194,81.27,1,26622.2917360185,3,0.977273485934279,11161,Significant_Damage_And_Serious_Injuries
1258,46.8493150684931,18,0,57.7484047402006,0.448100252434187,82.0,7,41187.0679632975,2,0.0039451902687202,2171,Significant_Damage_And_Fatalities
8306,35.3881278538813,18,3,63.9015496809481,0.262741435268662,78.4,4,26880.3421862433,3,0.049008374205047,11419,Minor_Damage_And_Injuries
7607,26.7123287671233,13,2,57.6116681859617,0.438002884962135,85.26,6,35808.7534386445,4,0.0086906732802662,5448,Highly_Fatal_And_Damaging
6398,44.337899543379,15,5,59.8906107566089,0.33883231157591,80.39,2,25874.9657521701,2,0.35017958188076,689,Minor_Damage_And_Injuries
3832,51.7351598173516,7,6,76.207839562443,0.335226108907321,81.78,7,40526.0175006294,3,0.0036541824690178,9413,Highly_Fatal_And_Damaging
3076,30.9132420091324,16,0,76.5268915223336,0.386434186801298,79.81,3,23102.2576815429,2,0.114217417558227,3770,Significant_Damage_And_Serious_Injuries
4358,21.2328767123288,15,4,69.0519598906108,0.325849981968986,79.48,4,50517.1199137983,3,0.0949573213366051,283,Highly_Fatal_And_Damaging
1658,50.2739726027397,16,0,70.6016408386509,0.36046952758745,83.5,7,54279.8866136332,1,0.0044289702451501,5440,Significant_Damage_And_Fatalities
388,25.5707762557078,14,10,63.9927073837739,0.334504868373603,78.85,4,30349.9564226895,3,0.0562028167670757,4420,Highly_Fatal_And_Damaging
8692,45.2054794520548,15,1,81.8140382862352,0.338111071042192,79.54,5,34289.0143128188,1,0.0236089231156199,1967,Minor_Damage_And_Injuries
4854,40.1826484018265,10,13,55.2415679124886,0.430790479624955,76.07,4,50314.7204576381,3,0.0958258956683562,1575,Significant_Damage_And_Fatalities
3658,37.6712328767123,14,0,68.049225159526,0.240022358456545,78.21,3,20061.5449045476,2,0.0983522686654718,1216,Significant_Damage_And_Serious_Injuries
861,22.3744292237443,18,5,62.8076572470374,0.400498377208799,76.87,3,20743.3374704144,2,0.103606695084652,11457,Significant_Damage_And_Serious_Injuries
752,43.9269406392694,15,0,79.2160437556974,0.223433826181031,81.73,5,31078.8333618556,4,0.0199701051798232,10591,Minor_Damage_And_Injuries
2724,54.7488584474886,9,6,74.0200546946217,0.25264406779661,78.64,6,18103.7897133572,1,0.0047923018675796,8789,Significant_Damage_And_Serious_Injuries
272,62.0547945205479,14,9,73.0173199635369,0.290148575549946,78.7,3,32463.032918282,3,0.161857417023106,9533,Significant_Damage_And_Fatalities
7188,55.0228310502283,15,3,66.7274384685506,0.340274792643346,79.89,7,26687.7213183341,3,0.0024140516354806,11478,Significant_Damage_And_Fatalities
6008,1.41552511415525,21,5,64.1294439380128,0.419611251352326,81.93,4,36844.8682699557,2,0.0674837302135489,5321,Highly_Fatal_And_Damaging
1250,24.3835616438356,14,4,80.4466727438469,0.375976199062387,80.64,1,35522.8141162109,2,1.30897084115327,8693,Highly_Fatal_And_Damaging
9348,34.5205479452055,14,6,74.7493163172288,0.322604399567255,77.53,6,20974.9596464329,1,0.005761944292557,9182,Significant_Damage_And_Serious_Injuries
6355,38.0365296803653,10,1,53.2360984503191,0.584775333573747,79.58,5,24122.8234182072,1,0.0166987552175787,4400,Significant_Damage_And_Fatalities
4989,48.1735159817352,11,3,76.8915223336372,0.381746123332131,77.81,2,28671.2954228205,2,0.389545009608015,6483,Significant_Damage_And_Serious_Injuries
2729,23.7899543378995,14,23,65.9981768459435,0.422135593220339,78.55,1,12542.5506074795,3,0.202495647194575,2271,Highly_Fatal_And_Damaging
6145,29.9543378995434,16,0,65.1321786690975,0.396892174540209,80.12,6,38525.4141826784,2,0.0100523656008629,8255,Significant_Damage_And_Serious_Injuries
3891,51.1872146118721,10,7,69.7812215132179,0.350372160115398,79.69,2,38384.4318243461,1,0.520190230407246,8403,Significant_Damage_And_Serious_Injuries
4598,37.8082191780822,14,5,71.9234275296263,0.183044356292824,76.39,3,47141.2263132954,1,0.234985280834006,5544,Significant_Damage_And_Serious_Injuries
3753,40.8675799086758,13,0,58.5232452142206,0.312507032095204,81.92,3,35800.9556617624,2,0.178747299033169,5918,Significant_Damage_And_Serious_Injuries
9401,16.1187214611872,17,13,61.5314494074749,0.476589253516048,83.1,4,19618.548566256,1,0.0353962611529476,9923,Highly_Fatal_And_Damaging
2292,34.7945205479452,14,5,61.5770282588879,0.512290659935088,76.07,3,36736.6428204931,0,0.183310929287326,7087,Significant_Damage_And_Serious_Injuries
8377,37.8538812785388,14,5,71.9234275296263,0.27788748647674,76.96,3,35906.4415472225,1,0.178379781209281,11477,Significant_Damage_And_Serious_Injuries
9133,41.5068493150685,19,11,65.9981768459435,0.426823656689506,78.67,7,21725.9744764813,2,0.0017182399173195,12362,Significant_Damage_And_Fatalities
50,52.6027397260274,13,2,47.538742023701,0.487768481788677,84.13,6,31631.2308275437,1,0.0081179079084897,6499,Highly_Fatal_And_Damaging
2476,22.7397260273973,14,6,59.7994530537831,0.377418680129823,78.16,4,43204.1689916855,1,0.0791311957739559,1339,Highly_Fatal_And_Damaging
9324,50.2283105022831,10,4,37.8304466727438,0.542582762351244,80.25,5,27780.3160869946,3,0.018521059027815,2198,Minor_Damage_And_Injuries
8705,39.3607305936073,13,17,73.3363719234275,0.333423007573026,78.68,3,32560.2901155059,1,0.162427777021466,9067,Significant_Damage_And_Serious_Injuries
7646,47.4885844748858,10,0,66.9097538742024,0.420332491886044,79.34,1,26600.5288297051,1,0.969928358500008,10969,Minor_Damage_And_Injuries
360,57.7625570776256,11,1,61.5314494074749,0.406268301478543,79.29,2,29386.7443525158,1,0.39921783951487,1246,Minor_Damage_And_Injuries
4021,28.8584474885845,13,6,51.2762078395624,0.422496213487198,87.0,4,29784.7464710627,1,0.0546421866657251,2811,Significant_Damage_And_Fatalities
6196,50.5022831050228,13,22,45.897903372835,0.804753696357736,77.55,2,24034.9567110232,0,0.328620657287925,5927,Highly_Fatal_And_Damaging
3651,33.3333333333333,15,3,63.9015496809481,0.287624233681933,79.96,3,40724.08357913,2,0.200477177659557,7777,Significant_Damage_And_Serious_Injuries
5856,44.703196347032,8,10,62.1695533272562,0.345323476379372,78.47,1,51183.8825645968,1,1.88294981148486,8120,Highly_Fatal_And_Damaging
6346,32.1917808219178,12,0,72.2424794895169,0.32116191849982,76.3,2,38661.0770201153,2,0.52135290526144,8864,Highly_Fatal_And_Damaging
8444,27.6255707762557,13,5,62.6253418413856,0.458918860439956,79.3,1,43221.1122552617,4,1.60962628025298,11796,Highly_Fatal_And_Damaging
9,52.2374429223744,6,4,57.4293527803099,0.465410025243419,79.56,1,37933.3990008527,1,1.38929549655495,6324,Significant_Damage_And_Serious_Injuries
1471,35.5251141552511,18,0,79.1704649042844,0.32116191849982,80.39,2,26701.689501,2,0.362071260670276,7413,Minor_Damage_And_Injuries
8776,45.8904109589041,11,3,82.9079307201459,0.346405337179949,77.63,6,26954.6667963309,3,0.0066561179659647,2537,Significant_Damage_And_Serious_Injuries
998,28.8584474885845,13,3,53.6007292616226,0.497505228993869,77.83,1,17307.2747036961,1,0.636699054619635,6960,Significant_Damage_And_Fatalities
9355,15.4337899543379,17,9,60.1640838650866,0.298082221420844,78.05,4,26687.1039287626,1,0.0492519989432694,10120,Highly_Fatal_And_Damaging
2271,56.7579908675799,8,5,74.7037374658159,0.233531193653083,78.67,6,41528.151296693,2,0.0101532118856562,219,Significant_Damage_And_Serious_Injuries
5153,50.0456621004566,16,7,59.7994530537831,0.465770645510278,78.5,7,21725.9744764813,0,0.0016548362893203,6746,Significant_Damage_And_Fatalities