,Safety_Score,Days_Since_Inspection,Total_Safety_Complaints,Control_Metric,Turbulence_In_gforces,Cabin_Temperature,Accident_Type_Code,Max_Elevation,Violations,Adverse_Weather_Metric,Accident_ID,Severity
8597,29.3607305936073,16,10,75.38742023701,0.264905156869816,83.32,6,22659.2573373519,1,0.0056033729569485,12077,Significant_Damage_And_Serious_Injuries
4511,54.7945205479452,12,2,73.4275296262534,0.311064551027768,83.6,2,18147.483466394,2,0.251138572994527,2918,Minor_Damage_And_Injuries
9680,46.1643835616438,11,3,72.105742935278,0.413120086548864,76.19,3,27030.051169266,3,0.133998464815782,8906,Significant_Damage_And_Serious_Injuries
6447,29.5433789954338,13,3,80.4466727438469,0.396892174540209,77.27,1,45265.3882053258,2,1.67014303265183,8545,Highly_Fatal_And_Damaging
5482,16.986301369863,20,3,64.4484958979034,0.337389830508475,83.21,6,18089.7766828856,2,0.0044618792508913,353,Significant_Damage_And_Serious_Injuries
9035,61.5068493150685,10,5,69.2342752962625,0.246874143526866,79.52,2,27234.6801248376,3,0.367490581778457,10312,Minor_Damage_And_Injuries
5534,54.4748858447489,8,0,60.0273473108478,0.639950234403173,77.16,3,33372.8197860987,1,0.165002363929807,10336,Significant_Damage_And_Serious_Injuries
6007,55.4337899543379,12,1,56.0619872379216,0.493899026325279,77.75,2,40813.3057574463,3,0.549704567607398,12397,Highly_Fatal_And_Damaging
8818,33.5616438356164,18,6,54.1932543299909,0.598118283447529,82.96,5,38340.917759317,2,0.0256712625930636,600,Minor_Damage_And_Injuries
2873,77.5799086757991,4,2,54.922515952598,0.427905517490083,86.39,7,22753.2773234342,3,0.0016686306245456,7148,Significant_Damage_And_Serious_Injuries
5679,34.9315068493151,11,9,59.0701914311759,0.367321312657771,78.09,2,44097.2431589665,1,0.590221750336164,10135,Highly_Fatal_And_Damaging
3163,57.0776255707762,11,22,51.0483135824977,0.581529751172016,79.75,3,10571.2705834972,3,0.0538389856628405,3907,Highly_Fatal_And_Damaging
6735,55.3424657534247,8,10,66.3172288058341,0.287263613415074,79.08,6,39269.0539266116,2,0.0100354495895122,10384,Significant_Damage_And_Serious_Injuries
9103,54.4748858447489,9,0,53.1905195989061,0.563138117562207,79.97,7,31227.7542146101,3,0.0028227790315793,7435,Minor_Damage_And_Injuries
8973,45.5251141552511,15,31,79.0337283500456,0.352535881716553,79.83,5,34197.4538787785,0,0.0227514745473042,7328,Minor_Damage_And_Injuries
1785,24.1095890410959,14,5,71.0574293527803,0.331980526505589,76.36,4,42483.5374360881,1,0.0771509846485153,10723,Highly_Fatal_And_Damaging
9380,57.1232876712329,8,9,78.5779398359162,0.276084385142445,81.73,4,33256.4562028782,3,0.0614525873393909,4474,Significant_Damage_And_Serious_Injuries
8872,30.5022831050228,12,0,79.535095715588,0.228843130183916,80.39,4,37066.9622418898,2,0.0675585123833132,3539,Highly_Fatal_And_Damaging
6795,44.4748858447489,15,0,86.7821330902461,0.286542372881356,78.91,4,25083.6579094431,2,0.045220799930328,5564,Minor_Damage_And_Injuries
683,51.5981735159817,17,2,70.8295350957156,0.337750450775333,79.81,2,29150.1821953109,3,0.395809075803932,5369,Significant_Damage_And_Fatalities
6195,27.6255707762557,13,2,65.6791248860529,0.55123764875586,75.8,2,23197.3294465658,1,0.314050656397823,8858,Highly_Fatal_And_Damaging
7618,59.4520547945205,14,32,65.4512306289882,0.46108258204111,78.91,6,35818.6532209991,2,0.0084767013238469,3276,Significant_Damage_And_Fatalities
3849,29.7260273972603,13,0,61.5770282588879,0.367321312657771,82.23,3,41940.409465723,1,0.209889349040736,6292,Highly_Fatal_And_Damaging
4689,23.7442922374429,14,0,46.0346399270738,0.409874504147133,81.91,5,45815.5655303605,1,0.0309501756806459,10651,Significant_Damage_And_Fatalities
2339,42.1004566210046,20,9,82.8623518687329,0.257332131265777,76.97,2,13214.8518929535,3,0.185368697694047,4937,Significant_Damage_And_Fatalities
5070,31.2785388127854,15,2,71.8778486782133,0.438002884962135,82.08,3,29267.1648734599,2,0.145942988462053,6463,Significant_Damage_And_Serious_Injuries
4088,51.5525114155251,17,1,56.4266180492252,0.324768121168409,76.3,5,36324.9430018409,3,0.0240574874578318,8024,Significant_Damage_And_Fatalities
8213,22.3287671232877,15,27,57.8851412944394,0.467573746844573,78.59,4,46047.5076270262,1,0.0847856393439959,5014,Highly_Fatal_And_Damaging
8814,46.027397260274,15,3,71.1941659070192,0.29555787955283,78.31,5,37043.2919553417,2,0.024495461619962,10529,Minor_Damage_And_Injuries
2740,31.8264840182648,12,2,62.7164995442115,0.315752614496934,78.66,4,28787.1727151921,2,0.0527156406454591,1934,Highly_Fatal_And_Damaging
6102,42.9680365296804,16,2,65.9981768459435,0.329456184637577,77.69,5,39029.8335148224,1,0.0260124136604809,11098,Minor_Damage_And_Injuries
8328,27.7168949771689,13,5,57.2470373746582,0.308900829426614,78.68,2,21723.6549068887,1,0.30011361651155,6037,Highly_Fatal_And_Damaging
8999,69.3607305936073,11,13,88.2862351868733,0.330177425171295,86.32,7,28566.6330064354,3,0.0028753789926448,11359,Significant_Damage_And_Fatalities
1403,14.8858447488584,20,13,75.9343664539654,0.29591849981969,81.33,6,22659.2573373519,4,0.0053839919649068,3371,Significant_Damage_And_Serious_Injuries
4102,57.6712328767123,11,4,73.9744758432088,0.232809953119365,78.67,1,22336.4072040184,2,0.826575575601819,7793,Minor_Damage_And_Injuries
114,35.9817351598173,11,7,85.9617137648131,0.198911648034619,78.48,3,22102.0385431341,2,0.110911641223805,925,Highly_Fatal_And_Damaging
2275,70.3196347031963,4,11,56.2443026435734,0.538615939415795,82.25,3,29313.4328343492,3,0.144784763505103,6425,Minor_Damage_And_Injuries
946,35.5251141552511,14,15,69.2798541476755,0.439445366029571,79.36,6,52988.5962894181,1,0.0121013358844603,1328,Significant_Damage_And_Serious_Injuries
6169,22.9223744292237,15,0,63.3546034639927,0.57648106743599,78.18,4,40729.8147773945,0,0.0743977203306093,211,Highly_Fatal_And_Damaging
512,48.1735159817352,11,7,56.7912488605287,0.405907681211684,76.09,5,17731.5542769187,1,0.0107697076079315,6246,Minor_Damage_And_Injuries
4403,42.648401826484,9,0,74.7948951686418,0.338471691309052,84.62,1,33963.8106036965,3,1.24933997725514,947,Highly_Fatal_And_Damaging
2485,57.5342465753425,11,11,61.3947128532361,0.523469888207717,78.67,2,29071.495945068,2,0.393439913783782,503,Minor_Damage_And_Injuries
888,53.7899543378995,5,5,71.2397447584321,0.304573386224305,79.03,7,38405.2090260466,3,0.0036728152125378,3466,Highly_Fatal_And_Damaging
4019,46.1643835616438,11,3,69.2798541476755,0.306376487558601,86.31,3,33523.7023387974,2,0.168586748894355,5774,Significant_Damage_And_Serious_Injuries
5007,69.7260273972603,7,3,75.38742023701,0.354699603317706,79.65,2,32584.0146079089,1,0.441589522673159,9722,Minor_Damage_And_Injuries
7284,29.4977168949772,20,1,73.6554238833182,0.412398846015146,85.07,6,28603.7548438843,0,0.007265459411322,9884,Minor_Damage_And_Injuries
9326,69.8173515981735,11,5,84.5943482224248,0.162489001081861,77.86,4,24326.5989895252,3,0.0443025905213973,4059,Significant_Damage_And_Fatalities
7161,46.6666666666667,15,9,60.9845031905196,0.503996393797331,81.86,2,45992.7707754917,2,0.623420577171322,11825,Minor_Damage_And_Injuries
6128,48.4474885844749,7,8,88.0583409298086,0.29591849981969,75.35,1,31117.2543741181,4,1.13918135716842,1189,Highly_Fatal_And_Damaging
19,20.2283105022831,15,2,41.5679124886053,0.687191489361702,78.37,2,11503.3885608342,1,0.159784287849187,2938,Significant_Damage_And_Fatalities
1153,45.0228310502283,15,1,75.8432087511395,0.298803461954562,81.53,7,22214.4454585654,3,0.0020379019154994,2618,Minor_Damage_And_Injuries
1349,28.0821917808219,13,2,60.6198723792161,0.380303642264695,76.8,1,25013.5087864795,1,0.920195563410704,7206,Highly_Fatal_And_Damaging
2560,64.5662100456621,9,2,84.6855059252507,0.269953840605842,83.53,5,27286.2947282904,1,0.0184283725792126,1904,Minor_Damage_And_Injuries
1096,27.7168949771689,13,15,64.3117593436645,0.469376848178867,77.51,4,16337.4324888073,5,0.0290802124759881,5558,Highly_Fatal_And_Damaging
5343,46.3470319634703,11,1,54.7857793983592,0.467213126577713,76.96,3,34830.5139974385,1,0.172818256004364,5674,Significant_Damage_And_Serious_Injuries
7106,42.1917808219178,12,4,74.5214220601641,0.58729967544176,78.71,3,42777.4259397778,1,0.211178175574612,1043,Significant_Damage_And_Serious_Injuries
2813,20.8675799086758,15,1,55.1959890610757,0.311425171294627,77.13,4,30363.1407518457,1,0.056073195938879,5434,Significant_Damage_And_Fatalities
3192,60.365296803653,10,0,57.6572470373747,0.399055896141363,78.11,2,28929.7446693501,2,0.390799415182943,3690,Minor_Damage_And_Injuries
3399,18.9497716894977,16,6,70.510483135825,0.296639740353408,79.49,4,48564.9283269619,3,0.0875748190988981,10893,Highly_Fatal_And_Damaging
8003,51.4155251141552,10,9,66.6362807657247,0.372730616660656,79.42,1,34626.8862524966,3,1.27080805590788,2841,Significant_Damage_And_Serious_Injuries
3187,19.2237442922374,16,3,75.4785779398359,0.23821925712225,79.8,1,26701.689501,5,0.986401935491245,2042,Highly_Fatal_And_Damaging
6236,58.9954337899543,14,5,62.7164995442115,0.461803822574828,83.01,7,35154.7272649408,2,0.0032147936816056,11483,Significant_Damage_And_Fatalities
4360,61.4155251141552,10,1,82.9079307201459,0.256610890732059,80.55,3,45302.3037066897,1,0.225236460695198,7674,Minor_Damage_And_Injuries
6328,35.1141552511415,15,7,54.2844120328168,0.551958889289578,79.61,3,39380.2913549638,2,0.19520099345621,1931,Minor_Damage_And_Injuries
2326,62.1004566210046,14,5,52.5979945305378,0.456033898305084,74.82,7,43447.1518302216,2,0.004000458740804,4908,Significant_Damage_And_Serious_Injuries
158,54.3835616438356,12,6,73.4731084776664,0.28870609448251,75.69,4,37388.6897063868,2,0.0686361610266386,4818,Minor_Damage_And_Injuries
9421,21.9178082191781,18,19,62.1239744758432,0.399416516408222,79.8,6,42569.0497818778,2,0.0105518124805448,8004,Significant_Damage_And_Serious_Injuries
5720,1.41552511415525,21,5,68.7784867821331,0.291230436350523,84.78,3,21890.5709145531,2,0.107090687819435,11816,Highly_Fatal_And_Damaging
9554,30.365296803653,12,0,59.2525068368277,0.367321312657771,84.72,7,40160.7024034573,2,0.0035272332548214,5992,Highly_Fatal_And_Damaging
1702,55.0228310502283,9,15,64.0838650865998,0.27788748647674,81.04,7,15738.4878024104,3,0.0013672400323008,349,Significant_Damage_And_Serious_Injuries
1794,34.2465753424658,15,19,59.7538742023701,0.294836639019113,79.45,4,37917.1797061165,2,0.0697482164177026,7545,Significant_Damage_And_Serious_Injuries
5211,32.8767123287671,12,1,69.0975387420237,0.428626758023801,77.2,4,49951.1427599292,3,0.0905402526442483,8137,Highly_Fatal_And_Damaging
4828,41.2785388127854,13,10,50.8659981768459,0.538976559682654,77.55,4,47882.5666610854,2,0.0888961552082543,3277,Minor_Damage_And_Injuries
1137,41.0502283105023,9,1,84.7310847766636,0.276805625676163,78.96,4,14957.1522640326,1,0.0277814772558509,10438,Highly_Fatal_And_Damaging
1359,25.662100456621,14,10,70.7383773928897,0.258053371799495,78.84,1,25158.3121080831,2,0.925964716461701,9369,Highly_Fatal_And_Damaging
826,58.1735159817352,15,3,59.9817684594348,0.33883231157591,80.85,1,21079.1691091078,3,0.771558067118472,8027,Significant_Damage_And_Fatalities
5488,65.7077625570776,12,2,58.8422971741112,0.4145625676163,81.78,7,34233.0433595664,1,0.0032192666671433,4332,Significant_Damage_And_Fatalities
6374,33.7442922374429,15,4,67.2743846855059,0.27428128380815,75.55,6,18426.2771409882,3,0.0044618792508913,6291,Significant_Damage_And_Serious_Injuries
1192,2.64840182648402,20,12,64.7219690063811,0.242186080057699,82.93,6,28976.8387515777,2,0.007428355588859,774,Highly_Fatal_And_Damaging
1348,76.6666666666667,6,1,63.9015496809481,0.205042192571222,76.28,6,48288.1424354103,2,0.0112415293720467,792,Minor_Damage_And_Injuries
3138,56.5753424657534,11,14,70.1914311759344,0.404465200144248,80.42,2,41708.64182517,3,0.567201132594691,5871,Highly_Fatal_And_Damaging
9544,37.2146118721461,10,2,57.8395624430264,0.28870609448251,82.31,4,44502.4966181395,3,0.082558251682277,1506,Highly_Fatal_And_Damaging
2607,76.3926940639269,3,10,51.8231540565178,0.606412549585286,79.03,7,34887.2172055117,1,0.0029726541088444,9007,Significant_Damage_And_Serious_Injuries
2787,44.3835616438356,15,10,72.0145852324522,0.432232960692391,76.66,2,25019.9299511302,1,0.337996374568915,10784,Minor_Damage_And_Injuries
1411,31.9634703196347,15,0,62.0783956244303,0.466491886043996,82.45,3,23157.2982287448,1,0.115019368264299,9852,Significant_Damage_And_Serious_Injuries
5665,41.0958904109589,9,1,88.2406563354604,0.18088063469167,77.53,1,34954.8947262851,3,1.29520155662408,1612,Highly_Fatal_And_Damaging
9449,47.0319634703196,14,13,80.0820419325433,0.203960331770645,83.32,2,26382.3885430806,5,0.357094606519919,5254,Minor_Damage_And_Injuries
2976,46.4840182648402,15,3,63.3546034639927,0.452427695636495,80.98,2,34007.9856713151,1,0.458859033557303,3759,Minor_Damage_And_Injuries
7744,32.9223744292237,12,1,78.669097538742,0.249759105661738,81.04,3,27158.3568595258,2,0.134106923037714,12405,Highly_Fatal_And_Damaging
1180,42.8310502283105,9,3,99.9544211485871,0.210812116840966,77.6,1,43705.3307750869,3,1.60598230838271,577,Highly_Fatal_And_Damaging
3281,51.9178082191781,13,8,78.9425706472197,0.343159754778218,80.26,2,37142.3056797706,0,0.501262149716751,10272,Minor_Damage_And_Injuries
4679,51.2328767123288,13,3,53.0993618960802,0.325849981968986,81.25,3,34172.7763897644,1,0.17069849613111,479,Minor_Damage_And_Injuries
4498,54.8401826484018,9,3,56.9735642661805,0.54402524341868,83.72,7,26885.1576261271,3,0.0022803372822657,7858,Significant_Damage_And_Serious_Injuries
3316,27.8995433789954,13,2,65.9525979945305,0.422856833754057,78.63,5,21403.6699174049,2,0.0138046165219183,2893,Highly_Fatal_And_Damaging
2610,33.6986301369863,15,6,69.644484958979,0.32080129823296,81.3,3,38350.7195579992,1,0.191468099821186,2830,Significant_Damage_And_Serious_Injuries
4408,13.6529680365297,17,12,63.3090246125798,0.306737107825459,79.67,1,44290.070229661,2,1.61643465200067,6275,Highly_Fatal_And_Damaging
7736,13.6986301369863,17,34,62.3518687329079,0.585496574107465,78.93,4,46291.3905755955,2,0.0847717786435794,9664,Highly_Fatal_And_Damaging
9896,10.8675799086758,18,3,79.5806745670009,0.199993508835196,83.56,5,25752.5205427094,2,0.0163680516978405,9847,Highly_Fatal_And_Damaging
2638,23.0593607305936,14,22,50.2278942570647,0.444854670032455,80.19,4,39646.0018104717,3,0.0731732009419454,6515,Highly_Fatal_And_Damaging
718,56.2100456621004,8,1,58.8422971741112,0.41816877028489,75.7,3,29428.5998046567,2,0.147082418871215,7494,Significant_Damage_And_Serious_Injuries
456,51.1415525114155,10,11,77.5296262534184,0.263823296069239,80.65,3,19340.2551067885,1,0.0950588591438292,11058,Significant_Damage_And_Serious_Injuries
1457,28.6301369863014,20,1,61.6226071103008,0.355420843851424,81.23,4,26059.560509835,4,0.0478333679622759,11097,Minor_Damage_And_Injuries
9955,14.703196347032,17,1,52.8258887876026,0.638507753335737,78.13,7,29260.9656475168,1,0.0025855612206391,6371,Significant_Damage_And_Fatalities
5337,69.634703196347,8,2,74.6581586144029,0.338471691309052,78.24,5,49986.899410661,2,0.036830045683054,5188,Minor_Damage_And_Injuries
385,39.5890410958904,16,5,60.8021877848678,0.447379011900469,81.71,4,28304.9106974183,2,0.0516564922244154,12026,Minor_Damage_And_Injuries
4501,52.283105022831,9,12,71.7411121239745,0.324046880634692,78.4,6,39615.1050970733,3,0.0097799367878918,10454,Significant_Damage_And_Serious_Injuries
2734,38.310502283105,13,13,71.7866909753874,0.37128813559322,77.99,6,10722.2321339359,1,0.00043630082173,2441,Significant_Damage_And_Serious_Injuries
2475,36.1187214611872,11,3,78.0765724703738,0.20576343310494,80.24,2,30843.079330968,1,0.417407395915758,814,Highly_Fatal_And_Damaging
5391,27.8995433789954,13,3,57.2470373746582,0.438724125495853,81.78,2,31748.2529497146,2,0.42818228607728,9605,Highly_Fatal_And_Damaging
173,41.1415525114155,12,0,62.6709206927985,0.315752614496934,79.15,1,30269.9710133246,3,1.11360026590412,3379,Significant_Damage_And_Serious_Injuries
9766,53.7899543378995,9,2,63.3546034639927,0.289427335016228,82.59,4,15738.4878024104,3,0.0297420079274472,4957,Highly_Fatal_And_Damaging
9782,35.0228310502283,14,1,64.9954421148587,0.50796321673278,81.72,3,29830.019294451,2,0.147692401293215,4317,Significant_Damage_And_Serious_Injuries
533,48.3561643835616,10,13,38.7876025524157,0.740563288856834,79.13,5,23022.0902591507,1,0.0151500193569589,2079,Minor_Damage_And_Injuries
739,37.3059360730594,17,11,60.0273473108478,0.407710782545979,78.18,1,21489.4750236165,1,0.788798022717649,4081,Minor_Damage_And_Injuries
4814,39.5433789954338,10,6,59.0701914311759,0.488850342589253,83.33,7,41695.975178656,1,0.00399284362384,9931,Highly_Fatal_And_Damaging
5248,44.703196347032,12,3,73.9288969917958,0.381746123332131,81.02,3,27584.056491732,3,0.137435801532218,12251,Significant_Damage_And_Serious_Injuries
6968,50.3196347031963,13,5,70.2825888787603,0.546188965019834,97.51,7,31300.0657151633,1,0.0027761853795938,695,Minor_Damage_And_Injuries
9343,52.1917808219178,13,3,53.7374658158614,0.493899026325279,83.39,2,33905.3514045601,3,0.458227397462646,3537,Highly_Fatal_And_Damaging
9670,45.8904109589041,8,15,45.3965360072927,0.735153984853949,78.87,4,22727.3215190547,1,0.0419768073468294,69,Significant_Damage_And_Fatalities
7728,26.1187214611872,17,0,82.4521422060164,0.184486837360259,82.97,2,15127.5353999436,1,0.17603090511794,5952,Significant_Damage_And_Serious_Injuries
7684,31.1415525114155,16,7,69.7812215132179,0.309261449693473,76.48,7,4203.26637262123,1,0.0014803339740917,8541,Significant_Damage_And_Serious_Injuries
8529,49.4520547945205,13,4,55.6517775752051,0.374533717994951,85.6,6,26681.9423868507,1,0.0065690389430568,3977,Highly_Fatal_And_Damaging
513,43.013698630137,12,3,67.0464904284412,0.391482870537324,80.4,3,38140.7981125223,3,0.19059343244646,1913,Significant_Damage_And_Serious_Injuries
7251,15.7534246575342,20,28,68.869644484959,0.267429498737829,76.75,3,20059.3847114503,3,0.0976587800714265,8949,Significant_Damage_And_Serious_Injuries
3077,54.0639269406393,12,7,61.9416590701914,0.507241976199062,80.07,5,43914.0768249921,1,0.0303240089034753,10642,Minor_Damage_And_Injuries
2917,38.8584474885845,17,7,55.0592525068368,0.338471691309052,77.44,4,39523.6657956433,0,0.0723885206448047,3533,Highly_Fatal_And_Damaging
4104,45.1598173515982,8,20,77.3473108477666,0.245792282726289,82.15,7,51867.8412800447,3,0.0046961159949105,12124,Highly_Fatal_And_Damaging
8384,45.0684931506849,11,14,72.0145852324522,0.326210602235846,79.6,6,34481.225822636,3,0.0089225252417212,11172,Significant_Damage_And_Serious_Injuries
4780,61.4155251141552,10,1,51.3673655423883,0.460361341507393,80.13,2,43203.9825103468,3,0.588559894511099,3646,Highly_Fatal_And_Damaging
1343,57.7168949771689,11,1,76.8915223336372,0.428266137756942,87.23,2,37649.2066549776,2,0.506953609449847,9962,Minor_Damage_And_Injuries
2598,87.4885844748858,3,2,39.8814949863264,0.52960043274432,80.15,7,26661.0134029026,3,0.0024140516354806,10139,Significant_Damage_And_Serious_Injuries
5533,41.5525114155251,16,0,64.4940747493163,0.255168409664623,84.43,4,22044.0205627516,2,0.0406300528515001,7727,Minor_Damage_And_Injuries
9238,42.4200913242009,12,10,82.9535095715588,0.312146411828345,78.38,6,26863.378388613,1,0.006916603702244,7722,Significant_Damage_And_Serious_Injuries
5018,37.3972602739726,10,0,75.38742023701,0.325849981968986,78.65,4,34758.9344410775,1,0.0640529720617364,9462,Highly_Fatal_And_Damaging
2688,52.1004566210046,6,7,61.3035551504102,0.656538766678687,79.49,4,32578.5943530981,2,0.0602230539580057,9171,Highly_Fatal_And_Damaging
7642,35.9817351598173,11,6,45.8067456700091,0.410595744680851,82.54,4,17019.5745882236,4,0.031352391443091,1178,Significant_Damage_And_Fatalities
1905,43.4703196347032,12,0,57.5205104831358,0.43259358095925,78.13,5,33637.1800839273,3,0.0237990658424012,11319,Significant_Damage_And_Serious_Injuries
857,16.8036529680365,16,14,75.2506836827712,0.199993508835196,80.27,4,26198.2158404159,2,0.0480632914673825,652,Highly_Fatal_And_Damaging
8142,38.0365296803653,17,2,63.5824977210575,0.32080129823296,81.49,1,19243.1330905624,3,0.685290136584357,4994,Minor_Damage_And_Injuries
1259,57.4885844748858,8,3,67.7301731996354,0.255889650198341,79.52,6,29471.7022281809,3,0.0075133090819069,1878,Significant_Damage_And_Serious_Injuries
4593,29.2237442922374,16,3,66.2260711030082,0.355420843851424,84.62,6,34255.7043624546,3,0.009264391715608,3945,Significant_Damage_And_Serious_Injuries
5386,17.1689497716895,16,19,71.6499544211486,0.306737107825459,78.28,4,28549.7555524629,2,0.0517797336074063,7954,Highly_Fatal_And_Damaging
9020,42.3287671232877,16,5,70.0091157702826,0.672406058420483,76.81,2,25019.9299511302,2,0.338559667841261,357,Minor_Damage_And_Injuries
7077,61.4155251141552,10,2,83.5460346399271,0.359748287053732,77.26,2,30684.6725583661,4,0.416733810413223,8734,Minor_Damage_And_Injuries
4541,37.3972602739726,14,1,80.1731996353692,0.355060223584565,78.39,6,50402.8810491369,2,0.0122725648420376,12289,Significant_Damage_And_Serious_Injuries
440,61.4155251141552,10,9,49.4986326344576,0.522748647673999,81.68,2,32702.1479935482,3,0.444536318527391,12161,Highly_Fatal_And_Damaging
2087,57.6712328767123,11,4,64.1294439380128,0.409874504147133,82.69,2,23317.6699020617,2,0.316784859744895,8005,Minor_Damage_And_Injuries
2378,56.62100456621,3,12,57.5205104831358,0.620476739992787,80.91,5,36687.8536553496,2,0.0252195650776522,7942,Highly_Fatal_And_Damaging
4037,62.3744292237443,6,2,57.4293527803099,0.466491886043996,79.1,5,43400.0276095646,3,0.0303417057566337,3217,Significant_Damage_And_Serious_Injuries
5117,46.4840182648402,11,0,45.7611668185962,0.37489433826181,76.53,3,40296.8160759999,2,0.199990448988869,11911,Minor_Damage_And_Injuries
2395,62.7397260273973,13,1,87.693710118505,0.174028849621349,78.2,1,30095.00139223,5,1.10778440135055,11028,Significant_Damage_And_Fatalities
394,50.2739726027397,17,9,74.0200546946217,0.238579877389109,79.31,7,26764.9951679242,1,0.0021867067343636,9651,Significant_Damage_And_Fatalities
8450,63.972602739726,13,5,54.7857793983592,0.30313090515687,78.96,1,32053.6698420435,2,1.19191517314558,6859,Significant_Damage_And_Serious_Injuries
74,45.3881278538813,15,3,52.506836827712,0.520945546339704,77.33,2,47423.3860641993,1,0.639480633874222,8485,Highly_Fatal_And_Damaging
5185,46.8036529680365,14,4,55.9708295350957,0.286902993148215,83.28,4,39521.7363015936,3,0.0728604655906755,7627,Highly_Fatal_And_Damaging
2066,13.7899543378995,17,1,57.8851412944394,0.404465200144248,77.62,1,33766.6231497173,2,1.24142731174916,5371,Highly_Fatal_And_Damaging
471,40.8675799086758,13,2,62.9443938012762,0.358305805986296,79.48,3,32908.2936804925,3,0.163904081046726,5256,Significant_Damage_And_Serious_Injuries
9584,32.1461187214612,12,3,56.4721969006381,0.319719437432383,79.69,4,38818.4708957809,3,0.0701249966785418,7397,Significant_Damage_And_Fatalities
4620,59.6803652968037,14,5,66.3172288058341,0.376336819329246,74.82,3,38880.4007290491,1,0.193613017863946,2913,Significant_Damage_And_Fatalities
3818,59.634703196347,11,6,76.9371011850502,0.426823656689506,75.8,4,20761.9844156144,3,0.0375914964961934,11682,Minor_Damage_And_Injuries
4817,53.7442922374429,9,2,72.4247948951687,0.420332491886044,81.56,5,27776.6103421415,2,0.0185203892363935,2187,Significant_Damage_And_Serious_Injuries
2640,36.5753424657534,14,5,57.6116681859617,0.488850342589253,79.61,3,33896.5116891607,2,0.168586748894355,6865,Significant_Damage_And_Serious_Injuries
1914,53.8356164383562,9,1,58.0218778486782,0.482359177785791,77.2,3,39820.4192512397,2,0.198336004530739,2311,Significant_Damage_And_Serious_Injuries
2839,44.4292237442922,8,0,38.7876025524157,0.707746844572664,84.9,3,30129.0234626743,3,0.149678160752922,9130,Significant_Damage_And_Fatalities
2625,8.53881278538813,19,2,44.3938012762078,0.400858997475658,81.14,4,18616.7267586299,1,0.034593326232667,11856,Significant_Damage_And_Fatalities
3667,1.14155251141552,21,4,54.6490428441203,0.335226108907321,85.22,7,25720.9164075718,2,0.0024615303137321,5437,Highly_Fatal_And_Damaging
4610,33.7442922374429,11,5,61.7593436645397,0.444133429498738,79.33,2,35004.0541195592,1,0.475322665637944,6852,Highly_Fatal_And_Damaging
3394,46.2557077625571,8,8,66.2260711030082,0.283296790479625,83.51,4,28222.6869817888,2,0.0522542716629988,675,Highly_Fatal_And_Damaging
3747,19.9543378995434,16,0,74.0656335460346,0.23821925712225,79.16,4,40072.976624729,1,0.0736990760111261,5841,Highly_Fatal_And_Damaging
2432,23.6073059360731,18,0,79.3983591613491,0.396892174540209,81.15,3,36002.5313878639,2,0.177891441142579,11859,Significant_Damage_And_Serious_Injuries
9354,58.7214611872146,14,2,75.3418413855971,0.183044356292824,82.27,7,40028.3261414048,1,0.0035471897913823,8177,Significant_Damage_And_Fatalities
4777,46.1187214611872,15,9,61.485870556062,0.533927875946628,78.5,2,31292.9574886337,2,0.424352083307853,7619,Minor_Damage_And_Injuries
7544,20.8675799086758,19,1,75.432999088423,0.23821925712225,79.16,4,30476.691698662,2,0.0557625104986608,1044,Significant_Damage_And_Serious_Injuries
791,67.1232876712329,12,6,57.7484047402006,0.370927515326361,81.14,4,29347.2823922561,4,0.0525367024728564,8290,Significant_Damage_And_Fatalities
4956,42.7853881278539,9,10,57.6116681859617,0.605691309051569,80.99,4,32578.5943530981,2,0.0603659819363915,11519,Highly_Fatal_And_Damaging
3148,10.8675799086758,18,2,44.0291704649043,0.432232960692391,81.14,2,27376.1722427695,2,0.369357073209878,11231,Significant_Damage_And_Fatalities
7817,46.9406392694064,14,19,49.0428441203282,0.251201586729174,82.99,2,29638.2639734828,1,0.403546822916697,4135,Highly_Fatal_And_Damaging
4184,29.2237442922374,13,11,66.9097538742024,0.355420843851424,81.72,1,27087.6233599448,2,1.00088140899979,8445,Highly_Fatal_And_Damaging
2490,11.8721461187215,18,1,52.8258887876026,0.638507753335737,75.98,4,36624.2796276571,1,0.0674837302135489,9555,Significant_Damage_And_Fatalities
5192,68.0365296803653,12,1,72.971741112124,0.492817165524703,76.99,7,15180.0317902949,2,0.0014803339740917,73,Significant_Damage_And_Fatalities
3135,30.5936073059361,12,1,68.6417502278943,0.413480706815723,79.7,6,40657.7633959541,2,0.0102445448171566,2846,Highly_Fatal_And_Damaging
1907,17.351598173516,16,14,96.3081130355515,0.245071042192571,77.74,4,22016.952274007,2,0.0402197748879124,6658,Highly_Fatal_And_Damaging
3400,54.8401826484018,12,1,82.3154056517776,0.40374395961053,76.95,2,19525.85738177,2,0.256113629626921,2258,Minor_Damage_And_Injuries
8850,35.0684931506849,11,3,53.7374658158614,0.510848178867652,80.91,6,19488.0055234635,3,0.0042155123075014,8238,Significant_Damage_And_Fatalities
3605,63.8356164383562,13,0,70.6472196900638,0.453509556437072,79.05,1,42821.5144490704,3,1.56365104590688,2265,Significant_Damage_And_Fatalities