,Safety_Score,Days_Since_Inspection,Total_Safety_Complaints,Control_Metric,Turbulence_In_gforces,Cabin_Temperature,Accident_Type_Code,Max_Elevation,Violations,Adverse_Weather_Metric,Accident_ID,Severity
9679,22.3287671232877,15,4,72.8805834092981,0.240022358456545,75.01,3,41709.0152758443,1,0.207361290677516,1389,Highly_Fatal_And_Damaging
2953,20.8675799086758,19,7,48.9516864175023,0.582250991705733,79.2,5,28547.658421273,4,0.0179965117276075,487,Minor_Damage_And_Injuries
2525,45.7077625570776,8,0,58.3865086599818,0.530321673278038,83.72,7,24973.6836872682,4,0.0023540093308862,8633,Highly_Fatal_And_Damaging
8224,44.5205479452055,12,3,65.1321786690975,0.364796970789758,80.96,6,38801.3690549755,1,0.0098196027988236,4515,Significant_Damage_And_Serious_Injuries
591,43.3333333333333,12,3,66.8641750227894,0.272117562206996,79.46,3,26705.9269085582,3,0.134002354033588,5355,Significant_Damage_And_Serious_Injuries
1641,64.8858447488584,13,19,64.6763901549681,0.339192931842769,87.89,7,50549.5900345376,3,0.0043663249002705,10922,Significant_Damage_And_Fatalities
2676,38.310502283105,13,54,71.2397447584321,0.249759105661738,82.45,3,51049.3801500284,1,0.257153813877754,1517,Significant_Damage_And_Serious_Injuries
8468,37.3972602739726,14,7,79.2160437556974,0.21333645870898,76.61,3,16149.3177035064,3,0.0784881253243107,2105,Significant_Damage_And_Serious_Injuries
3371,53.1506849315068,13,0,71.3764813126709,0.247234763793725,81.61,5,24750.6511585502,4,0.0170358910014253,6276,Minor_Damage_And_Injuries
3979,72.0091324200913,9,2,45.3965360072927,0.520945546339704,78.67,7,25644.4684192504,0,0.0021435192920443,9604,Significant_Damage_And_Serious_Injuries
7182,26.4840182648402,13,5,78.7602552415679,0.397613415073927,76.35,1,33393.5930883868,2,1.22964533075899,1773,Highly_Fatal_And_Damaging
2745,36.4383561643836,11,2,73.7010027347311,0.273560043274432,78.91,2,26902.3188154086,2,0.364323085585167,11087,Highly_Fatal_And_Damaging
7276,64.2465753424657,13,9,57.0191431175934,0.660144969347277,76.63,4,31988.1959886504,2,0.0587205544501303,1076,Significant_Damage_And_Serious_Injuries
4932,29.7716894977169,12,2,44.7584320875114,0.687191489361702,79.92,1,36463.5453790652,2,1.32566078193503,9846,Significant_Damage_And_Fatalities
8212,64.5662100456621,9,14,72.2424794895169,0.414201947349441,79.23,5,5573.65221329357,2,0.0045116044911105,1495,Minor_Damage_And_Injuries
9587,56.1643835616438,15,0,69.644484958979,0.337029210241615,82.1,7,35976.202143689,2,0.0029809992085563,11926,Significant_Damage_And_Fatalities
6847,30.3196347031963,16,0,86.9644484958979,0.328734944103858,78.46,6,24044.671508818,4,0.0062765408515574,2812,Significant_Damage_And_Serious_Injuries
1494,22.1917808219178,15,27,57.8851412944394,0.494620266858997,77.65,5,26607.9239914159,2,0.0179640495250665,5204,Highly_Fatal_And_Damaging
9890,58.6301369863014,7,2,92.3883318140383,0.181962495492247,82.01,2,39378.2838891518,3,0.533684621923382,10458,Highly_Fatal_And_Damaging
8625,18.1735159817352,16,1,54.9680948040109,0.350372160115398,81.05,1,25149.775095668,4,0.928160114062658,1755,Significant_Damage_And_Fatalities
9053,59.3150684931507,11,3,50.0,0.75246375766318,82.86,7,24079.4243606516,2,0.0025015891283589,6911,Significant_Damage_And_Serious_Injuries
9860,15.296803652968,17,10,67.5022789425707,0.283296790479625,77.13,1,20293.2693818548,0,0.750477041789785,5529,Highly_Fatal_And_Damaging
3338,67.4429223744292,12,6,61.6681859617138,0.314670753696357,77.09,7,30442.0286950033,2,0.0027335754620237,7634,Significant_Damage_And_Fatalities
7197,42.3744292237443,12,4,78.3956244302644,0.313228272628922,78.78,3,53176.4511388213,3,0.283294536142231,11784,Significant_Damage_And_Serious_Injuries
7867,23.9269406392694,14,6,71.0574293527803,0.306376487558601,76.36,4,37868.6045618699,1,0.0692368044281072,8610,Highly_Fatal_And_Damaging
3036,32.9223744292237,11,1,49.6353691886965,0.470819329246303,81.08,1,33960.5815774007,3,1.25637083671277,11683,Significant_Damage_And_Fatalities
5222,59.7716894977169,7,19,49.9544211485871,0.354338983050847,76.3,2,15521.1855005986,2,0.210809444881712,9077,Minor_Damage_And_Injuries
1674,38.9041095890411,10,0,51.8231540565178,0.639950234403173,77.93,5,22131.7362773227,3,0.0152285807431387,1604,Significant_Damage_And_Fatalities
8116,13.7899543378995,17,12,63.3090246125798,0.251922827262892,77.29,4,30477.3190817566,2,0.0556296473123615,8083,Highly_Fatal_And_Damaging
6329,30.1826484018265,12,6,74.9316317228806,0.282936170212766,77.75,4,30077.4161879637,2,0.0542862669246763,11351,Highly_Fatal_And_Damaging
9887,49.5890410958904,7,7,61.3035551504102,0.476228633249188,88.78,5,40130.086673228,3,0.0266561233781544,11953,Highly_Fatal_And_Damaging
3063,41.5981735159817,19,12,55.9708295350957,0.717483591777858,81.06,6,46104.7029866108,0,0.0116123239444989,7086,Significant_Damage_And_Serious_Injuries
8949,31.9634703196347,15,0,59.8906107566089,0.434396682293545,81.02,4,26380.4456263727,1,0.0486700861808518,589,Significant_Damage_And_Serious_Injuries
1169,69.8630136986301,11,5,54.0565177757521,0.672406058420483,79.03,3,38078.9002634437,1,0.18927904197012,11331,Highly_Fatal_And_Damaging
8773,50.2739726027397,13,5,57.0647219690064,0.370927515326361,85.6,3,29319.1060323609,3,0.144959688386902,10578,Highly_Fatal_And_Damaging
5079,32.1004566210046,15,4,64.3573381950775,0.330538045438154,90.87,6,46572.4825389388,1,0.0116764435606435,8197,Significant_Damage_And_Serious_Injuries
1210,55.9817351598173,12,12,62.1695533272562,0.317916336098088,79.26,4,34328.0192022345,1,0.0633223123824082,8003,Minor_Damage_And_Injuries
7792,30.3196347031963,13,3,63.9927073837739,0.456033898305084,80.13,4,21651.0494588669,2,0.0395779155196466,10513,Highly_Fatal_And_Damaging
3542,32.5570776255708,15,1,48.6326344576117,0.407710782545979,80.59,1,17712.9698025224,2,0.651623743243857,1761,Minor_Damage_And_Injuries
1086,58.8584474885845,11,5,78.9425706472197,0.308540209159754,84.53,2,34174.5816059994,3,0.464932337248785,502,Minor_Damage_And_Injuries
478,38.3561643835616,13,0,71.285323609845,0.273199423007573,81.53,3,32039.8851127242,2,0.159335323690078,1987,Significant_Damage_And_Serious_Injuries
8451,41.3698630136986,12,6,62.2607110300821,0.454591417237649,77.09,6,29833.6230571433,4,0.0071748328741731,4001,Significant_Damage_And_Serious_Injuries
4805,24.3835616438356,17,4,80.4466727438469,0.30313090515687,77.98,6,45239.9524774151,3,0.0114943524785138,1742,Significant_Damage_And_Serious_Injuries
672,51.8264840182648,13,12,79.3072014585233,0.324768121168409,78.02,2,9065.40417066948,1,0.0595076217413258,3882,Minor_Damage_And_Injuries
5703,34.3835616438356,11,8,65.4512306289882,0.274641904075009,76.8,4,31610.955605815,2,0.057671471877196,7387,Highly_Fatal_And_Damaging
7227,62.1917808219178,6,1,63.126709206928,0.551958889289578,81.79,3,44882.6151076864,3,0.224640366202277,10662,Significant_Damage_And_Serious_Injuries
1835,50.5022831050228,7,0,78.9425706472197,0.343880995311936,80.5,4,26453.2769203909,2,0.0485064756050535,12162,Highly_Fatal_And_Damaging
2528,38.9954337899543,10,2,68.1859617137648,0.359027046520014,83.22,3,34132.2412197546,1,0.17069849613111,64,Highly_Fatal_And_Damaging
26,59.2694063926941,14,3,61.6226071103008,0.331980526505589,90.87,7,32342.3133839545,3,0.0030220785773064,8830,Significant_Damage_And_Fatalities
4998,64.8858447488584,12,1,70.6472196900638,0.358666426253155,76.85,2,30684.6725583661,3,0.416258197098539,5512,Significant_Damage_And_Fatalities
7627,51.2785388127854,13,1,59.0701914311759,0.467213126577713,84.52,4,31227.7542146101,0,0.0573884601721742,6706,Minor_Damage_And_Injuries
5452,87.4885844748858,6,1,42.0692798541477,0.538615939415795,80.15,4,48400.6194864647,1,0.0884973764056748,7729,Significant_Damage_And_Serious_Injuries
1229,56.7579908675799,8,4,100.0,0.214418319509556,78.6,6,32088.9792504428,1,0.0081766060915224,4999,Significant_Damage_And_Serious_Injuries
6151,35.5251141552511,14,15,76.9371011850502,0.45387017670393,84.28,6,33944.6431410097,1,0.0082708768829657,2543,Significant_Damage_And_Serious_Injuries
3573,38.6301369863014,13,1,47.2196900638104,0.416005048683736,80.13,2,41045.6940016465,2,0.554227832031061,2855,Minor_Damage_And_Injuries
7215,57.4885844748858,8,3,89.2433910665451,0.242907320591417,79.37,6,32254.0720662131,2,0.0080249482559319,2792,Significant_Damage_And_Serious_Injuries
1016,33.013698630137,15,5,95.4876937101185,0.314310133429499,83.96,6,45176.8326191203,2,0.0115992727931572,5054,Significant_Damage_And_Serious_Injuries
2157,42.3287671232877,12,10,73.4275296262534,0.319358817165525,77.49,3,29977.7218016701,1,0.149220529070526,5967,Significant_Damage_And_Serious_Injuries
4198,65.4337899543379,12,1,51.2762078395624,0.598118283447529,80.17,7,42768.509481535,0,0.0042445268454015,1930,Significant_Damage_And_Serious_Injuries
9078,12.9680365296804,18,2,66.0893345487694,0.365878831590335,84.69,4,40142.0806841499,3,0.0745708540130751,7313,Highly_Fatal_And_Damaging
7344,37.3972602739726,11,2,62.5341841385597,0.315752614496934,80.53,2,19518.5621631503,2,0.264253743919955,3853,Highly_Fatal_And_Damaging
7265,34.6118721461187,14,6,65.8614402917047,0.362272628921745,77.04,7,32624.8226188518,2,0.0033320075224914,7119,Significant_Damage_And_Serious_Injuries
898,53.7442922374429,9,2,62.8076572470374,0.279690587811035,80.34,3,46064.8961794662,3,0.228868428380583,5590,Significant_Damage_And_Serious_Injuries
4842,28.9041095890411,16,3,64.6763901549681,0.341717273710782,81.85,3,34255.7043624546,3,0.17089911377233,9851,Significant_Damage_And_Serious_Injuries
8158,48.6301369863014,10,2,81.9051959890611,0.226679408582762,79.9,3,33729.9660574611,4,0.168586748894355,12190,Significant_Damage_And_Serious_Injuries
4010,72.5570776255708,7,8,18.4594348222425,0.774822214208438,79.13,3,33579.7049880148,2,0.167321669948203,3822,Highly_Fatal_And_Damaging
9462,31.0958904109589,12,25,84.8678213309025,0.270314460872701,77.58,3,9764.86399052122,1,0.0430780415831567,4807,Highly_Fatal_And_Damaging
8528,26.4383561643836,17,7,79.3983591613491,0.320440677966102,79.75,6,40445.1366875436,1,0.009523106474546,7602,Significant_Damage_And_Serious_Injuries
9616,49.6803652968036,7,0,80.355515041021,0.232449332852506,80.5,7,33385.1482642618,2,0.0030797732865949,5182,Highly_Fatal_And_Damaging
9255,40.1369863013699,13,3,54.2844120328168,0.59090587811035,78.67,3,26385.0415378019,2,0.131340504997494,740,Minor_Damage_And_Injuries
1334,49.2237442922374,17,3,75.38742023701,0.39292535160476,77.47,7,22348.3081416156,4,0.0015955173038844,2463,Significant_Damage_And_Fatalities
9563,61.4155251141552,10,1,52.1877848678213,0.502914532996754,82.45,5,29827.9032830397,2,0.0195516826413514,270,Highly_Fatal_And_Damaging
5626,41.9178082191781,16,22,72.151321786691,0.272117562206996,81.03,2,33596.650764814,2,0.453693975116104,4527,Minor_Damage_And_Injuries
4171,0.0,21,14,63.9015496809481,0.322604399567255,88.11,3,24144.0115271371,2,0.119252737278626,12038,Highly_Fatal_And_Damaging
6167,38.4018264840183,13,2,59.9817684594348,0.375254958528669,83.96,3,13468.0085006978,2,0.0639965250235573,11962,Significant_Damage_And_Serious_Injuries
9489,31.2328767123288,12,14,66.4995442114859,0.319719437432383,79.69,1,34480.663199033,2,1.26281554046516,3516,Highly_Fatal_And_Damaging
9942,53.7442922374429,16,2,55.5606198723792,0.599560764514966,77.25,3,29541.1841118771,4,0.146736433115703,9138,Significant_Damage_And_Serious_Injuries
7434,39.634703196347,17,11,59.8906107566089,0.496423368193292,76.96,1,21043.0745957428,4,0.768085134187627,11453,Minor_Damage_And_Injuries
9683,76.1187214611872,6,29,64.4940747493163,0.557368193292463,76.18,6,28354.1216769969,3,0.0073302481648599,1478,Minor_Damage_And_Injuries
1682,44.703196347032,12,4,73.9288969917958,0.335586729174179,79.97,1,33218.1702466833,4,1.22554324235319,3716,Significant_Damage_And_Serious_Injuries
4283,80.958904109589,8,12,87.2379216043756,0.264544536602957,76.87,7,19262.1840059827,3,0.0016548362893203,5844,Significant_Damage_And_Fatalities
4888,50.2739726027397,10,0,78.714676390155,0.399416516408222,88.67,6,831.69555342133,5,0.0029204344898001,6782,Significant_Damage_And_Serious_Injuries
8050,40.1826484018265,13,4,55.9252506836828,0.444854670032455,84.87,4,27569.7208350064,2,0.0507365851904243,102,Minor_Damage_And_Injuries
5709,48.4474885844749,14,6,64.3573381950775,0.25264406779661,77.74,5,34076.4536138475,2,0.0236870689078476,7497,Minor_Damage_And_Injuries
8763,40.9132420091324,13,2,55.5150410209663,0.550877028489001,82.46,4,28454.4613989612,2,0.0520195059207914,1241,Minor_Damage_And_Injuries
236,17.7168949771689,16,1,57.7484047402006,0.285821132347638,80.25,4,24079.5906676941,2,0.0435695366800226,5128,Highly_Fatal_And_Damaging
4098,15.662100456621,17,3,60.1640838650866,0.28149368914533,85.9,6,16878.4843087957,2,0.0044618792508913,12185,Highly_Fatal_And_Damaging
6497,35.9817351598173,11,1,76.4813126709207,0.281133068878471,79.17,3,33319.4538870578,3,0.164857538935295,12033,Highly_Fatal_And_Damaging
2188,42.1004566210046,16,5,70.0091157702826,0.493899026325279,76.3,2,28473.7861502813,2,0.383236113744959,5134,Minor_Damage_And_Injuries
5352,18.1735159817352,16,1,76.5268915223336,0.335947349441038,78.37,7,32967.0320466574,2,0.0033047001729781,12449,Highly_Fatal_And_Damaging
1151,49.5890410958904,7,7,63.7648131267092,0.306737107825459,84.41,4,39157.2593815732,2,0.0713789477305042,10765,Highly_Fatal_And_Damaging
6898,17.8995433789954,20,9,61.3491340018232,0.570350522899387,77.86,4,29365.0114975677,1,0.0540647100858169,12083,Significant_Damage_And_Serious_Injuries
1048,54.7488584474886,15,4,67.4567000911577,0.245071042192571,82.09,6,20633.9199967052,4,0.0056033729569485,7811,Significant_Damage_And_Fatalities
2002,72.9680365296803,7,2,72.7438468550593,0.272838802740714,78.01,2,31484.4366438126,3,0.42760965194734,10954,Minor_Damage_And_Injuries
415,28.4931506849315,16,22,54.2388331814038,0.315752614496934,86.43,4,26026.0289669448,3,0.0484619583526901,3741,Significant_Damage_And_Serious_Injuries
2687,12.6940639269406,18,12,55.3783044667274,0.421414352686621,79.03,4,33107.0646128733,3,0.0604794899831926,7822,Significant_Damage_And_Fatalities
9747,28.8127853881279,16,11,49.8632634457612,0.696567616300036,78.18,1,37945.7802513522,1,1.3954917626167,2878,Minor_Damage_And_Injuries
9947,44.703196347032,12,4,73.9288969917958,0.373451857194374,81.11,2,23386.4149341693,4,0.316784859744895,1862,Significant_Damage_And_Serious_Injuries
581,59.5433789954338,14,18,70.5560619872379,0.205042192571222,80.44,4,23734.7513059841,1,0.044082859659204,1999,Significant_Damage_And_Fatalities
3417,50.2739726027397,10,1,50.3190519598906,0.411316985214569,79.62,3,29213.8409826863,2,0.145406245169267,9966,Minor_Damage_And_Injuries
8257,47.8538812785388,14,2,67.4567000911577,0.398334655607645,78.84,2,27650.3495758316,2,0.373623459926084,6163,Minor_Damage_And_Injuries
4246,32.8767123287671,15,4,95.4876937101185,0.172946988820772,83.7,6,14287.4754585327,2,0.0030318920040189,7249,Significant_Damage_And_Serious_Injuries
1585,55.0228310502283,15,2,67.6390154968095,0.255889650198341,77.99,6,23665.6603699134,1,0.0062765408515574,1394,Significant_Damage_And_Fatalities
6645,21.3698630136986,15,0,67.4567000911577,0.523469888207717,79.71,6,36445.5066953549,2,0.009264391715608,9684,Highly_Fatal_And_Damaging
3569,29.0867579908676,16,3,64.9498632634458,0.439084745762712,81.76,6,34255.7043624546,1,0.0083235766830855,9416,Significant_Damage_And_Serious_Injuries
4415,43.6529680365297,12,8,52.1877848678213,0.568186801298233,79.58,2,22671.8172128642,1,0.302231914191802,581,Significant_Damage_And_Serious_Injuries
4322,36.6666666666667,10,11,83.4092980856883,0.289427335016228,78.2,4,35048.0265895625,2,0.0637233304662383,8582,Highly_Fatal_And_Damaging
1936,63.9269406392694,13,7,57.5205104831358,0.439084745762712,80.07,2,40741.8822675604,2,0.550393965793601,1338,Significant_Damage_And_Fatalities
5764,39.5433789954338,10,1,62.5341841385597,0.267790119004688,84.41,2,41316.1377313856,2,0.561565211364956,3085,Highly_Fatal_And_Damaging
3500,4.79452054794521,20,13,64.7219690063811,0.419611251352326,83.01,7,33327.0688920364,1,0.0031434471531834,8869,Highly_Fatal_And_Damaging
8459,39.6803652968037,13,2,74.0200546946217,0.250119725928597,79.99,4,33067.6244116376,1,0.059612982861875,6954,Significant_Damage_And_Serious_Injuries
9134,29.0867579908676,13,10,82.0875113947128,0.332341146772449,80.65,4,33344.0480231335,0,0.0614525873393909,9571,Highly_Fatal_And_Damaging
4897,30.5022831050228,12,1,89.1066545123063,0.256971510998918,80.39,4,22068.2222270981,3,0.040335527894257,7250,Highly_Fatal_And_Damaging
3833,9.08675799086758,18,19,79.5806745670009,0.268150739271547,76.42,1,38318.5677725656,1,1.41050359096262,10667,Highly_Fatal_And_Damaging
4818,39.4977168949772,13,1,77.848678213309,0.399416516408222,78.28,3,28154.2803480068,2,0.140988659182671,5921,Significant_Damage_And_Serious_Injuries
9088,25.662100456621,14,10,70.7383773928897,0.207205914172377,79.17,4,35594.722894088,2,0.0648774547016707,4574,Highly_Fatal_And_Damaging
1289,17.351598173516,20,12,67.6390154968095,0.231367472051929,77.3,3,42760.6401322885,1,0.211728167404242,4057,Significant_Damage_And_Serious_Injuries
4197,68.2191780821918,8,2,56.7000911577028,0.469376848178867,83.58,7,27551.1035270287,2,0.0022468239768789,9628,Significant_Damage_And_Serious_Injuries
3094,29.2694063926941,13,0,45.6700091157703,0.509405697800216,77.16,4,29502.7634210532,1,0.0533984110646786,1344,Significant_Damage_And_Fatalities
4280,46.4383561643836,11,13,38.7876025524157,0.635622791200865,78.9,3,22727.3215190547,2,0.113705263493203,2500,Minor_Damage_And_Injuries
6212,16.4840182648402,16,2,47.2652689152234,0.514093761269383,80.47,2,30701.4903580148,3,0.416733810413223,8472,Significant_Damage_And_Fatalities
1778,31.8264840182648,19,9,56.563354603464,0.695485755499459,78.95,4,40424.9322137671,2,0.0739977852573517,1047,Highly_Fatal_And_Damaging
9779,58.9954337899543,14,8,62.7164995442115,0.402301478543094,81.88,7,41508.6458682606,0,0.0037500668344686,972,Significant_Damage_And_Fatalities
6123,55.8447488584475,8,2,70.3737465815861,0.293754778218536,85.64,7,38405.2090260466,2,0.0034349106810192,6547,Significant_Damage_And_Serious_Injuries
7566,45.4337899543379,15,5,65.9981768459435,0.300967183555716,81.8,2,20478.7647390918,1,0.277637542715051,8220,Minor_Damage_And_Injuries
9545,40.5936073059361,16,1,59.1613491340018,0.467213126577713,80.82,2,20955.0416104401,1,0.286821821953301,4906,Minor_Damage_And_Injuries
3240,17.5799086757991,16,9,65.587967183227,0.282575549945907,78.0,4,23004.8947874734,3,0.0422835255042087,1721,Highly_Fatal_And_Damaging
9359,56.6666666666667,11,6,54.3299908842297,0.484883519653804,78.08,3,22096.2313577293,2,0.110391364869765,2170,Highly_Fatal_And_Damaging
3032,41.689497716895,19,6,66.6818596171377,0.340274792643346,76.92,2,46974.390404833,2,0.637457086688145,1412,Significant_Damage_And_Fatalities
7989,27.8538812785388,17,6,75.1139471285324,0.201796610169491,76.98,6,25719.1596833656,2,0.0063805263176679,10075,Significant_Damage_And_Serious_Injuries
5633,39.8173515981735,13,15,72.1969006381039,0.442330328164443,77.11,6,47430.2732035325,2,0.0115453696276444,3803,Significant_Damage_And_Serious_Injuries
1524,40.5479452054794,20,6,59.7538742023701,0.488850342589253,74.85,6,35977.0123074185,1,0.0091457927339458,58,Significant_Damage_And_Fatalities
5821,44.337899543379,15,7,56.7456700091158,0.517339343671114,82.71,4,32035.2462117953,3,0.0583819270530569,7425,Highly_Fatal_And_Damaging
3596,39.7260273972603,10,6,50.1823154056518,0.483801658853228,77.95,4,35110.9406963034,3,0.0645538417877223,10701,Significant_Damage_And_Fatalities
6741,24.6575342465753,14,11,39.8359161349134,0.557368193292463,84.94,4,21720.5738257697,5,0.0398260252450034,11390,Significant_Damage_And_Fatalities
7967,63.1050228310502,13,19,71.8322698268004,0.19494482509917,77.41,1,28923.9002638104,4,1.06763304103432,12500,Significant_Damage_And_Fatalities
9209,20.3196347031963,15,26,91.1121239744758,0.311425171294627,88.57,1,27720.6039256864,3,1.02097092355983,7823,Highly_Fatal_And_Damaging
7184,41.9178082191781,12,0,59.7082953509572,0.524191128741435,83.03,6,36837.9660008634,3,0.0091635658666966,9228,Significant_Damage_And_Serious_Injuries
8502,15.7534246575342,21,3,84.8678213309025,0.434396682293545,78.54,1,25460.5635954114,3,0.948341399376559,12338,Minor_Damage_And_Injuries
9036,50.365296803653,13,0,84.1385597082954,0.295197259285972,83.6,1,25820.201823365,2,0.942297419702323,10262,Minor_Damage_And_Injuries
9444,21.5525114155251,15,0,63.8103919781222,0.338111071042192,80.5,4,39062.7633978191,1,0.0717069574184071,9871,Highly_Fatal_And_Damaging
500,47.5342465753425,11,10,79.8997265268915,0.29555787955283,78.38,3,36295.1033532213,2,0.181056414605482,9775,Significant_Damage_And_Serious_Injuries
5159,61.4155251141552,10,2,54.922515952598,0.496423368193292,75.9,2,35000.8621054718,4,0.473371436510231,10717,Highly_Fatal_And_Damaging
7007,19.041095890411,16,1,73.0173199635369,0.204320952037505,83.17,4,35121.5544506946,3,0.0638525434029938,9731,Highly_Fatal_And_Damaging
4282,25.5707762557078,14,2,51.0483135824977,0.628410385863685,78.99,4,24188.3948414421,1,0.0444837660915728,12283,Significant_Damage_And_Fatalities
9787,25.5707762557078,14,7,40.5651777575205,0.45387017670393,81.45,6,36093.8087038102,2,0.0090833764847657,6601,Significant_Damage_And_Fatalities
2434,40.2739726027397,9,6,56.7912488605287,0.375976199062387,76.95,6,37657.6872093112,1,0.0102266959448952,9277,Highly_Fatal_And_Damaging
6977,25.296803652968,14,17,37.5113947128533,0.59451208077894,85.58,4,33020.6826803039,3,0.05994597155975,2175,Significant_Damage_And_Fatalities
4152,33.5159817351598,18,12,56.7000911577028,0.605691309051569,82.69,3,52378.4156155552,3,0.257153813877754,4437,Highly_Fatal_And_Damaging
2903,47.7168949771689,11,1,77.4840474020055,0.331980526505589,81.13,3,28145.0409199558,2,0.141031133810539,6563,Significant_Damage_And_Serious_Injuries
8161,58.7214611872146,14,7,66.2260711030082,0.423217454020916,76.37,7,31652.7562487891,2,0.0029024112121676,10608,Significant_Damage_And_Fatalities
7037,59.2694063926941,14,5,57.5205104831358,0.351093400649116,85.61,7,32475.3941981611,1,0.0030959197693667,5416,Significant_Damage_And_Fatalities
2090,46.7579908675799,11,1,66.362807657247,0.252283447529751,76.98,3,33599.0902717774,1,0.16875836276271,11054,Significant_Damage_And_Serious_Injuries
852,44.9315068493151,12,5,73.9288969917958,0.413841327082582,81.23,1,26600.5288297051,0,0.978454626515347,7256,Significant_Damage_And_Serious_Injuries
6077,31.6438356164384,12,5,66.0893345487694,0.266347637937252,76.79,1,24354.5471226108,3,0.898387825256726,4932,Highly_Fatal_And_Damaging
1570,19.1780821917808,16,10,68.5050136736554,0.388237288135593,80.7,7,34441.4209583703,3,0.0033398864703658,7094,Highly_Fatal_And_Damaging
2263,40.8219178082192,13,2,62.9443938012762,0.312507032095204,77.53,6,24590.3039553228,3,0.0063532410289954,1418,Significant_Damage_And_Serious_Injuries
8743,25.296803652968,14,0,48.5870556061987,0.590545257843491,82.2,3,37436.7322135348,1,0.18590810300034,8100,Significant_Damage_And_Fatalities
7751,45.2511415525114,11,2,60.1185050136736,0.422135593220339,85.42,6,35902.3547465078,4,0.0082521314597267,11803,Significant_Damage_And_Serious_Injuries
9532,21.9634703196347,15,5,39.7903372835005,0.522748647673999,80.55,1,37034.4056430355,1,1.36552797216704,4764,Significant_Damage_And_Fatalities
8716,36.7123287671233,10,11,69.0975387420237,0.37489433826181,76.74,3,21037.2785374601,1,0.103310532580903,3094,Highly_Fatal_And_Damaging
9903,36.5753424657534,14,3,62.6253418413856,0.317555715831229,76.4,2,43870.357040907,2,0.592637233865426,9475,Significant_Damage_And_Serious_Injuries
3367,57.4885844748858,8,2,67.7301731996354,0.37489433826181,77.1,5,28602.6042861829,3,0.0183646919990325,11179,Significant_Damage_And_Serious_Injuries
8316,67.4429223744292,11,3,59.1157702825889,0.366960692390912,79.21,7,27034.8776966234,3,0.0025001614479847,2771,Significant_Damage_And_Fatalities
7485,31.7808219178082,23,7,66.6818596171377,0.368403173458348,88.39,2,36933.8446810816,3,0.500932953505752,4566,Significant_Damage_And_Fatalities
5100,64.8401826484018,9,9,49.2707383773929,0.687191489361702,80.45,2,40580.5502390022,1,0.551381417627301,8173,Highly_Fatal_And_Damaging
8392,78.2191780821918,9,12,63.2634457611668,0.498947710061305,77.62,3,29542.2935498954,2,0.147316875425451,8826,Significant_Damage_And_Fatalities
2605,14.4748858447489,17,1,70.464904284412,0.2061240533718,77.36,7,33693.9126926562,2,0.0032871960948145,6202,Highly_Fatal_And_Damaging
6653,12.9680365296804,17,34,66.4995442114859,0.417808150018031,81.97,6,15658.6848708857,3,0.003513699665764,6558,Highly_Fatal_And_Damaging
339,43.2876712328767,15,2,51.5041020966272,0.462885683375405,80.23,1,37933.3990008527,1,1.38929549655495,5775,Highly_Fatal_And_Damaging
7892,31.4155251141552,12,2,82.9079307201459,0.362993869455463,80.66,6,36292.1949816483,0,0.0083679164695135,3442,Highly_Fatal_And_Damaging
8454,59.3150684931507,11,3,53.7830446672744,0.480916696718355,80.17,7,28535.2624015247,0,0.0026275933121641,1857,Significant_Damage_And_Serious_Injuries
5542,18.0365296803653,16,5,71.8778486782133,0.224876307248467,81.23,4,34397.7574159421,2,0.0628086341822525,11435,Highly_Fatal_And_Damaging
9575,14.2465753424657,17,0,67.9580674567001,0.267429498737829,75.55,3,26271.8716314514,2,0.130516892553366,4390,Highly_Fatal_And_Damaging
670,20.4566210045662,15,19,62.1239744758432,0.461803822574828,86.58,1,24312.5763266109,4,0.905640293986369,3066,Highly_Fatal_And_Damaging
5359,55.2511415525114,12,2,45.5332725615314,0.496783988460151,83.21,4,17343.6622157536,1,0.0320805077660302,3019,Highly_Fatal_And_Damaging
5033,26.7123287671233,13,2,70.1914311759344,0.358305805986296,81.37,3,37438.206200471,2,0.186511988073222,1537,Highly_Fatal_And_Damaging
8786,37.8082191780822,14,0,74.7493163172288,0.324046880634692,78.95,6,15748.1341436739,1,0.0035568774101538,2446,Significant_Damage_And_Serious_Injuries
6773,23.4703196347032,14,0,78.0765724703738,0.397974035340786,82.06,3,26674.9433945282,2,0.132616661769745,12082,Highly_Fatal_And_Damaging
8764,46.4383561643836,15,0,67.8669097538742,0.381024882798413,76.23,4,37340.640671331,2,0.0680573980642769,2816,Minor_Damage_And_Injuries
7863,37.5799086757991,10,12,57.7028258887876,0.448100252434187,77.25,1,33700.4226788016,2,1.23917731272885,2078,Highly_Fatal_And_Damaging
8646,39.5433789954338,10,0,76.7547857793984,0.283296790479625,78.56,4,26430.500959507,2,0.0480000313191448,4871,Highly_Fatal_And_Damaging
6481,24.337899543379,14,6,59.6171376481313,0.267429498737829,76.93,4,31278.3864504925,2,0.0575557829885468,1456,Highly_Fatal_And_Damaging
8441,44.5662100456621,12,3,65.1321786690975,0.354699603317706,78.69,3,27584.056491732,2,0.138291599813172,2832,Significant_Damage_And_Serious_Injuries