,Safety_Score,Days_Since_Inspection,Total_Safety_Complaints,Control_Metric,Turbulence_In_gforces,Cabin_Temperature,Accident_Type_Code,Max_Elevation,Violations,Adverse_Weather_Metric,Accident_ID,Severity
3969,18.3561643835616,20,9,68.5961713764813,0.308540209159754,76.74,3,21890.5709145531,3,0.106939063681618,3392,Significant_Damage_And_Serious_Injuries
8545,55.1141552511415,12,8,63.947128532361,0.246152902993148,82.92,2,34175.4526288751,2,0.465273335265546,11695,Minor_Damage_And_Injuries
38,75.9817351598173,6,12,67.8669097538742,0.352535881716553,81.26,2,28213.4276195929,4,0.382453188083348,5152,Minor_Damage_And_Injuries
2535,40.365296803653,9,10,59.2069279854148,0.300245943021998,82.48,7,13949.2541692102,0,0.0014175332554113,923,Highly_Fatal_And_Damaging
1388,31.9634703196347,15,0,62.0783956244303,0.372369996393797,79.29,5,35701.0921344288,2,0.0253444907773519,3061,Significant_Damage_And_Serious_Injuries
9001,45.1598173515982,11,2,68.7329079307201,0.276445005409304,81.46,2,21703.2159005865,3,0.296424469318709,6712,Significant_Damage_And_Serious_Injuries
7577,33.9269406392694,11,14,73.4275296262534,0.311064551027768,78.2,4,29123.2583793699,1,0.05298780403596,1225,Highly_Fatal_And_Damaging
2085,22.0547945205479,15,19,62.1239744758432,0.330898665705012,78.59,7,28164.6002001739,3,0.0026275933121641,6281,Highly_Fatal_And_Damaging
8422,56.7579908675799,8,4,82.4521422060164,0.275002524341868,81.38,6,22753.3132521245,1,0.0053269775279318,2365,Significant_Damage_And_Serious_Injuries
2901,6.98630136986301,19,11,66.9553327256153,0.504717634331049,78.96,4,36354.4884269448,3,0.0657718263164252,167,Highly_Fatal_And_Damaging
1452,58.0365296803653,11,0,46.4904284412033,0.634901550667147,77.69,2,9963.02930885873,1,0.167498543894157,7376,Highly_Fatal_And_Damaging
2606,56.6666666666667,11,6,55.9708295350957,0.455673278038226,78.1,2,35070.3331931138,1,0.475053302343132,5061,Highly_Fatal_And_Damaging
9404,44.4748858447489,8,3,53.8742023701003,0.432232960692391,77.25,2,29202.5677288209,3,0.394504816380126,5242,Significant_Damage_And_Fatalities
7608,73.1050228310502,10,7,70.9206927985415,0.24903786512802,78.14,7,32463.032918282,2,0.0030797732865949,12294,Significant_Damage_And_Fatalities
8770,59.4063926940639,11,18,76.9371011850502,0.381746123332131,76.56,5,33358.9840783386,1,0.021602470060268,5629,Minor_Damage_And_Injuries
7418,33.6529680365297,15,9,66.0437556973564,0.35686332491886,78.63,3,55360.3569171219,2,0.264749960840887,3075,Significant_Damage_And_Serious_Injuries
9190,20.2283105022831,15,5,68.1403828623519,0.253365308330328,79.47,4,42760.6401322885,2,0.0783387334083711,6303,Highly_Fatal_And_Damaging
7073,52.9680365296804,9,6,61.485870556062,0.448100252434187,81.23,6,28985.720868854,1,0.0070694502300699,5168,Significant_Damage_And_Serious_Injuries
1513,30.3196347031963,16,2,54.3755697356427,0.375254958528669,81.2,3,31568.919072162,2,0.156147792298604,10863,Minor_Damage_And_Injuries
6242,69.9543378995434,11,3,64.8131267092069,0.276805625676163,81.85,7,30442.0286950033,3,0.0029007866081757,11678,Significant_Damage_And_Fatalities
8160,44.0639269406393,15,7,51.2306289881495,0.633098449332852,81.79,5,36354.4884269448,2,0.0247342686946216,9025,Highly_Fatal_And_Damaging
2052,46.5753424657534,15,0,62.0783956244303,0.26346267580238,78.93,5,22674.8476547938,1,0.014990810229226,11573,Minor_Damage_And_Injuries
4986,82.2831050228311,7,0,66.1349134001823,0.335586729174179,77.18,6,34982.9927274348,1,0.0092343199017369,5516,Significant_Damage_And_Serious_Injuries
9521,46.2557077625571,8,1,49.179580674567,0.662308690948431,79.43,3,25490.6441643368,2,0.12514403561123,2112,Highly_Fatal_And_Damaging
314,54.7488584474886,15,9,73.2907930720146,0.2923122971511,82.09,6,23955.317634969,3,0.0059794501055219,5631,Significant_Damage_And_Fatalities
5653,42.5570776255708,16,3,55.2415679124886,0.647523260007212,80.16,2,14836.3056854253,2,0.178843572386274,6505,Minor_Damage_And_Injuries
8390,25.1141552511416,14,9,65.8614402917047,0.282575549945907,77.87,4,21541.920815782,2,0.0395851389792826,11273,Highly_Fatal_And_Damaging
1679,29.8630136986301,12,2,67.0464904284412,0.462885683375405,79.61,2,35004.0541195592,1,0.473371436510231,11442,Highly_Fatal_And_Damaging
8760,49.0867579908676,14,3,79.1248860528715,0.301327803822575,82.11,2,27206.7774652661,1,0.367490581778457,3452,Minor_Damage_And_Injuries
4529,63.972602739726,13,0,72.971741112124,0.492817165524703,82.67,2,40494.3158720077,2,0.546221486814704,4106,Significant_Damage_And_Fatalities
3692,30.365296803653,16,9,78.2588878760255,0.427544897223224,78.15,1,24605.471319083,3,0.88583863584684,12012,Significant_Damage_And_Serious_Injuries
938,33.4246575342466,15,7,74.7493163172288,0.497505228993869,77.39,3,19618.548566256,3,0.0983522686654718,7778,Significant_Damage_And_Serious_Injuries
1354,38.1278538812785,10,4,86.9644484958979,0.346405337179949,77.08,2,38183.1809071596,2,0.516166765140638,1173,Highly_Fatal_And_Damaging
3853,14.4748858447489,17,2,65.6791248860529,0.520945546339704,80.07,4,36350.8751542663,1,0.0667215904701951,5419,Highly_Fatal_And_Damaging
6083,34.7945205479452,14,11,58.7511394712853,0.448100252434187,78.15,3,45004.0013982202,2,0.224051804560772,12022,Significant_Damage_And_Serious_Injuries
1040,41.689497716895,13,9,65.2689152233364,0.32116191849982,81.04,3,38615.1265617957,2,0.192253394616584,9857,Significant_Damage_And_Serious_Injuries
3941,34.8401826484018,11,19,60.2552415679125,0.367321312657771,78.64,2,28904.6970099578,1,0.391182535671112,7301,Highly_Fatal_And_Damaging
124,32.3744292237443,12,11,66.5907019143118,0.586939055174901,79.61,4,25615.582228896,2,0.0470079021016096,8382,Highly_Fatal_And_Damaging
2404,35.0228310502283,14,3,54.2844120328168,0.487407861521817,79.97,2,23011.4158033695,1,0.311931453316891,5227,Minor_Damage_And_Injuries
8250,44.4748858447489,8,2,66.8641750227894,0.251201586729174,77.3,7,35468.9976035531,3,0.0033273762364338,10157,Highly_Fatal_And_Damaging
3768,28.8584474885845,16,11,58.2953509571559,0.317555715831229,83.08,3,24455.0250063736,1,0.122543644144534,3284,Significant_Damage_And_Serious_Injuries
2210,68.675799086758,11,16,56.1987237921604,0.466131265777136,80.53,7,47797.8467413316,1,0.0044512685400527,7018,Significant_Damage_And_Serious_Injuries
4883,39.1780821917808,10,8,82.2242479489517,0.434036062026686,87.27,4,24295.5955977486,4,0.0444837660915728,2627,Highly_Fatal_And_Damaging
3344,31.0958904109589,12,3,56.2898814949863,0.463606923909124,84.8,4,36727.6645762281,1,0.0674837302135489,4804,Significant_Damage_And_Fatalities
2704,28.5844748858447,16,5,66.9097538742024,0.357223945185719,79.72,6,39133.5779449397,1,0.0097243373383545,11946,Significant_Damage_And_Serious_Injuries
4737,27.4885844748858,17,0,83.8195077484048,0.192781103498016,86.08,2,25377.6648055458,2,0.341937267945787,2047,Significant_Damage_And_Serious_Injuries
4540,22.9223744292237,14,2,61.9416590701914,0.246513523260007,79.49,2,24854.1018365485,1,0.337996374568915,3245,Highly_Fatal_And_Damaging
9065,35.7077625570776,18,4,48.4958979033728,0.610018752253877,82.31,3,34452.597870784,1,0.17078321571126,8768,Highly_Fatal_And_Damaging
4240,60.0913242009132,10,7,81.3582497721058,0.365157591056617,81.78,2,29150.1821953109,3,0.394504816380126,11325,Minor_Damage_And_Injuries
1958,20.0456621004566,19,17,73.9744758432088,0.334865488640461,79.75,1,33776.6521906592,0,1.23917731272885,1039,Significant_Damage_And_Serious_Injuries
7482,42.1004566210046,9,2,58.5232452142206,0.333423007573026,82.48,7,14894.1620202017,1,0.000763558904105,10675,Highly_Fatal_And_Damaging
9910,47.6255707762557,14,1,48.9061075660894,0.541140281283808,79.89,5,45332.3027606441,4,0.0289622518314474,9319,Highly_Fatal_And_Damaging
6197,16.1187214611872,17,3,82.5888787602553,0.218745762711864,79.15,4,41380.2006558883,3,0.076505897644789,646,Highly_Fatal_And_Damaging
9052,23.6529680365297,18,7,78.0765724703738,0.36768193292463,82.22,4,18002.7881913085,2,0.0311427687291141,4381,Significant_Damage_And_Serious_Injuries
3567,36.6666666666667,14,22,71.2397447584321,0.38571294626758,81.85,1,39396.116621502,3,1.43817383028133,4668,Significant_Damage_And_Serious_Injuries
8803,62.1004566210046,14,5,55.2871467639016,0.405186440677966,75.4,7,42110.1776481671,2,0.004052826785921,4478,Significant_Damage_And_Serious_Injuries
2213,39.6803652968037,10,12,54.9680948040109,0.46865560764515,78.67,1,24314.5667574427,1,0.901972619496758,1035,Significant_Damage_And_Fatalities
9524,61.4155251141552,10,1,87.693710118505,0.272117562206996,77.26,2,13214.8518929535,1,0.201266098410958,6653,Minor_Damage_And_Injuries
1051,58.310502283105,11,5,76.8915223336372,0.425020555355211,76.78,2,25019.9299511302,3,0.337996374568915,3852,Minor_Damage_And_Injuries
6586,52.4657534246575,13,0,44.7584320875114,0.623001081860801,76.92,3,10393.0547497419,2,0.0558255168288564,11422,Highly_Fatal_And_Damaging
2955,72.3287671232876,10,10,59.5259799453054,0.423217454020916,76.37,7,30951.0633871869,2,0.0026711476016034,5257,Significant_Damage_And_Fatalities
2504,15.296803652968,17,0,72.4247948951687,0.324046880634692,78.92,4,12024.898224047,2,0.0216622052761879,606,Highly_Fatal_And_Damaging
9959,39.4063926940639,10,2,42.8441203281678,0.454591417237649,76.12,1,42902.3849751326,2,1.56177524617291,1275,Significant_Damage_And_Fatalities
9548,42.1004566210046,12,4,66.4539653600729,0.502553912729895,76.79,7,42912.5244287391,3,0.0038872058821915,367,Significant_Damage_And_Serious_Injuries
1209,50.7305936073059,6,3,72.151321786691,0.358666426253155,78.77,4,26241.6679862289,2,0.0486177274388598,9428,Highly_Fatal_And_Damaging
345,41.0502283105023,16,44,67.6390154968095,0.343159754778218,81.86,5,27190.7936061396,3,0.0183562908562267,7203,Minor_Damage_And_Injuries
1857,38.8127853881278,17,2,54.3755697356427,0.42177497295348,79.56,2,30140.7322286987,2,0.413267080126156,9854,Highly_Fatal_And_Damaging
1931,73.4246575342466,6,8,75.8432087511395,0.292672917417959,76.02,4,33959.191621618,4,0.0619950696061957,3020,Minor_Damage_And_Injuries
2103,49.6803652968036,7,0,81.5861440291705,0.434036062026686,77.85,4,30497.8886605549,4,0.056073195938879,57,Highly_Fatal_And_Damaging
7133,65.296803652968,13,1,63.2634457611668,0.32116191849982,78.5,7,33393.2531864311,1,0.003118626434593,5023,Significant_Damage_And_Fatalities
9344,91.1872146118722,3,4,81.3582497721058,0.237137396321673,78.31,7,19199.2502273137,4,0.0020364034183657,4659,Significant_Damage_And_Fatalities
9482,21.2785388127854,15,8,72.0145852324522,0.350011539848539,79.58,4,21620.8716439398,4,0.0398260252450034,9675,Highly_Fatal_And_Damaging
3742,36.7579908675799,17,3,63.9015496809481,0.401580238009376,81.09,2,49106.3559589155,2,0.653900333012144,5086,Minor_Damage_And_Injuries
6054,48.2648401826484,11,1,53.9197812215132,0.432232960692391,86.42,2,40909.5763164431,3,0.55559389881049,10082,Minor_Damage_And_Injuries
9152,38.3561643835616,13,2,77.028258887876,0.294476018752254,77.34,3,37178.3769732465,3,0.185178267435191,9101,Significant_Damage_And_Serious_Injuries
8629,33.1050228310502,18,2,64.3117593436645,0.306376487558601,77.94,1,34827.8194688261,2,1.27080805590788,10355,Minor_Damage_And_Injuries
9535,68.2191780821918,8,2,37.2835004557886,0.695485755499459,84.9,3,13504.5464512098,2,0.0693979507759365,3617,Significant_Damage_And_Serious_Injuries
856,21.7351598173516,21,4,73.0173199635369,0.246874143526866,80.62,4,24487.7919532445,2,0.044555720248319,9661,Minor_Damage_And_Injuries
7495,40.1826484018265,13,2,77.073837739289,0.344602235845654,78.67,3,35393.9896903187,1,0.175837529631438,8019,Significant_Damage_And_Serious_Injuries
3917,63.1963470319635,13,1,72.971741112124,0.364796970789758,79.77,4,19708.0688070303,0,0.0363976969306029,1490,Significant_Damage_And_Fatalities
3772,50.5936073059361,13,5,69.5533272561531,0.351454020915975,78.22,2,45878.8795912215,1,0.62216520436786,8110,Minor_Damage_And_Injuries
1455,70.0,7,20,42.0237010027347,0.575759826902272,86.52,2,33768.9628637163,1,0.456494522760392,6980,Highly_Fatal_And_Damaging
5880,54.4292237442922,9,23,63.9015496809481,0.448100252434187,79.65,4,20375.8154327724,2,0.0379859608192468,10584,Highly_Fatal_And_Damaging
3008,46.1643835616438,11,3,72.3336371923428,0.351454020915975,76.87,6,32471.8667825378,3,0.0079604421158262,393,Significant_Damage_And_Serious_Injuries
6220,39.7260273972603,17,4,69.4165907019143,0.246874143526866,81.95,2,32990.9149372376,1,0.447798128438708,8522,Minor_Damage_And_Injuries
2727,32.8767123287671,15,8,82.4977210574294,0.17330760908763,76.9,7,43717.2844019346,2,0.0040161026901027,3123,Significant_Damage_And_Serious_Injuries
6182,51.1872146118721,10,6,73.746581586144,0.347847818247385,78.64,3,29213.2781256254,0,0.145829384318565,2466,Significant_Damage_And_Serious_Injuries
3446,39.2237442922374,17,7,74.9316317228806,0.361551388388027,76.96,7,22231.9110606015,3,0.001800262272556,5938,Minor_Damage_And_Injuries
5019,0.913242009132421,21,14,66.9097538742024,0.398334655607645,83.01,6,25720.9164075718,2,0.0059724738335929,10913,Highly_Fatal_And_Damaging
7283,62.1461187214612,6,1,63.126709206928,0.48993220338983,80.79,2,37581.5714856955,2,0.506946640432922,1929,Highly_Fatal_And_Damaging
3084,30.5022831050228,12,0,64.1750227894257,0.513011900468806,77.56,4,35012.5425984798,0,0.063739607576504,7735,Highly_Fatal_And_Damaging
9834,53.1963470319635,12,0,46.2625341841386,0.510848178867652,79.99,5,45075.2781182304,3,0.0299604645458222,8439,Highly_Fatal_And_Damaging
3578,43.3333333333333,15,15,60.5287146763902,0.516978723404255,81.71,5,38518.2859294847,4,0.0259554503953166,3339,Minor_Damage_And_Injuries
6494,29.1780821917808,13,4,82.2242479489517,0.199993508835196,82.43,6,38579.0666059346,1,0.0094104061735453,650,Highly_Fatal_And_Damaging
2270,32.4657534246575,15,0,64.7219690063811,0.345323476379372,89.43,6,23921.6874918585,3,0.0062765408515574,663,Significant_Damage_And_Serious_Injuries
81,19.7716894977169,15,7,57.6572470373747,0.428626758023801,78.13,1,18584.9906569439,2,0.680514977631127,11035,Highly_Fatal_And_Damaging
2041,52.1004566210046,9,8,67.18322698268,0.464328164442842,79.0,1,17945.3617192645,1,0.655500113007298,2687,Highly_Fatal_And_Damaging
5594,26.2557077625571,14,9,47.9489516864175,0.493899026325279,77.38,4,44914.3691492549,4,0.082558251682277,11699,Significant_Damage_And_Fatalities
8121,31.1872146118721,19,38,70.6016408386509,0.339914172376487,79.22,5,48367.5893217614,1,0.0330801193794526,174,Minor_Damage_And_Injuries
6096,29.0867579908676,16,2,81.175934366454,0.289427335016228,81.7,6,29272.4724491861,1,0.0073507078916916,5699,Significant_Damage_And_Serious_Injuries
2613,36.7123287671233,14,0,57.5205104831358,0.488850342589253,76.12,3,27657.1910935633,5,0.137332930641688,2825,Significant_Damage_And_Serious_Injuries
2076,64.337899543379,9,0,65.4968094804011,0.578644789037144,78.78,4,25490.6441643368,2,0.0468858459906645,1374,Minor_Damage_And_Injuries
3024,54.7945205479452,5,15,71.6499544211486,0.3785005409304,79.03,7,14552.7349096771,1,0.0014552398810924,8334,Highly_Fatal_And_Damaging
6792,54.1095890410959,16,13,53.6918869644485,0.474786152181753,83.6,6,10299.8217544906,4,0.0027925418240612,4825,Significant_Damage_And_Fatalities
2906,48.8127853881278,10,11,77.5296262534184,0.185568698160836,84.48,3,36736.2901448529,4,0.183423033462332,3981,Significant_Damage_And_Serious_Injuries
6995,47.8995433789954,7,18,69.3710118505014,0.440887847097007,77.27,3,58297.4802661454,2,0.264749960840887,5378,Highly_Fatal_And_Damaging
9603,27.8538812785388,13,2,44.7584320875114,0.577923548503426,78.51,2,26637.5953196341,2,0.358545587133914,8925,Significant_Damage_And_Fatalities
1005,39.041095890411,10,2,57.4749316317229,0.385352326000721,80.48,3,34132.2412197546,2,0.170549109508286,10706,Highly_Fatal_And_Damaging
3214,57.5342465753425,8,0,80.6289881494986,0.232449332852506,78.72,1,29451.4297513069,2,1.07868990698059,4304,Significant_Damage_And_Serious_Injuries
2261,29.3607305936073,20,10,69.0519598906108,0.241464839523981,77.13,1,36086.8999557426,2,1.32973480117051,987,Minor_Damage_And_Injuries
7122,17.3059360730594,16,1,37.5113947128533,0.680339704291381,79.6,1,34595.3633432901,1,1.27415056078853,11236,Significant_Damage_And_Fatalities
9274,41.324200913242,16,4,62.9443938012762,0.358305805986296,81.26,2,24744.1584157867,1,0.337996374568915,761,Minor_Damage_And_Injuries
598,44.4292237442922,12,14,55.6061987237922,0.440887847097007,76.53,6,32879.763637696,1,0.0080168579698902,4549,Minor_Damage_And_Injuries
1772,38.4474885844749,10,1,67.8213309024613,0.399055896141363,78.59,7,36315.7270103316,2,0.0030797732865949,226,Highly_Fatal_And_Damaging
2024,29.2694063926941,16,0,47.0829535095716,0.491014064190407,83.27,2,33717.6108535464,2,0.454618023939776,4342,Minor_Damage_And_Injuries
7504,72.3287671232876,10,12,71.4676390154968,0.323686260367832,77.09,7,15748.1341436739,3,0.0014544341667077,5095,Significant_Damage_And_Fatalities
3671,19.1780821917808,16,20,67.0920692798541,0.351093400649116,81.26,2,45020.5543496115,2,0.613499622606416,5832,Highly_Fatal_And_Damaging
5204,59.634703196347,14,8,54.6490428441203,0.458558240173098,76.52,7,31280.7641019388,2,0.0025616259996532,799,Significant_Damage_And_Serious_Injuries
4332,41.3698630136986,9,20,39.8814949863264,0.735153984853949,79.88,4,22065.8831667243,3,0.0408770658166928,12123,Significant_Damage_And_Fatalities
4944,40.0913242009132,9,14,68.049225159526,0.158882798413271,78.4,1,29763.1841640457,1,1.0963361566327,6597,Highly_Fatal_And_Damaging
5998,55.4337899543379,15,2,74.7948951686418,0.344241615578795,78.62,5,23744.0693140378,1,0.0156495657213551,5292,Significant_Damage_And_Fatalities
9265,46.8949771689498,18,2,68.6873290793072,0.404465200144248,78.09,7,34582.7331627845,1,0.0031035046470905,8410,Significant_Damage_And_Fatalities
3005,34.8858447488584,11,13,54.922515952598,0.414923187883159,78.13,1,29989.0265842119,5,1.10131814762192,2694,Significant_Damage_And_Fatalities
7938,43.6986301369863,12,14,55.7885141294439,0.440887847097007,81.44,2,38406.931881458,0,0.51978130044264,7572,Minor_Damage_And_Injuries
6884,48.9041095890411,13,0,54.8313582497721,0.385352326000721,85.6,2,37251.6714030235,1,0.504117435127591,9788,Highly_Fatal_And_Damaging
7961,46.8493150684931,14,4,79.489516864175,0.292672917417959,81.18,2,27206.7774652661,3,0.370578626594456,12145,Minor_Damage_And_Injuries
5384,41.7351598173516,13,9,58.8422971741112,0.492456545257843,75.58,1,45416.5825159865,0,1.65646494997323,3465,Significant_Damage_And_Serious_Injuries
7360,22.0091324200913,15,10,68.7784867821331,0.411677605481428,78.83,4,25321.373030517,3,0.0453896622023122,1401,Highly_Fatal_And_Damaging
9068,93.4246575342466,6,26,41.5679124886053,0.725777857915614,84.85,7,40193.9641196735,2,0.0035814155857944,9712,Significant_Damage_And_Serious_Injuries
4090,33.7899543378995,15,2,67.2743846855059,0.387516047601875,78.59,3,13375.3548625214,2,0.0639965250235573,5815,Significant_Damage_And_Serious_Injuries
7479,56.4840182648402,15,7,76.253418413856,0.377058059862964,78.89,7,47578.1608846135,2,0.0047467377616571,631,Significant_Damage_And_Fatalities
746,41.1415525114155,13,2,95.077484047402,0.314310133429499,77.73,4,21554.55213466,2,0.0391679024826592,3778,Significant_Damage_And_Serious_Injuries
7581,5.20547945205479,20,6,74.1567912488605,0.235694915254237,84.78,4,26198.2158404159,2,0.0480482439830435,3457,Highly_Fatal_And_Damaging
2113,23.9269406392694,14,6,87.3746581586144,0.199632888568337,80.09,1,25712.689152338,3,0.938862345359132,133,Highly_Fatal_And_Damaging
639,43.9269406392694,15,3,76.8915223336372,0.426823656689506,87.11,2,23513.7633170546,3,0.317264638371491,8298,Minor_Damage_And_Injuries
6081,89.0867579908676,6,0,66.4995442114859,0.311785791561485,79.06,5,35730.8971408857,2,0.0247122141214261,2133,Significant_Damage_And_Fatalities
8868,44.2009132420091,19,19,58.6599817684595,0.583332852506311,79.37,7,25466.7530710337,4,0.0020993428916687,4607,Significant_Damage_And_Fatalities
4461,42.1004566210046,19,2,53.9653600729262,0.476589253516048,77.78,7,40075.9286978829,3,0.0033955880734341,3347,Significant_Damage_And_Serious_Injuries
9530,30.3196347031963,12,14,63.7192342752963,0.290509195816805,87.74,5,14053.4045980027,3,0.0102392831013005,9382,Highly_Fatal_And_Damaging
839,42.283105022831,12,4,65.1321786690975,0.333423007573026,78.36,6,50885.1307322559,2,0.0130417779497398,2833,Significant_Damage_And_Serious_Injuries
4467,83.6986301369863,3,2,55.0592525068368,0.261659574468085,78.97,7,40987.1094313103,1,0.0034030079435512,11233,Highly_Fatal_And_Damaging
523,25.9817351598173,14,7,83.5460346399271,0.198911648034619,78.58,3,22102.0385431341,3,0.109750715886031,6752,Highly_Fatal_And_Damaging
7674,50.7305936073059,6,1,75.8432087511395,0.370927515326361,79.91,4,31003.9110435795,2,0.0563295397232032,10585,Highly_Fatal_And_Damaging
7536,45.1598173515982,8,14,88.4685505925251,0.199632888568337,78.24,2,23008.2644650964,2,0.311425647542448,5534,Highly_Fatal_And_Damaging
8831,82.2831050228311,8,13,45.897903372835,0.63021348719798,78.5,4,32142.7803965423,2,0.0585884246430177,2592,Significant_Damage_And_Serious_Injuries
5067,43.0593607305936,9,22,80.0820419325433,0.394728452939055,76.33,6,34687.307415452,1,0.0086339945772623,10548,Highly_Fatal_And_Damaging
8633,30.3196347031963,12,6,73.7010027347311,0.370927515326361,81.03,2,25768.1452141952,2,0.349996580988271,10755,Highly_Fatal_And_Damaging
5217,35.0228310502283,11,5,43.0720145852325,0.558089433826181,80.82,1,19507.2239268193,2,0.721848475861016,222,Significant_Damage_And_Fatalities
1430,45.0228310502283,15,8,74.0200546946217,0.238579877389109,77.95,2,32538.6591268151,1,0.441091386952033,1095,Minor_Damage_And_Injuries
195,34.4748858447488,11,8,65.9981768459435,0.282575549945907,76.79,2,30122.3193576333,3,0.412493537274305,6088,Highly_Fatal_And_Damaging
1212,22.7397260273973,15,1,55.7885141294439,0.309261449693473,81.58,4,40212.040303841,2,0.0744031240416435,1847,Significant_Damage_And_Fatalities
7259,45.5707762557078,18,7,64.2206016408387,0.40374395961053,78.89,7,33520.7500198555,3,0.0032646245817578,4934,Significant_Damage_And_Fatalities
9833,47.4885844748858,14,1,69.1886964448496,0.262020194734944,78.54,5,48088.2017203851,1,0.0324373855024073,515,Minor_Damage_And_Injuries
8517,45.6164383561644,15,1,76.7547857793984,0.304573386224305,83.34,7,34338.5188608788,3,0.0031216494865634,1315,Minor_Damage_And_Injuries
3532,55.3424657534247,8,10,66.2716499544212,0.346405337179949,80.23,6,37378.440261456,0,0.0092353588658826,235,Significant_Damage_And_Serious_Injuries
6827,55.7534246575342,5,1,59.024612579763,0.323686260367832,78.46,1,20295.7021182553,1,0.744647606073311,5917,Highly_Fatal_And_Damaging
4810,41.1415525114155,9,11,62.3518687329079,0.314670753696357,80.71,7,19518.5621631503,1,0.0016662571566624,3220,Highly_Fatal_And_Damaging
4846,53.8356164383562,12,1,54.4667274384686,0.604970068517851,78.67,3,39083.4123264333,2,0.194627896518072,8732,Significant_Damage_And_Serious_Injuries
6636,19.5433789954338,20,10,53.5551504102097,0.408792643346556,78.34,5,34956.4722310962,1,0.0236869511129471,6524,Minor_Damage_And_Injuries
2449,61.8721461187214,13,20,73.1996353691887,0.29591849981969,82.26,7,16229.7283441618,3,0.0011026362175773,9094,Significant_Damage_And_Fatalities
1592,34.9315068493151,14,5,62.0783956244303,0.33883231157591,78.31,3,33651.5805229688,1,0.168314610673458,11104,Significant_Damage_And_Serious_Injuries
7306,54.7488584474886,16,1,76.0711030082042,0.378139920663541,81.26,7,27520.75175597,3,0.0022863842582882,10747,Significant_Damage_And_Fatalities
2712,39.4977168949772,13,6,78.0309936189608,0.245792282726289,77.83,5,41991.870913776,2,0.028569420903981,8096,Significant_Damage_And_Serious_Injuries
3845,49.2694063926941,7,0,79.8997265268915,0.245792282726289,78.86,4,42329.0179287936,3,0.0776846904276515,11987,Highly_Fatal_And_Damaging
8137,15.7534246575342,20,28,68.869644484959,0.267429498737829,77.58,3,20059.3847114503,2,0.0984961040817364,8549,Significant_Damage_And_Serious_Injuries
9304,38.4018264840183,13,10,61.6681859617138,0.490292823656689,79.33,3,41695.975178656,1,0.207345836500229,9624,Significant_Damage_And_Serious_Injuries
2161,48.6301369863014,17,3,71.8778486782133,0.395810313739632,77.41,4,34315.1924134604,4,0.0627929235604574,9251,Significant_Damage_And_Fatalities
8011,27.1232876712329,13,0,76.5268915223336,0.281854309412189,77.87,1,31758.9281763219,3,1.17326989952711,4980,Highly_Fatal_And_Damaging
5465,40.7762557077626,16,9,47.0829535095716,0.495702127659574,78.33,1,42902.3849751326,1,1.56124667254123,7102,Highly_Fatal_And_Damaging
2844,50.1369863013699,13,6,73.4731084776664,0.28870609448251,82.52,1,32433.0364877786,1,1.18304526786249,2635,Minor_Damage_And_Injuries
5219,60.5479452054795,10,2,50.5469462169553,0.329095564370718,78.4,7,39029.8335148224,4,0.0037340888678924,1066,Significant_Damage_And_Serious_Injuries
5702,29.4977168949772,16,4,69.5533272561531,0.255529029931482,81.49,5,32502.6493865327,1,0.0214331948421762,4626,Significant_Damage_And_Serious_Injuries
9172,59.9086757990868,11,13,79.5806745670009,0.224876307248467,77.99,2,29881.473065472,2,0.404487468588732,7992,Minor_Damage_And_Injuries
15,49.5890410958904,7,1,85.5515041020967,0.270314460872701,78.86,3,25083.6579094431,2,0.123761057564859,10493,Highly_Fatal_And_Damaging
986,72.5570776255708,10,1,61.2123974475843,0.297000360620267,88.62,7,39929.3697908358,3,0.0037160205631359,12307,Significant_Damage_And_Fatalities
7868,42.5114155251142,12,6,67.0464904284412,0.413120086548864,78.63,2,21213.1243663008,2,0.28708841944468,2496,Significant_Damage_And_Serious_Injuries
5144,40.6392694063927,9,1,49.8632634457612,0.361551388388027,76.3,4,37915.6428001746,1,0.0697843616372638,840,Significant_Damage_And_Fatalities
4549,16.1187214611872,17,12,71.3764813126709,0.258053371799495,79.85,4,36662.2802611695,2,0.0670921890387285,6510,Highly_Fatal_And_Damaging
8720,27.3972602739726,17,2,73.4731084776664,0.311064551027768,78.87,3,49086.3279837267,3,0.241790540689486,3000,Significant_Damage_And_Serious_Injuries
3536,54.5205479452055,9,4,53.6463081130356,0.234252434186801,83.6,6,31187.3406270671,0,0.0079727137937773,1778,Minor_Damage_And_Injuries
7380,38.4474885844749,17,8,66.4995442114859,0.346405337179949,80.04,2,54788.2470429217,1,0.746908740126634,3931,Minor_Damage_And_Injuries
6411,44.4748858447489,8,3,47.3108477666363,0.444133429498738,83.01,2,40580.5502390022,1,0.550393965793601,1167,Significant_Damage_And_Fatalities
7320,40.8675799086758,9,3,88.2406563354604,0.250840966462315,78.31,1,35147.7853670774,1,1.28587911562902,822,Highly_Fatal_And_Damaging
8436,53.4703196347032,16,0,76.4813126709207,0.260217093400649,82.97,4,40666.4707114104,4,0.0736768154938745,6464,Significant_Damage_And_Fatalities
3585,61.4611872146119,10,1,87.693710118505,0.17366822935449,80.55,2,36962.1315429362,2,0.499785374764303,2759,Minor_Damage_And_Injuries