,Safety_Score,Days_Since_Inspection,Total_Safety_Complaints,Control_Metric,Turbulence_In_gforces,Cabin_Temperature,Accident_Type_Code,Max_Elevation,Violations,Adverse_Weather_Metric,Accident_ID,Severity
5897,42.5570776255708,16,2,52.2789425706472,0.254447169130905,79.47,2,21369.8130817081,1,0.285906649419005,6356,Minor_Damage_And_Injuries
4161,31.1415525114155,12,5,85.5970829535096,0.296639740353408,83.01,1,27037.416414391,4,1.00658436939197,43,Highly_Fatal_And_Damaging
3713,42.4657534246575,16,5,61.6681859617138,0.512290659935088,80.29,5,39759.0225919132,3,0.026949466655398,9003,Minor_Damage_And_Injuries
1189,13.7899543378995,17,3,66.0893345487694,0.269953840605842,76.45,4,40238.3320935957,1,0.0735172155150491,772,Highly_Fatal_And_Damaging
1268,60.5479452054795,14,30,72.3792160437557,0.38571294626758,85.4,7,34197.4538787785,0,0.0029985669827301,8965,Significant_Damage_And_Fatalities
1391,65.4337899543379,12,9,56.9735642661805,0.634180310133429,78.71,4,36159.9008773321,4,0.0664064222070882,12242,Significant_Damage_And_Serious_Injuries
4405,39.4520547945205,17,2,69.2342752962625,0.343880995311936,80.2,2,18466.4302483408,4,0.238677717027038,10205,Minor_Damage_And_Injuries
6797,8.53881278538813,19,3,54.147675478578,0.598118283447529,77.82,4,24755.2183740173,1,0.045618295027618,7163,Significant_Damage_And_Fatalities
3696,36.027397260274,18,10,56.8368277119417,0.264183916336098,78.6,2,26930.3762347395,4,0.365529248280753,12372,Minor_Damage_And_Injuries
5584,25.1141552511416,14,5,75.2506836827712,0.361190768121168,78.32,4,31864.7898725408,3,0.0591195118912739,1266,Highly_Fatal_And_Damaging
6235,36.62100456621,14,0,36.7821330902462,0.454952037504507,77.74,7,33637.1800839273,3,0.0031164589957626,3738,Minor_Damage_And_Injuries
5990,37.5799086757991,10,4,56.4266180492252,0.324407500901551,82.31,3,24779.9234269846,2,0.122043292647609,1151,Significant_Damage_And_Fatalities
9962,48.7671232876712,14,13,64.3573381950775,0.25264406779661,88.11,4,23749.0360451638,1,0.0438556546147655,8215,Minor_Damage_And_Injuries
8052,43.7899543378995,15,3,69.4165907019143,0.306376487558601,79.28,2,42416.2704287528,3,0.573748943852159,4613,Minor_Damage_And_Injuries
9769,8.0365296803653,19,15,67.0464904284412,0.352175261449693,80.15,7,36290.2303566085,3,0.0033277485797254,9064,Highly_Fatal_And_Damaging
7665,21.8264840182648,15,0,66.5451230628988,0.523469888207717,78.19,7,35769.5193950316,2,0.0030724871333401,854,Highly_Fatal_And_Damaging
2984,28.0821917808219,13,2,68.6417502278943,0.246874143526866,76.13,7,40589.5179998994,1,0.0034627708419713,8886,Highly_Fatal_And_Damaging
2208,75.9817351598173,6,12,65.9070191431176,0.335586729174179,81.26,4,34804.4674968751,2,0.0639321880002275,1648,Minor_Damage_And_Injuries
8870,76.62100456621,6,11,65.1321786690975,0.339553552109629,77.86,2,42303.4059989138,0,0.570660424199921,11374,Minor_Damage_And_Injuries
2795,47.8995433789954,11,6,61.3947128532361,0.405186440677966,81.27,6,28542.004184011,2,0.0073470733651801,10728,Significant_Damage_And_Serious_Injuries
2012,51.0502283105023,10,1,50.2278942570647,0.663029931482149,82.86,3,40528.3297651214,1,0.199990448988869,12384,Minor_Damage_And_Injuries
3242,64.5662100456621,9,11,73.6554238833182,0.391122250270465,79.26,2,38977.2841404624,1,0.527487410542601,11970,Minor_Damage_And_Injuries
9536,50.2283105022831,13,0,63.6736554238833,0.334865488640461,78.37,2,38266.3884130149,1,0.519476795282433,9578,Minor_Damage_And_Injuries
9556,33.8356164383562,11,0,72.4703737465816,0.329816804904435,76.86,1,27087.6233599448,2,0.991433466950959,9214,Highly_Fatal_And_Damaging
6215,2.64840182648402,21,4,64.1294439380128,0.245792282726289,85.22,7,28326.8604547061,0,0.0027043662254692,717,Highly_Fatal_And_Damaging
4150,53.7442922374429,16,4,53.6918869644485,0.551598269022719,83.94,4,30195.7392180597,1,0.0556587239915045,8488,Significant_Damage_And_Fatalities
6078,37.7625570776256,17,21,41.4311759343665,0.537894698882077,78.76,3,10571.2705834972,3,0.0560173007963913,2781,Highly_Fatal_And_Damaging
6517,46.027397260274,15,24,70.8295350957156,0.424299314821493,76.92,7,39722.0683812798,2,0.0034627708419713,11717,Minor_Damage_And_Injuries
4534,31.1415525114155,16,0,70.510483135825,0.251922827262892,84.4,3,18418.6699875871,2,0.0900636948470218,6469,Significant_Damage_And_Serious_Injuries
3762,34.6118721461187,14,6,62.0783956244303,0.352175261449693,78.09,7,34128.1254562718,2,0.0030673137890642,635,Significant_Damage_And_Serious_Injuries
1468,57.3059360730593,8,5,77.4384685505925,0.414201947349441,80.79,3,37288.2119708137,2,0.186318355278325,10992,Significant_Damage_And_Serious_Injuries
787,29.1780821917808,13,1,65.0410209662717,0.345323476379372,82.41,4,33053.916313277,4,0.05994597155975,4228,Highly_Fatal_And_Damaging
9784,46.6666666666667,18,2,70.8295350957156,0.2562502704652,80.62,1,31944.0012668172,4,1.17221429563847,4219,Significant_Damage_And_Fatalities
7514,79.1780821917808,7,5,44.4393801276208,0.589824017309773,79.64,7,38888.7530091818,2,0.0034627708419713,3494,Significant_Damage_And_Serious_Injuries
6295,41.4155251141553,9,3,72.0145852324522,0.407710782545979,75.4,3,25279.7240398423,2,0.126257239142653,5737,Highly_Fatal_And_Damaging
7013,58.4931506849315,4,5,74.4302643573382,0.330898665705012,76.11,5,32357.7193147393,3,0.0223891616717182,4768,Significant_Damage_And_Serious_Injuries
1326,42.1004566210046,12,22,61.9416590701914,0.527436711143166,78.52,6,52249.6101461372,3,0.0126013358091873,7131,Significant_Damage_And_Serious_Injuries
4962,34.7945205479452,11,10,57.4293527803099,0.440887847097007,82.03,3,23999.4411044211,2,0.120797848119952,9385,Highly_Fatal_And_Damaging
9310,20.1369863013699,15,13,71.9690063810392,0.273560043274432,81.99,4,30056.215219895,2,0.0546421866657251,5398,Highly_Fatal_And_Damaging
8256,52.2374429223744,13,1,55.5606198723792,0.604970068517851,77.3,2,33905.3514045601,3,0.458227397462646,9883,Highly_Fatal_And_Damaging
5920,50.2283105022831,10,14,44.8951686417502,0.485604760187523,86.59,4,30421.5882891684,1,0.055390533687851,10401,Minor_Damage_And_Injuries
5766,48.6301369863014,17,1,74.8860528714676,0.325489361702128,77.41,2,31396.9500820815,4,0.426352881331156,5990,Significant_Damage_And_Fatalities
4028,77.7625570776256,8,0,51.4585232452142,0.640310854670032,79.03,7,24122.8234182072,3,0.0022174745741774,186,Significant_Damage_And_Serious_Injuries
1152,30.5936073059361,19,4,47.0373746581586,0.603888207717274,80.16,4,34001.7261707233,3,0.0623374264236487,9297,Minor_Damage_And_Injuries
8307,33.8812785388128,11,3,64.3573381950775,0.324046880634692,76.56,1,45972.1359787677,2,1.70002688793202,7217,Highly_Fatal_And_Damaging
5871,50.7305936073059,7,6,65.6335460346399,0.358305805986296,81.14,4,50574.3894045332,3,0.0966690299438388,11526,Highly_Fatal_And_Damaging
534,76.62100456621,6,21,69.4165907019143,0.375976199062387,77.5,2,45645.5150050452,1,0.619185763380743,12062,Minor_Damage_And_Injuries
5585,30.1826484018265,13,3,69.7356426618049,0.314310133429499,75.31,4,16841.768807767,2,0.031134858517972,4720,Highly_Fatal_And_Damaging
8947,78.2191780821918,9,16,69.4165907019143,0.322604399567255,81.31,7,46564.1105882428,2,0.0039502164698008,10538,Significant_Damage_And_Fatalities
7597,25.9817351598173,20,0,56.7456700091158,0.555204471691309,77.95,4,40729.8147773945,3,0.0743575787909855,209,Minor_Damage_And_Injuries
6845,40.5936073059361,13,1,75.4785779398359,0.333062387306166,75.95,3,18869.5876217835,4,0.0959492507511792,2979,Significant_Damage_And_Serious_Injuries
1941,73.5159817351598,10,6,78.669097538742,0.239661738189686,79.88,7,29157.1074392488,1,0.0028429851654431,11112,Significant_Damage_And_Fatalities
8639,33.7899543378995,15,2,79.8541476754786,0.350372160115398,81.63,6,28520.1977697407,1,0.0072860163818825,10327,Significant_Damage_And_Serious_Injuries
4909,42.8767123287671,12,10,68.9608021877849,0.413120086548864,77.82,3,13364.5100535046,2,0.0653943422597568,1842,Significant_Damage_And_Serious_Injuries
6751,30.1826484018265,12,10,66.1349134001823,0.344241615578795,77.62,6,27780.2101903398,2,0.0067000798171221,3199,Highly_Fatal_And_Damaging
3712,4.29223744292237,20,10,64.9954421148587,0.457115759105661,78.73,4,42476.368666169,2,0.0776846904276515,4569,Highly_Fatal_And_Damaging
6099,55.0228310502283,12,1,50.9571558796719,0.439445366029571,86.34,2,35580.6487001058,3,0.483125215393737,1337,Minor_Damage_And_Injuries
3477,20.4109589041096,19,3,38.9243391066545,0.556646952758745,88.01,7,33289.1776385925,2,0.0033427628274021,4838,Minor_Damage_And_Injuries
459,30.9132420091324,16,7,53.5551504102097,0.234252434186801,76.95,6,21369.8130817081,3,0.0054419694409998,10394,Minor_Damage_And_Injuries
6156,56.9406392694064,11,17,69.9179580674567,0.307097728092319,76.56,5,16673.2615031679,1,0.0116003338192722,5587,Minor_Damage_And_Injuries
3270,20.2739726027397,15,2,65.9981768459435,0.553401370357014,80.44,4,22183.2572144078,2,0.0408942878895581,7111,Highly_Fatal_And_Damaging
1862,58.8584474885845,14,7,64.4029170464904,0.445936530833032,77.78,6,47681.6955882409,1,0.0112415293720467,12039,Significant_Damage_And_Fatalities
1614,18.5388127853881,16,7,62.6253418413856,0.314670753696357,77.53,6,24144.0115271371,3,0.0061810368598627,7332,Highly_Fatal_And_Damaging
1649,36.4383561643836,10,7,74.2935278030994,0.283657410746484,81.76,4,22918.5602543458,0,0.0427579131486447,1368,Highly_Fatal_And_Damaging
8862,37.9908675799087,13,7,77.073837739289,0.465049404976559,80.43,6,33528.5133497288,3,0.008672093385291,7658,Significant_Damage_And_Serious_Injuries
469,16.4383561643836,17,0,45.8067456700091,0.631295347998557,78.47,1,19507.2239268193,2,0.721848475861016,4151,Significant_Damage_And_Fatalities
3476,36.2100456621005,17,2,66.1804922515953,0.50796321673278,81.42,2,48525.8603425376,2,0.653318296764309,1859,Minor_Damage_And_Injuries
2264,45.9817351598173,15,0,67.8669097538742,0.373451857194374,76.95,2,46974.390404833,2,0.637457086688145,1736,Minor_Damage_And_Injuries
7944,28.2191780821918,17,11,59.8906107566089,0.409513883880274,78.34,4,24750.8715934395,3,0.045349159176968,5361,Minor_Damage_And_Injuries
1065,47.7168949771689,14,1,65.2689152233364,0.364796970789758,78.42,2,51528.2397958681,4,0.695172258679209,9686,Minor_Damage_And_Injuries
2137,25.296803652968,14,0,48.5870556061987,0.590545257843491,82.72,4,37386.7912712908,3,0.0686361610266386,11845,Significant_Damage_And_Fatalities
1880,45.7077625570776,11,0,62.7620783956244,0.302770284890011,79.15,4,21402.7601137385,2,0.0398260252450034,7511,Significant_Damage_And_Serious_Injuries
3586,67.1232876712329,12,3,60.2552415679125,0.306376487558601,78.97,7,28153.6835624095,2,0.002918771798516,6495,Significant_Damage_And_Fatalities
8314,33.6986301369863,15,16,61.5314494074749,0.467213126577713,80.51,2,26021.8604452718,3,0.352152738713723,7449,Significant_Damage_And_Serious_Injuries
2126,28.9041095890411,13,0,61.8505013673656,0.312146411828345,77.53,4,30580.7516297544,2,0.0556051582561625,1853,Highly_Fatal_And_Damaging
6696,23.4246575342466,15,23,74.7493163172288,0.532124774612333,77.94,1,42573.9353524322,2,1.56177524617291,5404,Highly_Fatal_And_Damaging
3295,36.986301369863,10,7,65.0865998176846,0.441969707897583,81.45,4,41695.975178656,3,0.0758299007487241,9741,Highly_Fatal_And_Damaging
6936,42.9680365296804,9,24,80.0820419325433,0.40374395961053,76.21,7,25796.9485308804,2,0.0024890562823637,1278,Highly_Fatal_And_Damaging
1681,27.8995433789954,13,5,66.9097538742024,0.355420843851424,79.61,4,35662.4808598967,2,0.0656325412261426,1865,Highly_Fatal_And_Damaging
9193,44.7488584474886,12,3,73.2907930720146,0.306015867291742,77.63,3,18110.9171033295,3,0.0920649095425722,8973,Significant_Damage_And_Serious_Injuries
8045,69.3607305936073,11,10,69.0063810391978,0.428266137756942,77.82,4,9560.90943938469,2,0.016530971355129,10817,Significant_Damage_And_Fatalities
5362,32.648401826484,15,1,35.6882406563355,0.705583122971511,79.66,6,26706.8543840839,2,0.0067880151618543,1901,Minor_Damage_And_Injuries
3551,52.4200913242009,6,4,60.6198723792161,0.548352686620988,77.55,6,22574.0033588352,3,0.0056665603554568,7592,Significant_Damage_And_Serious_Injuries
7472,30.8219178082192,12,1,74.2479489516864,0.484522899386945,75.89,1,22950.5810160187,2,0.849289067426471,4535,Highly_Fatal_And_Damaging
7078,52.1004566210046,6,7,76.207839562443,0.276805625676163,80.83,4,9125.60962563028,3,0.0202641811876667,8890,Highly_Fatal_And_Damaging
7193,33.8812785388128,11,6,66.8641750227894,0.450263974035341,78.49,5,31236.0295960564,3,0.0210028454861726,3684,Highly_Fatal_And_Damaging
1651,48.4474885844749,7,2,59.6171376481313,0.324768121168409,82.04,4,37435.1456158357,2,0.0688120785579381,11985,Highly_Fatal_And_Damaging
3587,45.296803652968,11,2,58.6144029170465,0.46829498737829,79.29,7,29646.1499330135,1,0.0028072276731208,10226,Significant_Damage_And_Serious_Injuries
4869,42.283105022831,16,7,77.4384685505925,0.237858636855391,76.9,2,40987.1911745433,3,0.556483733711453,5455,Minor_Damage_And_Injuries
3282,26.3013698630137,14,4,89.1066545123063,0.275002524341868,79.71,2,28568.1625189766,0,0.387182416712817,11305,Highly_Fatal_And_Damaging
2344,32.0547945205479,15,20,61.5770282588879,0.366960692390912,78.12,6,45004.0013982202,1,0.0116764435606435,10561,Significant_Damage_And_Serious_Injuries
9102,39.8173515981735,13,30,69.9635369188697,0.207205914172377,78.35,6,20520.7410460176,4,0.0053890747903369,3766,Significant_Damage_And_Serious_Injuries
5673,51.0502283105023,10,1,73.9744758432088,0.40374395961053,89.19,6,29078.8571072623,0,0.0074307343167388,8640,Significant_Damage_And_Serious_Injuries
2679,33.3333333333333,15,2,64.2661804922516,0.386434186801298,78.67,6,33651.5805229688,3,0.0089903548639397,2142,Significant_Damage_And_Serious_Injuries
7336,35.7534246575342,11,2,74.2935278030994,0.218024522178146,78.91,4,21036.1487262414,2,0.0383477654432181,8343,Highly_Fatal_And_Damaging
9857,17.7168949771689,16,3,57.7484047402006,0.355420843851424,81.84,3,45781.3927554685,3,0.226944244078988,5769,Highly_Fatal_And_Damaging
1983,36.027397260274,14,2,52.4156791248861,0.456033898305084,78.28,5,25032.8277022329,2,0.0165716965977314,11171,Minor_Damage_And_Injuries
8712,45.0684931506849,15,3,72.2424794895169,0.248677244861161,78.31,2,39338.0906903955,2,0.532765184097515,8312,Minor_Damage_And_Injuries
566,22.648401826484,15,8,72.8805834092981,0.351814641182834,79.52,6,37949.724386184,3,0.0095327727576886,3843,Highly_Fatal_And_Damaging
6465,77.3059360730594,8,4,48.2680036463081,0.598839523981248,81.81,7,28535.2624015247,4,0.0027893233991335,6417,Significant_Damage_And_Serious_Injuries
4674,75.5707762557078,10,13,61.485870556062,0.300245943021998,77.05,7,19742.2730195278,1,0.0017182399173195,7227,Significant_Damage_And_Fatalities
9094,33.7442922374429,11,5,60.3463992707384,0.343159754778218,75.21,4,22817.2949504869,3,0.0426371192652351,11898,Highly_Fatal_And_Damaging
4109,45.0684931506849,15,0,69.3254329990884,0.298803461954562,83.74,2,37349.2494569828,3,0.503944598786528,10620,Minor_Damage_And_Injuries
5933,59.7716894977169,11,11,79.5806745670009,0.284018031013343,77.69,2,17326.7709003087,2,0.230157423859501,7369,Minor_Damage_And_Injuries
5135,45.7534246575342,15,0,72.926162260711,0.386073566534439,78.91,6,24530.3568280106,1,0.0063805263176679,4237,Minor_Damage_And_Injuries
5364,54.7945205479452,6,9,76.5724703737466,0.374533717994951,79.65,4,18887.3161579666,1,0.0342021971190433,5988,Highly_Fatal_And_Damaging
5725,43.1050228310502,9,1,80.5834092980857,0.240022358456545,78.93,4,34547.4563891748,5,0.0630468196657716,6298,Highly_Fatal_And_Damaging
763,91.2328767123288,6,2,52.461257976299,0.2923122971511,77.98,7,32053.6698420435,0,0.0028348289195135,7784,Significant_Damage_And_Serious_Injuries
6733,58.9954337899543,14,25,61.5314494074749,0.427905517490083,81.71,7,45795.5029606522,0,0.0037786386196773,10919,Significant_Damage_And_Fatalities
4444,42.283105022831,16,7,88.8787602552416,0.346405337179949,80.65,6,34481.225822636,1,0.0090011796694973,8295,Minor_Damage_And_Injuries
6337,47.5342465753425,11,3,84.0474020054695,0.197108546700325,79.87,3,26757.6656772763,3,0.13411018996452,7365,Significant_Damage_And_Serious_Injuries
7898,24.2465753424658,18,4,83.6827711941659,0.317195095564371,78.92,6,24379.6711196041,2,0.0059310930744335,2298,Significant_Damage_And_Serious_Injuries
4669,41.1415525114155,12,2,73.2907930720146,0.340274792643346,77.03,6,27584.056491732,2,0.0065128452190992,4753,Significant_Damage_And_Serious_Injuries
3589,28.7671232876712,13,2,67.0920692798541,0.306015867291742,81.26,5,15436.0409904283,2,0.0108072656643546,6117,Highly_Fatal_And_Damaging
7109,27.8538812785388,13,2,79.9453053783045,0.403022719076812,77.86,1,33951.8558365343,1,1.25007868278081,1414,Highly_Fatal_And_Damaging
3942,46.027397260274,15,9,66.8641750227894,0.272117562206996,81.82,1,32555.6438294962,2,1.18973850932643,11022,Minor_Damage_And_Injuries
6097,19.4063926940639,15,3,53.3728350045579,0.472261810313739,79.46,4,27296.4950902876,2,0.0496227386047458,7082,Significant_Damage_And_Fatalities
9286,21.2328767123288,15,0,58.97903372835,0.219106382978723,78.4,1,20973.1227344913,3,0.770245196670641,3982,Highly_Fatal_And_Damaging
2112,63.3333333333333,10,13,64.8587055606199,0.339553552109629,80.42,2,22472.1674595243,3,0.302231914191802,1528,Minor_Damage_And_Injuries
3134,30.8219178082192,16,14,57.0191431175934,0.538976559682654,80.92,5,43914.0768249921,3,0.0291145437269025,5141,Minor_Damage_And_Injuries
9979,50.5936073059361,13,22,71.0574293527803,0.205042192571222,77.41,4,23734.7513059841,3,0.0435847572179465,3769,Minor_Damage_And_Injuries
9027,43.3333333333333,16,10,63.7648131267092,0.448460872701046,76.96,2,23197.3294465658,2,0.3139417150984,5982,Minor_Damage_And_Injuries
9631,28.8584474885845,16,7,49.8632634457612,0.337029210241615,77.09,1,28955.3468267006,2,1.06520768095319,2866,Minor_Damage_And_Injuries
3619,12.283105022831,18,1,53.0082041932544,0.638507753335737,77.82,7,40580.037740715,3,0.0035677683366841,8448,Significant_Damage_And_Fatalities
9632,58.675799086758,4,7,50.6836827711942,0.618313018391633,78.31,7,42628.3886404936,1,0.0039133288481627,11711,Significant_Damage_And_Fatalities
6750,32.1004566210046,15,20,74.567000911577,0.275723764875586,77.8,6,46794.8062833652,2,0.0112910935761171,1345,Significant_Damage_And_Serious_Injuries
235,30.9132420091324,12,1,73.3363719234275,0.456755138838803,84.99,4,23157.2982287448,2,0.0423891336784103,10758,Highly_Fatal_And_Damaging
110,33.7442922374429,11,2,64.4484958979034,0.514093761269383,77.34,4,3971.09422585752,1,0.0201031280653107,5615,Highly_Fatal_And_Damaging
6160,50.8219178082192,10,15,55.6973564266181,0.311785791561485,78.28,3,35207.3986716271,2,0.175837529631438,9327,Significant_Damage_And_Serious_Injuries
216,37.1232876712329,10,2,70.1914311759344,0.239661738189686,81.11,4,23275.6522223314,2,0.0421404182107254,11549,Highly_Fatal_And_Damaging
8571,28.9041095890411,13,4,50.6836827711942,0.534288496213487,77.35,1,41465.6476353107,4,1.50783149128232,10237,Significant_Damage_And_Fatalities
9943,41.1415525114155,12,5,90.154968094804,0.255168409664623,80.92,6,39017.5759192136,3,0.0098505661371429,11968,Significant_Damage_And_Serious_Injuries
6955,29.2237442922374,16,7,54.4667274384686,0.410235124413992,85.17,3,35285.2690352296,2,0.176294827944636,11827,Minor_Damage_And_Injuries
9415,28.2191780821918,13,10,86.9644484958979,0.289427335016228,80.65,4,36065.2085271643,2,0.0659090451540448,7196,Highly_Fatal_And_Damaging
5006,42.4200913242009,12,9,88.0127620783956,0.222351965380454,77.93,2,35183.5773073215,3,0.478306032390798,5934,Significant_Damage_And_Serious_Injuries
6149,33.2420091324201,15,2,67.3655423883318,0.50796321673278,80.98,3,30071.5775620962,2,0.149447389548586,11887,Significant_Damage_And_Serious_Injuries
7951,29.9543378995434,19,8,61.6226071103008,0.368763793725207,80.72,7,14240.5726310785,2,0.0014544341667077,10218,Significant_Damage_And_Fatalities
495,53.9269406392694,12,11,69.644484958979,0.474425531914894,85.08,2,41597.9304343148,2,0.558462255265561,3622,Minor_Damage_And_Injuries
778,30.1369863013699,12,20,85.9617137648131,0.326571222502704,75.84,1,34809.4451899238,3,1.27415056078853,10195,Highly_Fatal_And_Damaging
3117,27.3972602739726,13,6,51.0483135824977,0.581529751172016,81.44,1,41465.6476353107,3,1.50783149128232,7984,Significant_Damage_And_Fatalities
1197,37.8538812785388,14,8,67.3199635369189,0.415644428416877,75.35,4,22544.9814568305,1,0.0408942878895581,2717,Significant_Damage_And_Serious_Injuries
7633,54.5205479452055,8,0,60.6198723792161,0.503635773530472,77.55,3,33372.8197860987,0,0.164634007734505,7815,Significant_Damage_And_Serious_Injuries
265,63.4246575342466,6,4,80.4010938924339,0.523469888207717,75.61,3,36294.3896081754,3,0.181056414605482,8799,Significant_Damage_And_Serious_Injuries
5715,65.4337899543379,12,1,66.6362807657247,0.307458348359178,83.56,7,30955.5308494645,2,0.0025672836304489,6984,Significant_Damage_And_Fatalities
835,40.6392694063927,16,6,51.5041020966272,0.556286332491886,81.8,1,24314.5667574427,0,0.894482923105375,6728,Highly_Fatal_And_Damaging
790,4.79452054794521,20,9,64.9954421148587,0.390040389469888,80.12,3,42500.2232326123,1,0.210513625790142,7404,Highly_Fatal_And_Damaging
3346,4.93150684931507,20,0,70.2825888787603,0.203960331770645,78.37,6,36566.3964795644,2,0.0083170757330415,3783,Highly_Fatal_And_Damaging
5672,32.4200913242009,12,5,48.9061075660894,0.422496213487198,81.08,3,22169.2085958915,3,0.110134122113543,12028,Highly_Fatal_And_Damaging
2952,17.3972602739726,16,15,96.3081130355515,0.314310133429499,76.45,3,30415.652244998,1,0.151840046781855,6974,Highly_Fatal_And_Damaging
5989,57.3972602739726,8,16,75.8432087511395,0.287263613415074,78.43,6,36295.1033532213,2,0.0086924150305026,9855,Significant_Damage_And_Serious_Injuries
2183,45.7990867579909,11,4,81.9051959890611,0.317195095564371,81.75,3,46567.4965536468,1,0.23187073722273,11332,Significant_Damage_And_Serious_Injuries
3265,31.9634703196347,12,2,73.5186873290793,0.388958528669311,76.35,1,41633.6539554493,2,1.53113699428564,8827,Highly_Fatal_And_Damaging
7309,49.4977168949772,7,2,64.3117593436645,0.345323476379372,81.26,4,36408.268565211,3,0.0659562575913243,6631,Highly_Fatal_And_Damaging
499,24.7945205479452,14,7,41.5223336371923,0.757151821132347,78.88,3,44048.3653944557,1,0.220452926670867,11999,Significant_Damage_And_Fatalities
5189,46.0730593607306,8,0,58.7967183226983,0.417086909484313,78.09,3,39848.6893071312,2,0.199589398231174,1027,Highly_Fatal_And_Damaging
1820,14.4748858447489,17,5,38.1494986326345,0.556646952758745,77.5,1,31633.6906386513,4,1.16290206831625,954,Significant_Damage_And_Fatalities
6681,48.310502283105,10,38,64.4940747493163,0.467213126577713,79.65,3,42049.7757475593,3,0.209489040782661,11152,Significant_Damage_And_Serious_Injuries
7539,57.6712328767123,3,10,40.5651777575205,0.578644789037144,79.6,7,21720.5738257697,2,0.0020680280176254,11004,Significant_Damage_And_Fatalities
91,30.3196347031963,12,0,68.6417502278943,0.413480706815723,81.48,4,46371.5275238705,2,0.0852658479246149,10252,Highly_Fatal_And_Damaging
3088,50.2739726027397,10,4,48.7237921604376,0.384991705733862,78.06,3,32121.255934815,2,0.160120932295153,11888,Minor_Damage_And_Injuries
8128,27.4429223744292,13,1,44.8951686417502,0.409874504147133,79.22,2,35508.1831470116,3,0.482942371692265,5598,Significant_Damage_And_Fatalities
405,24.3835616438356,18,13,61.2123974475843,0.407710782545979,77.75,3,38017.7118627644,2,0.18927904197012,11242,Significant_Damage_And_Serious_Injuries
1780,41.7351598173516,16,0,89.1978122151322,0.317195095564371,80.5,2,13945.5728661169,2,0.2007875632122,6819,Minor_Damage_And_Injuries
2695,31.5981735159817,12,2,80.6745670009116,0.264183916336098,80.95,1,14957.1522640326,3,0.602998606866232,9343,Highly_Fatal_And_Damaging
5005,42.4200913242009,12,3,67.7301731996354,0.338111071042192,81.37,3,39176.7609148741,2,0.194834612062384,1260,Significant_Damage_And_Serious_Injuries
3944,32.3744292237443,15,1,76.0255241567913,0.286181752614497,78.8,3,38883.4914547263,3,0.192732679814333,5318,Significant_Damage_And_Serious_Injuries
4178,47.1232876712329,11,7,69.9179580674567,0.316834475297511,79.86,6,19100.8703857173,3,0.0049204919520093,9406,Significant_Damage_And_Serious_Injuries
2796,53.1050228310502,12,0,55.5606198723792,0.491374684457266,75.9,3,33372.8197860987,2,0.165002363929807,5018,Significant_Damage_And_Serious_Injuries
2155,66.5753424657534,9,37,45.3965360072927,0.725777857915614,80.24,1,48367.5893217614,2,1.78728887212675,3541,Significant_Damage_And_Serious_Injuries
6174,49.2694063926941,14,6,52.0966271649954,0.490292823656689,83.57,2,37251.6714030235,1,0.504117435127591,1110,Highly_Fatal_And_Damaging
3030,17.2602739726027,16,0,79.0337283500456,0.394367832672196,80.4,4,31164.4523117872,2,0.0576727377660007,2787,Highly_Fatal_And_Damaging
6526,47.4429223744292,11,3,74.5214220601641,0.328734944103858,76.87,6,26734.0140324126,2,0.0065306456156929,3950,Significant_Damage_And_Serious_Injuries
4274,55.0228310502283,16,34,64.8131267092069,0.551598269022719,78.85,6,10313.8777973577,3,0.0027925418240612,9942,Significant_Damage_And_Fatalities
3066,52.283105022831,6,20,91.2032816773017,0.326571222502704,79.96,3,14552.7349096771,3,0.0719620691714514,10464,Significant_Damage_And_Serious_Injuries
4719,21.1872146118721,15,0,80.6289881494986,0.308900829426614,77.3,4,25111.1749048795,2,0.0454597222702216,5116,Highly_Fatal_And_Damaging
5509,31.4155251141552,19,11,70.6016408386509,0.382467363865849,79.4,4,31041.7385112057,2,0.0575557829885468,5668,Minor_Damage_And_Injuries
5697,40.5479452054794,20,1,50.3646308113035,0.329095564370718,77.27,4,25229.7819974548,3,0.045220799930328,303,Significant_Damage_And_Fatalities
2642,34.0639269406393,18,18,31.0847766636281,0.777707176343311,84.87,6,31702.3296639883,2,0.0076540889104145,6115,Highly_Fatal_And_Damaging
6794,31.0958904109589,12,25,60.9845031905196,0.378861161197259,78.66,6,15252.2217803697,1,0.003513699665764,10409,Highly_Fatal_And_Damaging
1280,53.7899543378995,9,1,66.7274384685506,0.419971871619185,79.32,1,37933.3990008527,1,1.3895795978569,83,Highly_Fatal_And_Damaging
6292,17.7168949771689,16,0,58.6144029170465,0.323325640100974,80.03,4,28986.6574792039,3,0.0537586126419105,5363,Highly_Fatal_And_Damaging
9716,57.4429223744292,11,10,64.6308113035552,0.330898665705012,82.11,2,23768.2796029631,4,0.321668685211402,12427,Minor_Damage_And_Injuries
5554,24.9771689497717,14,5,75.8887876025524,0.242907320591417,79.23,4,38068.5442522449,3,0.0691843136690765,65,Highly_Fatal_And_Damaging
400,23.8812785388128,18,8,73.7010027347311,0.370206274792643,80.52,6,19201.5021304644,2,0.0045712897323785,992,Significant_Damage_And_Serious_Injuries
880,37.5799086757991,14,6,71.6955332725615,0.27788748647674,76.3,3,26538.322262979,2,0.132090952785728,4366,Significant_Damage_And_Serious_Injuries