,Safety_Score,Days_Since_Inspection,Total_Safety_Complaints,Control_Metric,Turbulence_In_gforces,Cabin_Temperature,Accident_Type_Code,Max_Elevation,Violations,Adverse_Weather_Metric,Accident_ID,Severity
7820,12.9223744292237,18,3,66.4995442114859,0.268150739271547,76.28,4,24613.5488916701,1,0.0453407640350258,534,Highly_Fatal_And_Damaging
2379,38.310502283105,13,54,73.9744758432088,0.334144248106743,77.49,3,31556.3872802864,1,0.155972033378461,10403,Significant_Damage_And_Serious_Injuries
2036,48.310502283105,10,4,57.5205104831358,0.432954201226109,83.53,6,29541.1841118771,2,0.0074729186227531,4084,Significant_Damage_And_Serious_Injuries
5112,98.4018264840183,6,0,41.5679124886053,0.634901550667147,80.12,3,47433.0162389743,2,0.23646452524774,10162,Significant_Damage_And_Serious_Injuries
6415,51.0045662100457,10,2,49.0884229717411,0.418529390551749,81.93,3,34338.0617266168,1,0.171753655949522,12313,Minor_Damage_And_Injuries
7302,73.37899543379,7,2,70.2370100273473,0.416726289217454,81.55,6,40485.8932005406,3,0.0098704950894777,8371,Minor_Damage_And_Injuries
8336,40.0913242009132,13,12,57.5205104831358,0.605691309051569,82.2,7,38340.917759317,1,0.0035124130283169,1191,Significant_Damage_And_Serious_Injuries
9778,18.1735159817352,16,3,62.0783956244303,0.315391994230076,80.27,1,38703.1691908605,1,1.42618225353357,7360,Highly_Fatal_And_Damaging
1825,43.972602739726,15,6,72.0145852324522,0.287624233681933,76.81,7,39338.0906903955,2,0.0035331392273821,10365,Minor_Damage_And_Injuries
7859,62.9680365296804,13,19,64.2661804922516,0.230646231518211,77.79,7,19742.2730195278,2,0.0020344980346991,1156,Significant_Damage_And_Fatalities
2618,46.2557077625571,15,17,68.5961713764813,0.502553912729895,79.06,3,38011.0212226692,2,0.189062380253031,1430,Minor_Damage_And_Injuries
8018,56.8493150684931,11,0,73.4275296262534,0.419971871619185,78.56,2,23026.6296640072,2,0.314050656397823,4472,Minor_Damage_And_Injuries
2527,38.7214611872146,13,0,57.0191431175934,0.514454381536242,78.32,6,18661.7138068118,4,0.004632261139873,3567,Minor_Damage_And_Injuries
9250,64.4292237442922,13,29,72.8805834092981,0.526354850342589,77.19,1,34684.7064974376,2,1.27385195640756,3840,Significant_Damage_And_Fatalities
2045,14.2465753424657,17,0,70.464904284412,0.290148575549946,76.55,4,27801.6840675044,1,0.0506356835000303,1557,Highly_Fatal_And_Damaging
9543,50.5479452054795,13,15,72.8350045578852,0.391482870537324,85.25,6,30310.8521805172,2,0.0074586341258269,11429,Minor_Damage_And_Injuries
1194,78.675799086758,9,0,71.6499544211486,0.243989181391994,82.26,7,46726.1664377831,1,0.0038918509197929,6299,Significant_Damage_And_Fatalities
4372,43.8356164383562,12,2,64.8131267092069,0.389679769203029,87.34,6,36468.4292231444,3,0.0089282704487646,2788,Significant_Damage_And_Serious_Injuries
7450,41.7351598173516,16,5,59.2069279854148,0.504717634331049,84.82,2,28957.808823458,1,0.391182535671112,1562,Minor_Damage_And_Injuries
5516,44.0639269406393,8,5,85.1868732907931,0.264183916336098,78.73,7,33395.5017361782,1,0.0031467667003417,7730,Highly_Fatal_And_Damaging
1139,33.2876712328767,15,4,58.9334548769371,0.399055896141363,78.86,4,37550.3987735086,1,0.0688847896387925,11551,Significant_Damage_And_Serious_Injuries
8921,10.8675799086758,18,0,75.6608933454877,0.394367832672196,82.66,6,21200.8828158285,2,0.0055107397932919,8558,Highly_Fatal_And_Damaging
1670,32.648401826484,15,7,47.2196900638104,0.407710782545979,81.18,3,30205.1411058189,1,0.15173451332276,4767,Minor_Damage_And_Injuries
2718,11.2328767123288,18,7,64.3117593436645,0.417086909484313,80.67,4,34956.4722310962,3,0.0636202109984061,3624,Highly_Fatal_And_Damaging
5301,61.2328767123288,7,1,58.97903372835,0.340274792643346,79.55,3,12320.2835343692,2,0.0578625828464421,9284,Significant_Damage_And_Serious_Injuries
9098,23.5616438356164,14,0,76.6180492251596,0.281854309412189,80.64,2,28855.4186664743,2,0.391140729739186,3618,Highly_Fatal_And_Damaging
4710,40.365296803653,13,8,79.3983591613491,0.315752614496934,77.65,3,45239.9524774151,0,0.222859387437907,169,Significant_Damage_And_Serious_Injuries
9814,53.1506849315068,12,7,48.313582497721,0.510848178867652,79.33,5,23295.3130587911,3,0.0156495657213551,9128,Minor_Damage_And_Injuries
1762,33.1506849315068,15,2,62.0328167730173,0.368763793725207,80.36,6,36364.5237921726,3,0.0082768725188387,11998,Significant_Damage_And_Serious_Injuries
3930,18.9497716894977,19,0,64.5396536007293,0.424299314821493,80.76,6,35557.6780853689,2,0.0089172667699963,4013,Significant_Damage_And_Serious_Injuries
3070,23.1963470319635,18,5,50.5925250683683,0.444854670032455,76.87,6,25797.6766845836,2,0.0060431162854128,10419,Minor_Damage_And_Injuries
125,15.2054794520548,20,10,50.5925250683683,0.408071402812838,80.6,1,23086.070390943,4,0.849133433713455,9993,Minor_Damage_And_Injuries
3168,48.3561643835616,11,0,79.8541476754786,0.358305805986296,88.47,6,831.69555342133,2,0.0012063587479691,7703,Significant_Damage_And_Serious_Injuries
4247,30.9132420091324,12,3,74.61257976299,0.201435989902632,76.42,1,30726.5644703725,3,1.13694765500617,6635,Highly_Fatal_And_Damaging
7704,41.4611872146119,13,2,53.9653600729262,0.461803822574828,87.0,2,29498.4301186926,1,0.396979933671775,9732,Minor_Damage_And_Injuries
8404,20.1826484018265,15,3,62.5797629899727,0.444854670032455,80.44,1,20870.1016412194,2,0.768085134187627,4705,Highly_Fatal_And_Damaging
6085,33.7442922374429,15,7,70.1458523245214,0.317195095564371,78.58,3,19783.4713532385,2,0.0999430144336609,2087,Significant_Damage_And_Serious_Injuries
2501,2.64840182648402,23,8,54.6490428441203,0.42177497295348,80.86,4,23308.3336502321,1,0.0425306022859063,8929,Highly_Fatal_And_Damaging
6136,76.3926940639269,9,12,62.0328167730173,0.385352326000721,85.99,7,29171.2113721281,3,0.0026119610221845,5943,Significant_Damage_And_Fatalities
7483,30.5936073059361,12,3,79.535095715588,0.366960692390912,84.55,4,36292.1949816483,4,0.0667215904701951,9960,Highly_Fatal_And_Damaging
383,61.7808219178082,13,9,76.9826800364631,0.368403173458348,84.92,7,25177.5727499426,3,0.002380373534544,8301,Significant_Damage_And_Fatalities
8579,39.1780821917808,10,3,74.1567912488605,0.363354489722322,79.03,4,23744.0693140378,2,0.0435847572179465,3400,Highly_Fatal_And_Damaging
7557,42.4200913242009,12,4,68.915223336372,0.413841327082582,76.58,3,38140.7981125223,0,0.189891852323305,1752,Significant_Damage_And_Serious_Injuries
3422,38.4474885844749,17,23,67.6390154968095,0.255529029931482,80.04,7,33405.1525639135,1,0.0030004852635937,10030,Minor_Damage_And_Injuries
1896,16.986301369863,20,20,74.2023701002735,0.206484673638658,77.96,3,30176.470252091,0,0.150443509700188,2007,Significant_Damage_And_Serious_Injuries
3739,50.365296803653,13,11,77.1649954421149,0.243989181391994,80.83,2,27941.9368909525,2,0.376057124267334,2339,Minor_Damage_And_Injuries
4930,28.9041095890411,16,5,52.7803099361896,0.280411828344753,82.11,7,33403.2551232866,2,0.0030724871333401,8637,Significant_Damage_And_Serious_Injuries
754,37.3059360730594,14,3,56.9279854147676,0.56926866209881,82.99,6,28454.4613989612,2,0.0074428387096334,8959,Minor_Damage_And_Injuries
3004,58.4931506849315,8,37,76.3445761166819,0.405547060944825,76.21,2,35730.4510938833,2,0.48369584645779,2659,Significant_Damage_And_Serious_Injuries
2669,37.5799086757991,14,6,61.3035551504102,0.391482870537324,81.57,3,32874.2637561158,1,0.163199733689906,5513,Significant_Damage_And_Serious_Injuries
7289,42.4200913242009,19,0,45.897903372835,0.63021348719798,84.74,4,34210.2043624715,2,0.0619475176403955,11996,Significant_Damage_And_Serious_Injuries
8445,58.7214611872146,14,9,61.8505013673656,0.331980526505589,78.7,7,31856.3033820759,3,0.0025508001865213,3203,Significant_Damage_And_Fatalities
3383,40.9132420091324,16,5,65.587967183227,0.278969347277317,78.05,1,24895.0884801741,1,0.925208520778178,4801,Minor_Damage_And_Injuries
1871,31.5981735159817,19,11,60.0273473108478,0.308540209159754,81.13,3,41238.4330086914,3,0.206458994146694,12349,Minor_Damage_And_Injuries
8198,42.3287671232877,12,1,90.154968094804,0.286902993148215,77.73,4,26032.9419014836,1,0.0481186113732843,8991,Significant_Damage_And_Serious_Injuries
5377,48.5388127853881,17,1,65.0865998176846,0.403022719076812,76.3,7,47964.9433890402,2,0.0046961159949105,8162,Significant_Damage_And_Fatalities
6086,41.324200913242,16,18,67.3655423883318,0.398334655607645,81.86,7,19804.4945726575,1,0.0020379019154994,3726,Minor_Damage_And_Injuries
8453,31.4155251141552,12,1,54.3755697356427,0.375254958528669,78.65,5,41643.7682906453,3,0.0282456403562167,456,Significant_Damage_And_Fatalities
7471,35.2054794520548,11,3,79.2160437556974,0.31034331049405,81.21,4,32806.2895663649,2,0.0601777442176999,11356,Highly_Fatal_And_Damaging
6046,48.6301369863014,7,1,59.6171376481313,0.364796970789758,79.69,4,12320.2835343692,2,0.0220243693545426,9492,Highly_Fatal_And_Damaging
2959,35.296803652968,11,0,60.1640838650866,0.231728092318788,79.7,1,20285.7112878375,2,0.744647606073311,6766,Highly_Fatal_And_Damaging
4868,30.5936073059361,12,0,79.535095715588,0.228121889650198,83.01,3,37066.9622418898,3,0.185100239617324,5161,Highly_Fatal_And_Damaging
3449,54.0182648401826,12,7,75.2506836827712,0.288345474215651,77.03,5,43907.2002460851,2,0.0297081807839066,6447,Minor_Damage_And_Injuries
5698,27.8538812785388,17,8,60.0729261622607,0.50796321673278,79.2,1,24135.4433661131,4,0.890281948019857,6775,Significant_Damage_And_Serious_Injuries
1728,26.3013698630137,17,26,72.5615314494075,0.38571294626758,78.56,3,32099.6049465887,2,0.160120932295153,941,Significant_Damage_And_Serious_Injuries
8889,37.7625570776256,17,7,77.1649954421149,0.256610890732059,76.42,5,48882.9969470896,1,0.0331848565099239,2559,Minor_Damage_And_Injuries
4690,0.0,20,7,64.9954421148587,0.549434547421565,83.36,1,27361.8000012909,0,0.997980574484882,10859,Highly_Fatal_And_Damaging
5966,40.6849315068493,13,2,76.7547857793984,0.421053732419762,76.4,6,20989.95560083,1,0.0052241104458536,6233,Significant_Damage_And_Serious_Injuries
136,65.9817351598173,9,3,64.9954421148587,0.339553552109629,77.98,1,33179.9160046628,2,1.22202819070877,10570,Minor_Damage_And_Injuries
2108,23.9269406392694,14,0,89.9726526891523,0.282936170212766,75.2,4,35048.0265895625,4,0.0640170538543537,5123,Highly_Fatal_And_Damaging
8151,34.4748858447488,15,23,57.8851412944394,0.508323836999639,83.64,4,52249.6101461372,2,0.0928046600866946,8305,Significant_Damage_And_Serious_Injuries
8903,27.8995433789954,17,1,60.4831358249772,0.294476018752254,76.68,1,30575.8127772809,3,1.13694765500617,4752,Significant_Damage_And_Serious_Injuries
7460,75.662100456621,9,8,69.9635369188697,0.355060223584565,79.86,7,33954.1785816129,2,0.0032970757889569,5181,Significant_Damage_And_Fatalities
5345,52.4657534246575,9,6,53.9653600729262,0.312867652362062,79.76,7,31170.9864874617,2,0.0027937392372972,1993,Minor_Damage_And_Injuries
18,78.2191780821918,8,3,61.485870556062,0.338111071042192,82.2,2,34354.1112213822,2,0.462514456126825,2765,Significant_Damage_And_Fatalities
1992,15.4337899543379,17,17,73.2907930720146,0.250480346195456,77.75,4,17117.8257190775,2,0.0311441175214931,9317,Highly_Fatal_And_Damaging
4929,60.2283105022831,7,11,67.0464904284412,0.293394157951677,82.27,7,39269.0539266116,2,0.0036254721411716,9979,Significant_Damage_And_Serious_Injuries
3012,21.5525114155251,15,0,63.8103919781222,0.556286332491886,78.41,4,40729.8147773945,2,0.0742239344888381,7053,Highly_Fatal_And_Damaging
891,54.1095890410959,16,15,64.0382862351869,0.339192931842769,77.78,2,57329.6806139297,2,0.79816489732788,3092,Significant_Damage_And_Fatalities
7743,31.8264840182648,12,2,74.7493163172288,0.222351965380454,76.11,4,31531.7961960508,2,0.0578632306636776,10576,Highly_Fatal_And_Damaging
252,29.5433789954338,20,0,56.2898814949863,0.398334655607645,80.62,5,25229.7819974548,3,0.0165265950657187,5679,Highly_Fatal_And_Damaging
3471,29.4063926940639,13,0,64.8131267092069,0.306376487558601,76.04,4,43870.357040907,1,0.0801631199888322,2178,Highly_Fatal_And_Damaging
8320,55.9360730593607,8,0,64.8131267092069,0.365518211323476,76.86,6,26006.0804589729,3,0.0068608187719368,10341,Significant_Damage_And_Serious_Injuries
1750,66.2557077625571,12,5,70.4193254329991,0.42177497295348,76.85,2,23642.1995766982,1,0.321537842277719,2716,Significant_Damage_And_Fatalities
627,58.310502283105,11,8,45.2597994530538,0.714238009376126,76.37,2,36575.0996156361,0,0.492287322989391,4990,Highly_Fatal_And_Damaging
7163,37.0776255707762,11,4,53.7374658158614,0.345684096646231,78.7,3,25279.7240398423,1,0.125860334909236,5557,Significant_Damage_And_Fatalities
5470,1.14155251141552,21,4,54.4667274384686,0.484162279120086,83.34,1,37120.1716684666,1,1.35839613360227,2989,Significant_Damage_And_Fatalities
1726,56.4840182648402,15,0,67.6390154968095,0.507602596465921,76.41,5,39083.4123264333,2,0.0257192489346566,2561,Significant_Damage_And_Fatalities
3003,27.5799086757991,17,3,67.3199635369189,0.36407573025604,83.11,3,20743.3374704144,2,0.103487089845279,11543,Significant_Damage_And_Serious_Injuries
7584,41.324200913242,16,2,76.253418413856,0.520945546339704,77.13,2,20374.9875573108,4,0.276520836417221,6479,Minor_Damage_And_Injuries
7278,12.4200913242009,18,1,52.8258887876026,0.361551388388027,77.56,1,34469.924982876,1,1.26937738653889,871,Significant_Damage_And_Fatalities
3136,66.5753424657534,8,2,37.2835004557886,0.680339704291381,84.9,1,31618.5684248395,2,1.15522683936208,2456,Significant_Damage_And_Serious_Injuries
9064,23.9269406392694,14,0,89.9726526891523,0.297000360620267,79.71,4,27179.0519600046,2,0.0501829965944103,9093,Highly_Fatal_And_Damaging
664,18.5388127853881,16,6,77.3017319963537,0.243989181391994,80.92,4,25245.6347673321,3,0.0452453456509353,6605,Highly_Fatal_And_Damaging
6309,28.0821917808219,13,2,99.9544211485871,0.372369996393797,78.52,1,36035.1961423479,1,1.32312428555113,6326,Highly_Fatal_And_Damaging
1963,48.6301369863014,7,22,57.8395624430264,0.308540209159754,79.76,4,38817.0897087123,1,0.0701068078993242,6050,Highly_Fatal_And_Damaging
3225,40.5479452054794,20,1,50.3646308113035,0.438002884962135,78.09,2,35845.5631116782,1,0.484430431994035,7515,Significant_Damage_And_Fatalities
9625,66.5753424657534,9,3,66.8641750227894,0.275002524341868,77.46,2,40973.9095182754,2,0.55559389881049,3721,Minor_Damage_And_Injuries
8357,18.7214611872146,16,1,53.4639927073838,0.395449693472773,79.6,2,32147.4177639373,1,0.43265129710754,4766,Significant_Damage_And_Fatalities
4142,63.6529680365297,9,12,67.7301731996354,0.374533717994951,80.13,5,36375.7754979743,2,0.0242272154503316,6902,Minor_Damage_And_Injuries
3193,22.9223744292237,23,4,67.9580674567001,0.386073566534439,79.58,4,12598.3641491423,0,0.0234445543728166,10023,Minor_Damage_And_Injuries
6670,57.1689497716895,8,7,73.2907930720146,0.397974035340786,77.0,3,30933.8277395381,1,0.154595209902065,8236,Significant_Damage_And_Serious_Injuries
8109,39.8173515981735,10,18,58.0674567000912,0.434396682293545,80.98,4,50314.7204576381,3,0.0966766638812981,5885,Highly_Fatal_And_Damaging
9179,65.662100456621,12,9,61.6681859617138,0.342799134511359,77.97,7,25006.9347613322,2,0.0023811865337943,12343,Significant_Damage_And_Fatalities
7941,41.9634703196347,12,4,51.2762078395624,0.568186801298233,83.76,3,24604.4655931727,1,0.121754699866092,7817,Minor_Damage_And_Injuries
5934,95.2511415525114,3,17,66.4995442114859,0.557368193292463,80.5,5,32768.2794642284,2,0.0215533582053583,4790,Significant_Damage_And_Fatalities
5201,46.027397260274,15,0,62.0783956244303,0.346405337179949,76.68,2,32682.9018146972,0,0.443808474464164,5649,Minor_Damage_And_Injuries
3842,15.4337899543379,17,4,63.9015496809481,0.287624233681933,81.36,2,39760.7683448495,4,0.537889903702334,4893,Highly_Fatal_And_Damaging
2868,68.0365296803653,12,5,68.049225159526,0.527797331410025,77.62,7,21977.3775684116,4,0.0018909715360975,1141,Significant_Damage_And_Fatalities
504,70.5479452054795,7,30,70.510483135825,0.17330760908763,79.79,6,27171.7746672583,3,0.0066870818066071,7123,Minor_Damage_And_Injuries
6341,44.6575342465753,12,1,48.1312670920693,0.670963577353047,79.74,3,47541.0050691026,3,0.233684409670316,4537,Minor_Damage_And_Injuries
5155,66.2100456621004,12,0,78.6235186873291,0.326210602235846,79.94,7,22248.3350362665,4,0.001979077117428,7626,Significant_Damage_And_Fatalities
2038,60.1369863013699,10,7,68.3682771194166,0.241104219257122,77.83,2,25777.0071444142,2,0.349246882159703,12212,Minor_Damage_And_Injuries
7966,20.2283105022831,15,5,65.9981768459435,0.236776776054814,77.74,4,38399.455104896,0,0.0701249966785418,4093,Highly_Fatal_And_Damaging
5455,20.2739726027397,15,3,65.8614402917047,0.236776776054814,78.21,4,27035.8387936996,3,0.0495178660399433,8392,Highly_Fatal_And_Damaging
2179,50.1369863013699,14,2,51.9143117593437,0.494620266858997,79.46,2,16200.3364300591,2,0.213127819478228,4409,Highly_Fatal_And_Damaging
9756,72.3287671232876,10,2,63.9015496809481,0.264183916336098,78.11,7,38466.937091707,4,0.0036868583858324,10468,Significant_Damage_And_Fatalities
2368,49.1780821917808,17,9,71.8778486782133,0.573596105301118,78.66,7,25824.6274374023,3,0.0023811865337943,4261,Significant_Damage_And_Fatalities
1912,20.958904109589,19,2,35.8249772105743,0.754627479264334,81.43,3,41508.4400941862,1,0.208414226253688,11955,Minor_Damage_And_Injuries
9007,59.5433789954338,14,15,75.7520510483136,0.311064551027768,78.24,7,28259.6806196274,3,0.0027787403957701,4504,Significant_Damage_And_Fatalities
3681,17.7168949771689,21,9,60.1640838650866,0.438363505228994,77.75,3,27487.6888024332,3,0.135850462114308,5835,Minor_Damage_And_Injuries
3348,40.5936073059361,13,2,82.4521422060164,0.174389469888207,80.53,5,14519.2418896442,2,0.0109511184797237,8180,Significant_Damage_And_Serious_Injuries
5522,41.6438356164383,9,1,73.9744758432088,0.4145625676163,89.19,3,831.69555342133,2,0.0476009651917602,8578,Highly_Fatal_And_Damaging
8139,36.027397260274,11,14,56.563354603464,0.475507392715471,82.02,1,24420.713003042,3,0.905184703862421,10554,Significant_Damage_And_Fatalities
200,26.2557077625571,14,26,55.2415679124886,0.513011900468806,81.43,4,47946.3125870917,2,0.0886488268505119,10811,Significant_Damage_And_Fatalities
6732,30.6849315068493,16,6,63.9927073837739,0.322604399567255,75.68,3,30380.7345549793,1,0.151493600815679,5969,Significant_Damage_And_Serious_Injuries
9623,37.5799086757991,14,9,61.6681859617138,0.309261449693473,79.4,3,26989.6146435872,2,0.135445812857813,10028,Significant_Damage_And_Serious_Injuries
8558,30.5936073059361,12,3,86.5086599817685,0.198911648034619,78.93,3,35564.3610606786,5,0.176883368384811,3924,Highly_Fatal_And_Damaging
6607,23.8812785388128,18,8,56.7912488605287,0.315752614496934,77.75,3,40489.778982726,1,0.20178360182813,7704,Minor_Damage_And_Injuries
563,55.1598173515982,12,8,53.5095715587967,0.503635773530472,77.93,5,35387.6700736684,1,0.0233909421221586,1703,Highly_Fatal_And_Damaging
8478,50.7762557077626,13,8,74.5214220601641,0.238940497655968,80.61,3,32538.6591268151,2,0.162085006509895,12342,Minor_Damage_And_Injuries
9599,26.9406392694064,17,2,56.3810391978122,0.784558961413632,80.46,2,32681.0756913863,4,0.442575446115247,3705,Minor_Damage_And_Injuries
4835,20.1826484018265,15,0,74.0656335460346,0.424299314821493,79.58,7,31164.4523117872,2,0.0025855612206391,11658,Highly_Fatal_And_Damaging
7505,25.2511415525114,17,5,49.5897903372835,0.696206996033177,81.66,2,37966.0325415586,2,0.510633766071412,6882,Minor_Damage_And_Injuries
9515,30.4566210045662,16,5,77.7575205104832,0.23100685178507,79.3,3,30586.407239901,1,0.151493600815679,957,Significant_Damage_And_Serious_Injuries
830,23.4703196347032,14,7,79.3983591613491,0.366960692390912,78.32,4,46688.72895675,4,0.0852658479246149,11676,Highly_Fatal_And_Damaging
8549,46.2100456621004,8,12,21.1485870556062,0.777707176343311,82.58,6,35387.6700736684,1,0.0082680920592571,10878,Highly_Fatal_And_Damaging
5410,22.7397260273973,15,7,68.7784867821331,0.399777136675081,78.52,4,38081.2358451794,0,0.0692154391987707,8212,Highly_Fatal_And_Damaging
4303,40.6849315068493,16,9,55.6061987237922,0.433314821492968,79.6,7,29538.27364245,2,0.0027759536961866,1487,Highly_Fatal_And_Damaging
4746,30.6849315068493,16,0,67.5934366453965,0.208287774972954,77.29,3,34016.7896094001,1,0.171510133935463,8717,Significant_Damage_And_Serious_Injuries
7422,41.8264840182648,12,0,70.1914311759344,0.379582401730977,76.58,6,32158.99176163,0,0.0077320872026755,3631,Significant_Damage_And_Serious_Injuries
7453,40.8219178082192,9,3,89.1066545123063,0.304573386224305,79.88,6,23639.8520973668,3,0.0061818194145412,1938,Highly_Fatal_And_Damaging
4553,42.7853881278539,9,22,64.3117593436645,0.445215290299315,79.42,5,38068.0704053001,2,0.0266123032873258,1724,Highly_Fatal_And_Damaging
8700,60.2283105022831,7,9,88.4685505925251,0.313228272628922,83.99,6,20210.9647367577,1,0.0052028898133687,9928,Significant_Damage_And_Serious_Injuries
5808,60.5479452054795,11,0,62.6253418413856,0.402662098809953,79.29,2,39632.6391817048,1,0.537374915697402,2324,Minor_Damage_And_Injuries
9434,76.6666666666667,6,12,67.8669097538742,0.373451857194374,79.84,1,25230.00771957,3,0.928940177563604,10720,Minor_Damage_And_Injuries
6382,59.4063926940639,11,12,74.4758432087512,0.466131265777136,76.48,2,23642.1995766982,1,0.319962377604897,7720,Minor_Damage_And_Injuries
5850,26.1643835616438,14,6,73.3819507748405,0.368403173458348,81.15,3,42460.9864659944,3,0.211728167404242,5261,Highly_Fatal_And_Damaging
4465,28.2191780821918,13,6,61.3947128532361,0.444133429498738,76.8,2,25806.0480465467,2,0.348220671345902,2896,Highly_Fatal_And_Damaging
3933,45.1598173515982,11,4,60.1640838650866,0.633098449332852,79.64,1,41729.0407240999,0,1.54692480033966,8325,Significant_Damage_And_Serious_Injuries
8426,23.4246575342466,15,0,75.432999088423,0.305294626758024,79.28,4,26233.4523381533,3,0.0485064756050535,9342,Highly_Fatal_And_Damaging
519,68.2648401826484,8,11,49.4074749316317,0.522748647673999,81.72,2,40580.5502390022,2,0.551419592392081,3992,Highly_Fatal_And_Damaging
9579,34.6118721461187,15,0,68.3226982680037,0.258774612333213,76.93,3,30423.7249691533,4,0.150293721810262,9167,Significant_Damage_And_Serious_Injuries
2566,20.8675799086758,19,1,37.8304466727438,0.600282005048683,77.86,2,49762.7970613739,2,0.674668995640191,4399,Minor_Damage_And_Injuries
2060,35.7534246575342,11,6,64.6763901549681,0.298082221420844,79.9,4,41238.4330086914,3,0.0753117470472317,9316,Highly_Fatal_And_Damaging
5952,42.283105022831,12,2,56.8824065633546,0.331980526505589,94.2,2,52077.3016680616,2,0.706982633990024,11626,Minor_Damage_And_Injuries
7855,60.0913242009132,10,3,70.3281677301732,0.226679408582762,75.93,2,20520.7410460176,2,0.275778719141191,5811,Minor_Damage_And_Injuries
5028,40.7762557077626,13,17,76.0255241567913,0.434036062026686,77.11,3,37862.9199927159,1,0.188871235049903,3475,Significant_Damage_And_Serious_Injuries
9593,56.7123287671233,15,0,69.5533272561531,0.415644428416877,80.59,2,33905.3514045601,2,0.459353706346865,917,Significant_Damage_And_Fatalities
4352,31.1872146118721,15,7,54.6946216955333,0.371648755860079,77.99,3,36305.7929992729,1,0.181817781956416,4510,Minor_Damage_And_Injuries
6739,57.0776255707762,12,5,56.1531449407475,0.405186440677966,86.42,2,27829.0183058866,2,0.378611274088549,4675,Highly_Fatal_And_Damaging
7018,39.7260273972603,17,3,59.2980856882407,0.538976559682654,77.85,5,34587.8862136885,2,0.0229899149310431,11052,Minor_Damage_And_Injuries
822,41.324200913242,16,8,71.5587967183227,0.333423007573026,77.27,5,37986.3456451741,3,0.02602937463813,5408,Minor_Damage_And_Injuries
4135,22.7397260273973,15,7,73.0173199635369,0.265987017670393,81.91,4,29660.9634883589,1,0.0548654683705585,3693,Highly_Fatal_And_Damaging
9640,54.337899543379,12,7,68.7784867821331,0.284739271547061,77.03,3,36156.8263602184,3,0.179246049162375,8288,Minor_Damage_And_Injuries
7024,55.8904109589041,12,5,73.9288969917958,0.232809953119365,75.69,5,21532.3463857748,3,0.0142168823219349,5551,Minor_Damage_And_Injuries
3122,73.5159817351598,10,19,57.5205104831358,0.35686332491886,83.72,7,39189.4780352356,3,0.0035315808394034,8250,Significant_Damage_And_Fatalities
712,22.2831050228311,15,4,69.0975387420237,0.46829498737829,76.19,3,18915.5090248707,4,0.094498941880859,9513,Highly_Fatal_And_Damaging
2049,36.027397260274,14,2,35.9161349134002,0.455673278038226,75.12,4,24707.1969908956,1,0.0462099576306868,2408,Minor_Damage_And_Injuries
7280,32.4200913242009,12,2,48.9061075660894,0.543664623151821,77.68,1,25739.3846771422,2,0.942297419702323,558,Highly_Fatal_And_Damaging
1645,35.4337899543379,11,14,73.4275296262534,0.222351965380454,82.07,6,37066.9622418898,2,0.0083982544312787,7591,Highly_Fatal_And_Damaging
7886,57.2602739726027,8,5,69.644484958979,0.382467363865849,81.14,3,32554.6018713331,2,0.162108139005818,2236,Significant_Damage_And_Serious_Injuries
1499,44.703196347032,8,10,64.2206016408387,0.462525063108547,83.08,4,33892.7702492079,2,0.0621354412786752,1382,Highly_Fatal_And_Damaging
4849,48.8584474885845,17,5,75.38742023701,0.388597908402452,83.08,7,12800.2929710725,2,0.0012985721361449,11841,Significant_Damage_And_Fatalities
8704,26.4840182648402,13,25,70.6927985414767,0.205042192571222,82.45,4,32958.7093866118,2,0.0602782872200922,3012,Highly_Fatal_And_Damaging
8541,28.5844748858447,17,11,56.9279854147676,0.307818968626037,79.17,3,26930.3762347395,2,0.133100818437916,11612,Minor_Damage_And_Injuries
5710,20.0913242009132,15,1,55.9708295350957,0.484162279120086,79.86,1,24135.4433661131,4,0.905640293986369,2712,Significant_Damage_And_Fatalities
9037,56.1187214611872,15,4,67.4111212397448,0.31034331049405,79.14,6,17576.823227723,1,0.0047760663608893,3233,Significant_Damage_And_Fatalities
2616,35.0228310502283,11,5,43.0720145852325,0.518421204471691,80.85,2,26637.5953196341,1,0.358545587133914,5644,Significant_Damage_And_Fatalities
1823,40.5479452054794,9,1,75.7064721969006,0.325849981968986,79.51,4,41432.7487139018,2,0.0767512464095316,4351,Highly_Fatal_And_Damaging
9039,29.2694063926941,13,0,85.5970829535096,0.281133068878471,86.57,4,36065.2085271643,0,0.0659522021298071,3052,Highly_Fatal_And_Damaging
4158,37.0776255707762,14,16,77.9398359161349,0.298082221420844,82.75,6,22637.5246682449,1,0.005761944292557,5012,Significant_Damage_And_Serious_Injuries
838,72.3287671232876,10,2,64.4029170464904,0.277526866209881,78.96,7,31436.6445716366,3,0.0025876702450627,5146,Significant_Damage_And_Fatalities
3822,57.8995433789954,11,1,97.9945305378305,0.303491525423729,83.56,2,29255.426646695,3,0.393439913783782,8040,Minor_Damage_And_Injuries
1925,31.1872146118721,12,0,62.7164995442115,0.35686332491886,82.23,6,34889.6759220544,3,0.0089828570247639,753,Highly_Fatal_And_Damaging