,Safety_Score,Days_Since_Inspection,Total_Safety_Complaints,Control_Metric,Turbulence_In_gforces,Cabin_Temperature,Accident_Type_Code,Max_Elevation,Violations,Adverse_Weather_Metric,Accident_ID,Severity
9601,36.027397260274,14,3,71.6043755697357,0.319358817165525,78.03,3,52189.5365431102,1,0.261035850408322,445,Significant_Damage_And_Serious_Injuries
8931,5.20547945205479,20,2,71.3764813126709,0.203960331770645,78.7,6,32944.3336789672,2,0.0081766060915224,12341,Highly_Fatal_And_Damaging
1314,42.3744292237443,12,4,61.8960802187785,0.37489433826181,79.68,6,38801.3690549755,5,0.0095140991726005,10053,Significant_Damage_And_Serious_Injuries
2369,43.5159817351598,12,2,58.3865086599818,0.61939487919221,83.03,3,38660.0959485539,1,0.192732679814333,7860,Significant_Damage_And_Serious_Injuries
8586,12.9680365296804,18,13,52.0966271649954,0.422496213487198,77.28,4,34198.7569609193,3,0.0620379742960961,6196,Significant_Damage_And_Fatalities
3384,28.9954337899543,16,2,66.2260711030082,0.438724125495853,84.72,3,24242.431985579,4,0.119911593140671,10071,Significant_Damage_And_Serious_Injuries
3357,77.5799086757991,4,2,88.4685505925251,0.231367472051929,75.96,7,43442.145113108,2,0.0039677469749471,893,Significant_Damage_And_Serious_Injuries
323,31.1872146118721,12,5,60.4831358249772,0.267429498737829,81.27,6,33789.5725646773,1,0.0089282704487646,3381,Highly_Fatal_And_Damaging
154,65.4337899543379,12,7,49.4074749316317,0.421053732419762,81.45,4,35275.1736500642,3,0.0640529720617364,7948,Significant_Damage_And_Serious_Injuries
7414,38.8127853881278,17,20,62.8988149498633,0.379582401730977,78.18,2,32230.500067409,2,0.435983529967462,9691,Minor_Damage_And_Injuries
7273,28.9497716894977,20,3,63.0811303555151,0.46108258204111,78.09,6,24370.2265407342,2,0.0060668665949771,11383,Significant_Damage_And_Fatalities
7287,38.5844748858447,13,11,66.4995442114859,0.413841327082582,79.39,2,32739.2459757613,2,0.442732958866139,1097,Significant_Damage_And_Serious_Injuries
538,19.9086757990868,15,0,66.8185961713765,0.537173458348359,79.58,7,24122.8234182072,3,0.0022271417831696,486,Highly_Fatal_And_Damaging
5842,59.041095890411,11,1,71.285323609845,0.319358817165525,76.93,2,36434.9776381681,3,0.488446051686494,7605,Minor_Damage_And_Injuries
7652,55.0684931506849,12,1,65.4512306289882,0.451345834835918,80.31,5,21779.8358358126,2,0.0142540310188067,5886,Minor_Damage_And_Injuries
5267,36.7579908675799,17,11,56.7000911577028,0.293033537684818,76.63,2,35012.6011594488,2,0.4741097524186,7832,Highly_Fatal_And_Damaging
7026,18.310502283105,16,7,60.5742935278031,0.395089073205914,77.53,1,46755.5164453914,3,1.74851946088815,7287,Highly_Fatal_And_Damaging
5056,65.4337899543379,4,17,50.6381039197812,0.438002884962135,82.27,7,48388.150295776,2,0.0050736112499563,2951,Significant_Damage_And_Fatalities
9204,45.0684931506849,15,1,72.2424794895169,0.248677244861161,80.97,5,33425.2255805168,1,0.0212527753729633,10248,Minor_Damage_And_Injuries
1629,40.1826484018265,10,8,54.9680948040109,0.240382978723404,87.06,4,28377.2499381451,3,0.0519373150685612,6550,Significant_Damage_And_Fatalities
4329,16.3470319634703,16,0,72.2424794895169,0.398695275874504,76.85,1,34544.1444583375,2,1.27665927889249,53,Highly_Fatal_And_Damaging
4188,52.9223744292237,9,0,80.4466727438469,0.262380815001803,81.04,3,29216.4159909021,1,0.145447149829291,1438,Significant_Damage_And_Serious_Injuries
8600,42.5114155251142,16,3,58.3865086599818,0.416005048683736,78.13,2,41881.5814423041,2,0.566805568689148,6576,Minor_Damage_And_Injuries
3047,32.3744292237443,15,13,76.0255241567913,0.307097728092319,76.75,6,40538.7808167345,2,0.0094713834140633,10628,Significant_Damage_And_Serious_Injuries
1807,65.3424657534246,4,17,58.20419325433,0.43619978362784,81.62,4,38242.1306477436,1,0.0707412082678978,12448,Highly_Fatal_And_Damaging
9804,52.2374429223744,9,14,65.2233363719235,0.38931914893617,78.02,4,26782.0242843159,2,0.0492733156692622,10911,Highly_Fatal_And_Damaging
8863,58.310502283105,14,4,58.6144029170465,0.482359177785791,81.38,1,31268.3684717619,4,1.13918135716842,11750,Significant_Damage_And_Fatalities
7564,71.8721461187215,3,34,52.0966271649954,0.447739632167328,77.54,3,29830.8511379732,0,0.147969484951643,7964,Minor_Damage_And_Injuries
6617,52.5114155251141,13,2,65.4512306289882,0.46108258204111,81.53,7,26534.3553750206,1,0.0022271417831696,3207,Minor_Damage_And_Injuries
8167,36.7123287671233,14,3,60.3008204193255,0.243989181391994,84.15,6,30262.4428862751,2,0.0075816123522308,5965,Significant_Damage_And_Serious_Injuries
5114,58.9041095890411,14,8,81.2670920692799,0.289427335016228,82.49,7,31529.7623234607,1,0.0028844082789833,3411,Significant_Damage_And_Fatalities
1507,40.7762557077626,16,6,55.6061987237922,0.262020194734944,82.99,2,32028.7420815426,1,0.433461888131798,4920,Highly_Fatal_And_Damaging
4397,28.6301369863014,16,11,51.1850501367366,0.375615578795528,79.65,4,18842.7886746802,0,0.0350890825621048,10562,Minor_Damage_And_Injuries
1157,12.1004566210046,18,7,47.9033728350046,0.514093761269383,81.14,4,47946.3125870917,2,0.089219107622852,4322,Significant_Damage_And_Fatalities
4313,73.3333333333333,7,6,80.4010938924339,0.243628561125135,75.76,2,48352.0147996316,4,0.653014214204056,7202,Minor_Damage_And_Injuries
1822,24.3835616438356,17,0,67.5478577939836,0.255168409664623,80.55,4,42659.8379450798,1,0.0785727187769532,2445,Significant_Damage_And_Serious_Injuries
9570,41.5525114155251,13,0,58.8878760255242,0.503635773530472,80.32,2,44295.2917972443,4,0.599746500186085,677,Significant_Damage_And_Serious_Injuries
9674,37.2146118721461,14,19,64.0382862351869,0.387876667868734,76.96,3,31728.6566869053,2,0.156961862886295,5050,Significant_Damage_And_Serious_Injuries
4483,43.6529680365297,15,2,38.3318140382862,0.635622791200865,79.03,3,11809.795062478,2,0.0601940801560098,2474,Highly_Fatal_And_Damaging
4571,51.4155251141552,10,16,71.9690063810392,0.381024882798413,78.51,6,35851.210781326,2,0.0090833764847657,10639,Significant_Damage_And_Serious_Injuries
7481,46.8493150684931,11,0,51.3673655423883,0.527436711143166,75.67,3,24084.887315452,0,0.118795587606853,9310,Minor_Damage_And_Injuries
1974,28.9041095890411,13,7,52.7803099361896,0.280411828344753,81.25,5,26412.3256335554,2,0.0186352687732008,8211,Highly_Fatal_And_Damaging
922,23.6073059360731,18,7,78.0765724703738,0.36768193292463,81.23,6,37616.4149312029,2,0.0094361312378625,257,Significant_Damage_And_Serious_Injuries
1294,59.8173515981735,14,1,84.5487693710119,0.264183916336098,78.7,7,35819.066500176,3,0.0030351928158538,10917,Significant_Damage_And_Fatalities
2810,44.4748858447489,8,0,52.6891522333637,0.433314821492968,81.74,4,38457.9501227475,3,0.0709905354811421,8370,Highly_Fatal_And_Damaging
2229,39.1324200913242,10,8,57.4749316317229,0.333423007573026,77.13,3,40698.9993170453,2,0.20178360182813,9633,Highly_Fatal_And_Damaging
7675,70.0913242009132,11,3,57.4293527803099,0.399777136675081,81.78,7,28891.4980176386,0,0.0027962831702802,962,Significant_Damage_And_Fatalities
7995,30.9132420091324,16,2,62.5797629899727,0.339192931842769,80.03,3,24242.431985579,2,0.120446192106227,9220,Significant_Damage_And_Serious_Injuries
233,2.64840182648402,20,7,78.4867821330902,0.342438514244501,76.44,4,43590.4452092247,2,0.0796140496419091,2548,Highly_Fatal_And_Damaging
9308,36.7579908675799,18,8,51.0027347310848,0.584054093040028,80.19,5,48338.7786128591,4,0.0330801193794526,4190,Highly_Fatal_And_Damaging
760,38.0365296803653,14,8,61.3947128532361,0.391482870537324,78.7,3,18673.766897687,0,0.0898133583444885,10229,Significant_Damage_And_Serious_Injuries
2017,56.8949771689498,8,2,69.1431175934367,0.32116191849982,82.59,7,26062.3673281312,0,0.0025316396334434,12396,Significant_Damage_And_Serious_Injuries
3978,9.08675799086758,18,4,56.608933454877,0.365878831590335,79.71,3,33783.7823562274,0,0.16875836276271,6552,Highly_Fatal_And_Damaging
2902,38.1735159817352,17,0,68.003646308113,0.294115398485395,77.94,2,25093.1260664619,3,0.339886381510903,8630,Minor_Damage_And_Injuries
3710,76.1187214611872,10,6,46.6271649954421,0.539697800216372,82.64,7,47232.0210882522,1,0.0039451902687202,5796,Significant_Damage_And_Serious_Injuries
8115,42.1917808219178,12,2,69.1431175934367,0.320080057699243,81.2,5,28510.1224862741,3,0.0188573942980396,2752,Significant_Damage_And_Serious_Injuries
5338,62.3744292237443,13,0,45.6244302643574,0.52238802740714,76.59,7,46418.3805063549,4,0.0040045627353063,7130,Significant_Damage_And_Serious_Injuries
2595,54.7945205479452,12,1,80.4010938924339,0.262380815001803,80.76,7,25119.2421101637,3,0.0023486603555845,11536,Minor_Damage_And_Injuries
3725,58.9954337899543,14,7,57.5205104831358,0.470819329246303,77.51,7,22087.596284025,5,0.0017182399173195,11216,Significant_Damage_And_Fatalities
636,63.972602739726,9,9,76.9826800364631,0.299885322755139,80.12,2,33959.191621618,3,0.459821320335647,5504,Minor_Damage_And_Injuries
5060,21.4611872146119,15,9,59.845031905196,0.392204111071042,78.16,4,51330.7281929059,1,0.0941830531015625,10663,Highly_Fatal_And_Damaging
3733,39.4520547945205,13,2,74.4758432087512,0.321883159033537,77.83,6,26355.2077380812,2,0.0064529211403331,4637,Significant_Damage_And_Serious_Injuries
4519,32.5114155251142,12,8,52.3245214220602,0.254447169130905,78.43,1,14840.4652848946,2,0.518572471316774,869,Significant_Damage_And_Fatalities
9244,27.945205479452,13,6,64.4029170464904,0.330898665705012,80.43,2,40840.646356118,2,0.549198026049296,9742,Highly_Fatal_And_Damaging
5603,38.3561643835616,10,8,76.8915223336372,0.284378651280202,79.33,4,30843.079330968,0,0.0563295397232032,10017,Highly_Fatal_And_Damaging
758,28.9041095890411,13,15,67.0920692798541,0.351093400649116,81.72,4,43635.7546909786,3,0.0806562395147276,2758,Highly_Fatal_And_Damaging
5669,16.1187214611872,20,7,52.9626253418414,0.638507753335737,82.69,3,34985.7217148431,2,0.174153414362184,765,Minor_Damage_And_Injuries
2926,48.3561643835616,11,2,79.7629899726527,0.317555715831229,81.13,3,29216.4159909021,3,0.144311406658945,12368,Significant_Damage_And_Serious_Injuries
3309,36.4383561643836,17,3,74.8860528714676,0.326571222502704,80.14,5,48535.6561942994,1,0.0331635429635031,8622,Minor_Damage_And_Injuries
3869,36.8493150684931,14,11,91.2032816773017,0.271396321673278,84.48,6,25377.6648055458,2,0.0063759772329392,8876,Significant_Damage_And_Serious_Injuries
6948,48.9954337899543,14,6,70.8751139471286,0.467573746844573,77.2,6,38151.5060215647,1,0.0103375714698017,11050,Minor_Damage_And_Injuries
8223,46.5753424657534,8,10,53.9653600729262,0.605691309051569,81.72,3,39488.3014653357,3,0.197770829155602,7733,Significant_Damage_And_Fatalities
6498,25.1141552511416,14,43,57.6116681859617,0.393285971871619,81.89,4,34608.2943986072,1,0.0630931292208833,2410,Highly_Fatal_And_Damaging
9471,37.4429223744292,14,1,52.9170464904284,0.381385503065272,79.23,3,27182.921710058,2,0.133534621747045,4112,Minor_Damage_And_Injuries
7801,57.1689497716895,8,2,64.4940747493163,0.339553552109629,77.53,6,31387.7303250155,4,0.0081003853919763,8532,Significant_Damage_And_Serious_Injuries
616,49.1780821917808,14,15,59.9817684594348,0.341356653443924,82.66,2,28208.2593702175,2,0.381454817678839,9497,Minor_Damage_And_Injuries
2465,70.5479452054795,4,5,87.8304466727439,0.188453660295708,79.83,7,48141.3485544039,4,0.0043663249002705,4931,Significant_Damage_And_Serious_Injuries
4130,35.5251141552511,14,8,72.3792160437557,0.363715109989181,76.92,4,30163.1094343542,2,0.0556296473123615,8813,Significant_Damage_And_Serious_Injuries
4878,38.4931506849315,17,2,63.7192342752963,0.335947349441038,84.1,7,41724.5687249952,1,0.0038788687656562,9499,Minor_Damage_And_Injuries
3283,40.8219178082192,9,20,49.4530537830446,0.515536242336819,77.9,1,39565.8344826951,1,1.45971305847908,6990,Significant_Damage_And_Fatalities
7131,54.1095890410959,12,0,68.9608021877849,0.198911648034619,83.07,2,26062.3673281312,3,0.352325723733601,3460,Minor_Damage_And_Injuries
3565,27.7168949771689,13,13,77.4384685505925,0.4145625676163,88.74,4,34859.8063971959,0,0.0640529720617364,2571,Highly_Fatal_And_Damaging
6323,42.3287671232877,12,3,55.9252506836828,0.385352326000721,84.72,3,15092.1179955555,0,0.0756091709686122,4216,Minor_Damage_And_Injuries
1541,55.9360730593607,15,4,68.9608021877849,0.199632888568337,80.54,7,31719.3083634286,2,0.0027988760222812,11950,Significant_Damage_And_Fatalities
4079,50.1369863013699,13,12,69.9179580674567,0.464328164442842,76.09,2,16200.3364300591,3,0.209602822932632,8924,Minor_Damage_And_Injuries
1161,45.0228310502283,7,17,53.8742023701003,0.43619978362784,80.79,1,20241.6205619461,3,0.747757022448862,10759,Significant_Damage_And_Fatalities
9167,70.5479452054795,7,1,87.1923427529626,0.162489001081861,77.52,2,45084.6916396853,3,0.610441182645266,12409,Minor_Damage_And_Injuries
2320,18.675799086758,19,1,59.9817684594348,0.471179949513162,80.6,6,44313.057976137,2,0.0109988106068976,11380,Significant_Damage_And_Serious_Injuries
7065,49.2694063926941,10,4,70.3737465815861,0.325849981968986,84.02,4,35862.1682875726,2,0.0650123225532149,8199,Significant_Damage_And_Serious_Injuries
1771,23.013698630137,14,15,56.1987237921604,0.362633249188604,78.22,4,51330.7281929059,2,0.0966690299438388,1443,Highly_Fatal_And_Damaging
5419,22.648401826484,15,8,37.2835004557886,0.680339704291381,80.71,4,36889.7195181602,2,0.0678905095124799,4576,Significant_Damage_And_Fatalities
8073,43.4703196347032,15,7,52.3245214220602,0.46865560764515,81.89,5,35275.1736500642,1,0.0227672349062548,396,Highly_Fatal_And_Damaging
1581,38.675799086758,13,11,61.0300820419326,0.465770645510278,76.8,3,49341.2232208618,3,0.24511840979654,4230,Significant_Damage_And_Serious_Injuries
7782,41.9178082191781,12,15,53.4639927073838,0.477671114316625,80.32,2,52978.4790590023,1,0.715453968554195,7609,Minor_Damage_And_Injuries
8864,23.5616438356164,14,0,56.4721969006381,0.375976199062387,81.32,1,23825.2466613463,3,0.871529587279366,5389,Significant_Damage_And_Fatalities
9931,23.7899543378995,14,13,57.9762989972653,0.375976199062387,78.16,4,45004.0013982202,1,0.0813389577595862,7098,Highly_Fatal_And_Damaging
678,31.9634703196347,12,16,68.5961713764813,0.364436350522899,82.54,1,32279.3814069112,1,1.18372103996504,10301,Highly_Fatal_And_Damaging
7546,60.0,10,0,66.5451230628988,0.368763793725207,78.13,2,42059.5289116091,1,0.568908460170474,4864,Minor_Damage_And_Injuries
1133,5.75342465753425,20,2,75.7976298997265,0.29591849981969,79.01,3,23072.3623038096,2,0.115019368264299,6034,Highly_Fatal_And_Damaging
230,59.1780821917808,11,1,52.4156791248861,0.472261810313739,83.23,7,34165.5287762916,3,0.0033339249750162,299,Significant_Damage_And_Serious_Injuries
5184,48.9954337899543,14,3,68.1403828623519,0.21297583844212,80.06,2,25093.1260664619,2,0.339470394778478,11258,Minor_Damage_And_Injuries
5576,48.8584474885845,17,3,68.003646308113,0.452067075369635,78.47,7,24370.2265407342,2,0.0024615303137321,3531,Significant_Damage_And_Fatalities
2077,25.9817351598173,14,7,59.6171376481313,0.503996393797331,81.64,4,45760.7560852147,2,0.0827860671099331,10225,Highly_Fatal_And_Damaging
132,16.6666666666667,19,15,65.9981768459435,0.499308330328164,76.53,1,11268.2935055275,3,0.416754744346556,3799,Significant_Damage_And_Serious_Injuries
8683,30.7762557077626,12,3,76.4813126709207,0.271035701406419,76.42,4,34703.885987701,1,0.0630782291033802,610,Highly_Fatal_And_Damaging
8616,56.2557077625571,12,13,50.1823154056518,0.448460872701046,80.83,2,52978.4790590023,1,0.695172258679209,583,Highly_Fatal_And_Damaging
3647,40.8219178082192,13,1,64.3573381950775,0.30313090515687,76.04,2,28612.8695931436,2,0.387182416712817,9613,Significant_Damage_And_Serious_Injuries
7155,57.5342465753425,11,3,41.5679124886053,0.516978723404255,82.85,2,22443.8935714049,4,0.303007316955657,906,Highly_Fatal_And_Damaging
6918,19.9543378995434,15,13,92.9808568824066,0.238940497655968,79.58,4,17933.0502822011,4,0.0320057521178953,9196,Highly_Fatal_And_Damaging
5666,48.8127853881278,10,1,68.9608021877849,0.413841327082582,79.24,1,26600.5288297051,4,0.979178721893077,3407,Significant_Damage_And_Serious_Injuries
3764,44.1552511415525,12,3,79.535095715588,0.320440677966102,77.17,6,11622.0104423322,3,0.00043630082173,10169,Significant_Damage_And_Serious_Injuries
2150,36.0730593607306,14,4,61.6226071103008,0.462525063108547,78.04,5,42708.8544741583,3,0.0287891983148949,10474,Significant_Damage_And_Serious_Injuries
80,58.4474885844749,11,5,64.8131267092069,0.329095564370718,83.45,2,36844.4611648139,3,0.499167816302918,10990,Minor_Damage_And_Injuries
8581,23.6073059360731,18,7,80.4466727438469,0.350372160115398,78.3,4,24442.0329952916,3,0.0445660106164211,3848,Significant_Damage_And_Serious_Injuries
7051,40.2283105022831,13,12,67.3655423883318,0.37489433826181,83.94,7,35683.7170907573,0,0.0029492186239812,6481,Significant_Damage_And_Serious_Injuries
9755,54.6575342465753,9,1,66.362807657247,0.224876307248467,79.52,7,33599.0902717774,2,0.0029726541088444,10025,Significant_Damage_And_Serious_Injuries
6312,53.7442922374429,16,6,50.2734731084777,0.329095564370718,79.28,5,20186.4970862225,2,0.013601554746416,3974,Significant_Damage_And_Fatalities
3734,36.7579908675799,10,5,56.8824065633546,0.483080418319509,79.99,1,27752.8670889775,1,1.02676320216031,732,Significant_Damage_And_Fatalities
5015,28.4018264840183,13,29,58.4776663628077,0.434396682293545,87.0,1,39741.3462846585,3,1.46134822160589,6297,Highly_Fatal_And_Damaging
7101,59.5433789954338,7,28,56.3354603463993,0.560974395961053,80.98,6,29365.0114975677,1,0.0072916936095505,2570,Minor_Damage_And_Injuries
6407,56.8493150684931,5,4,69.4165907019143,0.463967544175982,78.46,4,30372.7583025121,2,0.055607103600453,10337,Highly_Fatal_And_Damaging
4118,31.5068493150685,16,5,58.1130355515041,0.330538045438154,79.72,6,20387.3561978739,4,0.0052558210895087,7047,Significant_Damage_And_Serious_Injuries
5685,51.3698630136986,16,2,68.6873290793072,0.404465200144248,82.25,4,23720.1789326526,3,0.0430629446815057,4455,Significant_Damage_And_Fatalities
6453,23.1050228310502,14,2,60.4831358249772,0.330538045438154,81.78,1,21202.4057836347,3,0.778303322545451,8940,Highly_Fatal_And_Damaging
643,22.7397260273973,15,8,55.6973564266181,0.260938333934367,83.85,4,20973.1227344913,2,0.0389899651600754,6964,Significant_Damage_And_Fatalities
5394,18.8127853881278,23,2,60.1640838650866,0.639589614136314,80.13,3,24998.0502221417,3,0.124631110425203,11517,Minor_Damage_And_Injuries
6919,40.7305936073059,9,1,75.7064721969006,0.325849981968986,79.51,4,36315.7270103316,4,0.0659522021298071,10641,Highly_Fatal_And_Damaging
8163,38.7214611872146,14,9,73.1540565177758,0.317916336098088,78.54,3,40147.9702892872,2,0.200329336130819,4470,Significant_Damage_And_Serious_Injuries
6461,32.5570776255708,15,1,56.1987237921604,0.453509556437072,81.93,2,36109.0128717011,4,0.489011562768232,8050,Minor_Damage_And_Injuries
6464,98.4018264840183,3,26,55.0592525068368,0.475868012982329,79.26,7,29830.8511379732,2,0.0026275933121641,5270,Significant_Damage_And_Serious_Injuries
1298,65.7534246575342,5,7,60.4375569735643,0.306376487558601,79.26,5,53831.7385266991,1,0.0339477574962329,10031,Highly_Fatal_And_Damaging
9840,42.9680365296804,15,25,59.4804010938925,0.294836639019113,78.97,2,20692.5240026338,2,0.281712764529658,12215,Minor_Damage_And_Injuries
7844,61.0502283105023,10,3,52.1877848678213,0.460361341507393,77.36,2,40813.3057574463,1,0.551419592392081,3230,Highly_Fatal_And_Damaging
5517,54.5205479452055,8,0,60.0273473108478,0.444133429498738,83.84,6,23360.58611145,2,0.0053890747903369,12334,Significant_Damage_And_Serious_Injuries
6412,62.1004566210046,6,1,63.126709206928,0.551958889289578,78.28,2,34473.7994438458,1,0.466552141197506,4649,Significant_Damage_And_Serious_Injuries
1273,26.4840182648402,17,9,86.9644484958979,0.346405337179949,76.66,4,10813.8493443795,3,0.0072733127833943,11113,Significant_Damage_And_Serious_Injuries
9220,27.7168949771689,13,54,64.9498632634458,0.485604760187523,81.39,1,31556.3872802864,1,1.16365904523149,12194,Highly_Fatal_And_Damaging
6103,50.2283105022831,10,5,49.2707383773929,0.384991705733862,81.43,7,43968.5942589294,1,0.0038460374795458,5148,Minor_Damage_And_Injuries
6100,36.3013698630137,18,1,74.7493163172288,0.389679769203029,81.15,4,37047.5511597612,3,0.0672971342373965,10234,Minor_Damage_And_Injuries
5788,48.8584474885845,14,1,69.9179580674567,0.317195095564371,76.87,2,39202.4925208187,2,0.52920717852564,10254,Minor_Damage_And_Injuries
420,80.958904109589,8,4,50.3190519598906,0.35686332491886,87.08,7,32253.3806018104,2,0.003249481730425,10703,Significant_Damage_And_Fatalities
9502,54.5205479452055,8,0,57.4293527803099,0.466491886043996,80.47,3,44882.6151076864,3,0.223615476753343,8417,Significant_Damage_And_Serious_Injuries
3208,63.6986301369863,6,0,58.8422971741112,0.492456545257843,79.39,2,26033.5453776392,2,0.352167585370447,7999,Significant_Damage_And_Serious_Injuries
6473,53.7899543378995,9,3,80.0820419325433,0.289427335016228,81.61,4,28024.9763079592,3,0.0519373150685612,5728,Highly_Fatal_And_Damaging
4524,25.296803652968,14,0,48.0856882406563,0.429347998557519,80.59,2,27506.8489311607,3,0.372264719104535,569,Significant_Damage_And_Fatalities
4455,10.8675799086758,18,2,31.5405651777575,0.683945906959971,81.14,1,42207.8989235388,1,1.57560922196678,7466,Significant_Damage_And_Fatalities
6287,22.2831050228311,18,3,68.7784867821331,0.412038225748287,78.33,1,28746.8446050309,2,1.06012201014621,4636,Significant_Damage_And_Serious_Injuries
8447,48.2648401826484,7,1,76.7547857793984,0.401940858276235,75.88,4,31282.0377767493,2,0.0568549273049757,412,Highly_Fatal_And_Damaging
8057,22.2831050228311,18,10,66.0437556973564,0.254447169130905,76.21,6,26271.8716314514,2,0.006916603702244,7362,Significant_Damage_And_Serious_Injuries
9873,43.6529680365297,12,10,77.8030993618961,0.311064551027768,78.53,7,43717.2844019346,2,0.003832139652175,3209,Significant_Damage_And_Serious_Injuries
8892,20.0913242009132,15,5,65.8158614402917,0.247595384060584,80.22,1,23183.5787772982,1,0.848784775083053,3963,Highly_Fatal_And_Damaging
9439,35.9360730593607,11,10,61.4402917046491,0.370566895059502,77.16,2,30232.1460175973,2,0.411158531593447,10649,Highly_Fatal_And_Damaging
3792,18.1735159817352,16,3,62.8988149498633,0.369485034258925,77.65,7,25175.0086940981,1,0.0024837755547159,10018,Highly_Fatal_And_Damaging
4515,75.5707762557078,9,6,62.0328167730173,0.342799134511359,79.43,7,30951.0633871869,2,0.0025997866530983,8650,Significant_Damage_And_Fatalities
2047,51.1872146118721,10,1,37.8304466727438,0.54041904075009,76.92,5,31051.2779663587,2,0.0208654093668965,4004,Minor_Damage_And_Injuries
7571,55.8904109589041,12,3,61.6681859617138,0.316834475297511,85.98,2,48197.220754101,0,0.655799278013633,10416,Minor_Damage_And_Injuries
913,27.1689497716895,13,1,72.0145852324522,0.390040389469888,76.35,1,34544.1444583375,1,1.27339444569845,10937,Highly_Fatal_And_Damaging
9189,42.8767123287671,12,14,68.9608021877849,0.192059862964299,77.27,3,20871.6060187312,2,0.104480971331577,1131,Significant_Damage_And_Serious_Injuries
8561,64.6118721461187,9,18,73.6554238833182,0.473704291381176,78.52,5,37477.5074617678,2,0.0245984678638604,6173,Minor_Damage_And_Injuries
59,24.5662100456621,18,6,59.6171376481313,0.273560043274432,78.16,4,31278.3864504925,2,0.057671471877196,87,Significant_Damage_And_Serious_Injuries
4499,41.6438356164383,16,1,56.9735642661805,0.786362062747926,78.99,2,14836.3056854253,2,0.178843572386274,6253,Highly_Fatal_And_Damaging
4224,31.7351598173516,23,17,70.0091157702826,0.198190407500902,80.54,7,47182.8146074081,2,0.0038788687656562,4017,Significant_Damage_And_Fatalities
7625,32.3744292237443,15,22,76.0711030082042,0.27788748647674,78.54,3,42485.506454896,2,0.210513625790142,5552,Significant_Damage_And_Serious_Injuries
3472,41.9178082191781,13,8,54.9680948040109,0.362633249188604,81.17,3,32346.154299063,2,0.159940823845838,5304,Minor_Damage_And_Injuries
5302,31.8721461187215,15,7,69.1431175934367,0.336307969707898,76.48,4,27780.2101903398,1,0.0505054542970095,8982,Significant_Damage_And_Serious_Injuries
7508,41.7351598173516,16,1,54.7402005469462,0.503275153263613,77.25,3,32613.9337890191,3,0.162108139005818,11072,Highly_Fatal_And_Damaging
4348,65.9817351598173,9,15,65.2233363719235,0.254807789397764,77.64,2,26020.7634174777,1,0.352349972573073,6087,Minor_Damage_And_Injuries
3007,20.1826484018265,15,0,56.1531449407475,0.375976199062387,77.13,4,31533.3961527062,2,0.0574972647652242,3910,Significant_Damage_And_Fatalities
3310,79.1780821917808,8,30,54.0565177757521,0.43619978362784,85.02,7,30637.0708362277,4,0.00285292274889,7941,Significant_Damage_And_Serious_Injuries
8008,58.0821917808219,15,2,62.3518687329079,0.402662098809953,79.83,3,22470.3747333267,2,0.112551766589855,7444,Significant_Damage_And_Fatalities
7749,17.0776255707763,16,0,74.1567912488605,0.284739271547061,79.27,4,41573.9651981208,2,0.0765664060964708,10865,Highly_Fatal_And_Damaging
2661,30.4109589041096,12,1,94.0747493163172,0.229203750450775,78.79,1,43939.2494142495,0,1.59744114351771,7873,Highly_Fatal_And_Damaging
2898,28.9041095890411,13,8,52.7803099361896,0.280411828344753,78.98,1,29232.8218621799,2,1.09257988690076,7295,Highly_Fatal_And_Damaging
531,61.4155251141552,10,9,85.5970829535096,0.306737107825459,81.53,2,26993.9576251546,4,0.364463009539701,6590,Minor_Damage_And_Injuries
112,42.8767123287671,12,14,68.9608021877849,0.254447169130905,77.23,4,13938.9510270363,3,0.0255570135508452,1796,Significant_Damage_And_Serious_Injuries
285,24.337899543379,14,12,41.0665451230629,0.687191489361702,78.88,3,44977.6137603199,3,0.223008337378143,8539,Highly_Fatal_And_Damaging
2863,61.2328767123288,10,1,52.1877848678213,0.404825820411107,75.98,7,33573.2699399035,3,0.0033047001729781,5486,Significant_Damage_And_Serious_Injuries
9996,40.365296803653,10,7,62.1695533272562,0.42177497295348,79.77,4,40846.9168997547,2,0.0748983296849029,305,Highly_Fatal_And_Damaging
1283,38.7671232876712,13,8,64.6763901549681,0.388237288135593,76.4,3,12474.3600009115,2,0.0578625828464421,10541,Significant_Damage_And_Serious_Injuries
1840,63.4246575342466,6,0,33.6827711941659,0.4145625676163,75.98,2,49762.7970613739,4,0.67013217659738,11634,Minor_Damage_And_Injuries
1846,36.7579908675799,10,1,52.5979945305378,0.392564731337901,82.56,4,42176.9222862854,3,0.0774424735192348,10209,Significant_Damage_And_Fatalities
8866,48.675799086758,7,2,58.97903372835,0.438724125495853,78.09,2,47090.2569775878,2,0.637457086688145,11788,Highly_Fatal_And_Damaging
9259,42.0547945205479,16,1,64.4940747493163,0.274641904075009,77.33,1,32628.1197310149,4,1.21296402356341,2399,Minor_Damage_And_Injuries
551,58.4474885844749,11,5,84.0018231540565,0.488850342589253,75.58,3,36323.6029675182,1,0.18124998691243,11107,Minor_Damage_And_Injuries