,Safety_Score,Days_Since_Inspection,Total_Safety_Complaints,Control_Metric,Turbulence_In_gforces,Cabin_Temperature,Accident_Type_Code,Max_Elevation,Violations,Adverse_Weather_Metric,Accident_ID,Severity
8567,69.9086757990868,4,4,58.20419325433,0.311064551027768,80.71,2,20292.7058221986,1,0.27379814127354,9226,Significant_Damage_And_Serious_Injuries
9658,39.041095890411,10,1,62.8076572470374,0.392204111071042,83.27,2,23317.6699020617,2,0.315570346061336,6493,Highly_Fatal_And_Damaging
2675,59.9543378995434,10,1,64.8131267092069,0.175471330688784,77.31,2,40754.7183275228,2,0.551040805007,9693,Minor_Damage_And_Injuries
6118,48.9041095890411,14,17,72.926162260711,0.391482870537324,75.29,2,25016.3637851441,0,0.337996374568915,6951,Minor_Damage_And_Injuries
7703,46.4383561643836,15,6,69.9179580674567,0.324046880634692,77.89,2,19100.8703857173,2,0.256113629626921,8063,Minor_Damage_And_Injuries
4156,56.5296803652968,12,0,39.8359161349134,0.48632600072124,77.25,2,49762.7970613739,1,0.674011436218172,6465,Highly_Fatal_And_Damaging
2470,27.8995433789954,17,1,57.2926162260711,0.466131265777136,80.35,7,30323.3417977417,4,0.0027761853795938,9058,Significant_Damage_And_Serious_Injuries
9672,42.4200913242009,12,2,56.4721969006381,0.276805625676163,79.28,3,37375.2237227186,2,0.186318355278325,3542,Minor_Damage_And_Injuries
4940,40.7762557077626,9,1,72.105742935278,0.42177497295348,78.56,1,48659.2600483197,2,1.79007413943917,2418,Highly_Fatal_And_Damaging
650,30.0,19,2,56.8368277119417,0.551958889289578,82.38,3,24371.5142179798,1,0.122543644144534,9444,Highly_Fatal_And_Damaging
5023,56.7123287671233,15,2,74.0200546946217,0.185208077893978,79.7,7,24205.2243326284,2,0.0023282998207378,9153,Significant_Damage_And_Fatalities
3968,20.4566210045662,15,26,58.4320875113947,0.467573746844573,77.48,4,25242.7895510956,1,0.0453050042984426,11089,Highly_Fatal_And_Damaging
6135,13.9269406392694,21,7,77.073837739289,0.32116191849982,81.31,6,31750.404675562,1,0.0081280799171015,5778,Significant_Damage_And_Serious_Injuries
5426,45.296803652968,11,1,63.4457611668186,0.332701767039307,80.77,6,27665.2998400449,0,0.0069957046787482,12295,Significant_Damage_And_Serious_Injuries
2888,52.648401826484,6,4,60.4375569735643,0.306376487558601,84.41,6,28379.6637179817,3,0.0074307343167388,3481,Highly_Fatal_And_Damaging
7548,46.6666666666667,18,0,57.7484047402006,0.303852145690588,80.96,4,45969.4526879013,3,0.0847856393439959,10097,Significant_Damage_And_Fatalities
5777,43.7899543378995,8,6,85.7793983591614,0.199632888568337,80.76,5,41205.6890305526,2,0.0279580962570193,2478,Highly_Fatal_And_Damaging
3154,57.7168949771689,11,0,77.073837739289,0.240022358456545,81.53,1,25956.9935017014,1,0.956487162536968,11127,Minor_Damage_And_Injuries
417,13.8812785388128,17,13,70.1458523245214,0.416365668950595,78.47,4,29273.781013177,1,0.05298780403596,9875,Highly_Fatal_And_Damaging
263,53.4246575342466,9,1,51.5952597994531,0.639950234403173,78.76,3,44244.6291824378,2,0.220516919366995,78,Minor_Damage_And_Injuries
5243,35.5251141552511,18,8,67.6845943482224,0.255529029931482,78.18,1,28202.759653544,2,1.04371906696974,10437,Minor_Damage_And_Injuries
3519,23.7899543378995,14,13,65.9981768459435,0.236776776054814,84.51,3,29492.566397426,3,0.1464108501454,6687,Highly_Fatal_And_Damaging
2268,34.8401826484018,14,0,72.5615314494075,0.345323476379372,89.43,6,29078.8571072623,1,0.0072412476741453,11792,Significant_Damage_And_Serious_Injuries
1097,70.0,8,1,55.6973564266181,0.320440677966102,82.04,2,37014.2169525702,2,0.50266644592326,5627,Highly_Fatal_And_Damaging
1100,28.5844748858447,20,8,63.9015496809481,0.379582401730977,77.75,7,19640.4856046326,0,0.0017317806329348,4188,Minor_Damage_And_Injuries
8475,46.027397260274,15,13,74.0200546946217,0.474786152181753,79.22,5,31904.3936315135,3,0.0216865530062197,11505,Minor_Damage_And_Injuries
9378,82.8310502283105,3,2,71.3764813126709,0.302409664623152,79.84,7,33311.1730562469,2,0.0030117400096788,6905,Highly_Fatal_And_Damaging
995,42.0547945205479,16,0,64.4940747493163,0.302409664623152,79.3,2,30269.9710133246,2,0.412117131132194,1538,Minor_Damage_And_Injuries
2215,44.2009132420091,8,6,85.7793983591614,0.174750090155067,79.87,3,41205.6890305526,4,0.205151045690906,1902,Highly_Fatal_And_Damaging
4507,44.7488584474886,11,7,68.915223336372,0.413841327082582,76.13,4,29545.4263401468,2,0.0529759992897854,11162,Significant_Damage_And_Serious_Injuries
3577,29.2694063926941,13,4,74.3391066545123,0.215500180310133,86.57,4,28432.1696978827,1,0.0522542716629988,1277,Highly_Fatal_And_Damaging
8983,58.4474885844749,11,8,81.5405651777575,0.392204111071042,79.36,5,32746.1554861564,2,0.0221611608546171,11355,Minor_Damage_And_Injuries
6632,30.9132420091324,12,16,63.7192342752963,0.290509195816805,86.48,1,27823.0505835169,2,1.02097092355983,4731,Highly_Fatal_And_Damaging
1361,8.0365296803653,19,12,68.4594348222425,0.198911648034619,80.74,6,24534.8445012301,2,0.0060888039470835,496,Highly_Fatal_And_Damaging
9692,59.4063926940639,11,32,78.5323609845032,0.2061240533718,77.95,2,16008.6132698744,5,0.209716720905563,6992,Minor_Damage_And_Injuries
7263,40.3196347031963,13,13,61.6681859617138,0.490292823656689,78.22,3,50314.7204576381,2,0.251509930289586,2524,Significant_Damage_And_Serious_Injuries
8948,55.4337899543379,16,1,76.8915223336372,0.284378651280202,83.58,4,21532.3463857748,3,0.039655280345073,7447,Significant_Damage_And_Fatalities
293,19.4520547945205,19,1,59.9817684594348,0.518421204471691,80.19,4,31168.9323784204,1,0.0574136583741536,10690,Significant_Damage_And_Serious_Injuries
6644,45.4794520547945,11,0,56.9279854147676,0.409153263613415,79.29,6,41643.7682906453,2,0.0100247500426134,8958,Minor_Damage_And_Injuries
8351,23.8812785388128,18,8,58.4320875113947,0.282214929679048,76.77,6,38605.1262744008,0,0.0093078132694524,9598,Significant_Damage_And_Serious_Injuries
1364,50.7762557077626,13,6,72.0145852324522,0.225958168049044,80.98,5,26069.3550793519,3,0.0163890504418398,4460,Minor_Damage_And_Injuries
601,66.986301369863,12,5,68.3682771194166,0.397974035340786,78.74,7,28891.4980176386,2,0.0027761853795938,3844,Significant_Damage_And_Fatalities
2132,15.4337899543379,17,3,67.5022789425707,0.505078254597908,85.07,1,27361.8000012909,2,1.00658436939197,8300,Highly_Fatal_And_Damaging
5834,31.3698630136986,12,9,51.2762078395624,0.422856833754057,77.96,2,17182.4727749403,1,0.234381066415303,4691,Significant_Damage_And_Fatalities
3750,43.6529680365297,8,1,68.3682771194166,0.277526866209881,79.94,4,34302.7258502924,1,0.0629806082659153,5192,Highly_Fatal_And_Damaging
8741,50.2739726027397,13,0,62.9443938012762,0.321522538766679,78.72,2,30580.7516297544,1,0.416258197098539,104,Minor_Damage_And_Injuries
8486,18.310502283105,16,1,76.6180492251596,0.299164082221421,82.66,4,28852.4655752009,3,0.0540647100858169,9421,Highly_Fatal_And_Damaging
2647,15.296803652968,17,0,49.9544211485871,0.397252794807068,79.81,7,48416.0267229689,3,0.0044042937342093,11300,Significant_Damage_And_Fatalities
8249,38.5844748858447,13,6,72.0145852324522,0.33161990623873,81.86,6,22544.9814568305,2,0.0056033729569485,9299,Significant_Damage_And_Serious_Injuries
5108,51.5525114155251,13,11,77.5296262534184,0.298082221420844,77.22,5,37388.6897063868,2,0.0245030952312339,9878,Minor_Damage_And_Injuries
4772,27.6712328767123,13,29,55.6517775752051,0.538255319148936,82.53,1,31571.3496204891,2,1.15647808158358,556,Significant_Damage_And_Fatalities
4510,72.0091324200913,9,7,46.6271649954421,0.483801658853228,81.12,5,8981.31545951776,1,0.008688779793649,859,Significant_Damage_And_Serious_Injuries
9562,37.3059360730594,14,11,71.7866909753874,0.355420843851424,79.86,6,31993.458888341,2,0.0077369588674563,8969,Significant_Damage_And_Serious_Injuries
2055,47.5342465753425,17,22,55.6517775752051,0.568186801298233,76.13,7,28245.641261576,2,0.0027534950029535,9207,Significant_Damage_And_Serious_Injuries
5254,9.68036529680365,18,2,71.4220601640839,0.290148575549946,79.07,3,21536.2194666649,0,0.107983120434988,6340,Highly_Fatal_And_Damaging
5632,36.5753424657534,14,10,62.9443938012762,0.380664262531554,80.49,3,31461.1256384743,1,0.157172393214529,9745,Significant_Damage_And_Serious_Injuries
8408,52.9680365296804,9,3,45.3965360072927,0.478392354850342,78.61,6,23588.1187979774,2,0.0064098498207914,3202,Minor_Damage_And_Injuries
2387,49.5890410958904,10,12,66.1349134001823,0.362633249188604,82.52,3,29542.2935498954,1,0.147269092453377,8647,Significant_Damage_And_Serious_Injuries
8551,34.6118721461187,11,11,73.1996353691887,0.268511359538406,76.74,5,38733.2954698762,4,0.0261850035893522,5828,Highly_Fatal_And_Damaging
8843,63.2876712328767,10,13,40.5195989061076,0.459279480706816,81.62,2,26064.9318938155,2,0.352422365698257,3664,Highly_Fatal_And_Damaging
7102,40.5936073059361,13,1,76.7547857793984,0.242907320591417,81.52,3,26632.0129708879,4,0.132638956145098,3323,Significant_Damage_And_Serious_Injuries
9941,58.4018264840183,11,2,66.8641750227894,0.263823296069239,81.99,2,38719.6875106846,1,0.521370136841834,8898,Minor_Damage_And_Injuries
4819,36.3013698630137,14,3,62.6253418413856,0.325128741435269,81.78,3,45341.2787914712,2,0.22568423147531,7074,Significant_Damage_And_Serious_Injuries
7722,40.6392694063927,16,1,53.6918869644485,0.474425531914894,77.25,1,10587.3525848917,2,0.414537351776925,7914,Highly_Fatal_And_Damaging
8817,22.9223744292237,14,3,50.2278942570647,0.362272628921745,79.31,3,31908.0400117333,2,0.158556470241347,6640,Highly_Fatal_And_Damaging
550,12.648401826484,21,4,67.0009115770283,0.504717634331049,79.69,4,39215.0592883377,2,0.0714750024770554,8225,Significant_Damage_And_Serious_Injuries
8291,34.2465753424658,18,4,48.4958979033728,0.692240173097728,83.57,7,21741.0794070774,2,0.0020181531177699,8895,Highly_Fatal_And_Damaging
4411,63.6529680365297,10,11,54.0565177757521,0.528518571943743,78.86,2,42365.0610556393,0,0.576201428940559,1291,Highly_Fatal_And_Damaging
7824,38.0821917808219,17,0,54.3755697356427,0.599560764514966,81.42,3,42065.3824301481,3,0.209889349040736,11219,Highly_Fatal_And_Damaging
8096,38.0365296803653,13,2,55.9708295350957,0.585496574107465,83.08,4,28454.4613989612,2,0.0520195059207914,9426,Minor_Damage_And_Injuries
3715,18.1735159817352,16,1,74.2479489516864,0.222351965380454,76.78,2,30384.1142456733,2,0.409147604414216,5410,Highly_Fatal_And_Damaging
3907,0.913242009132421,21,1,54.6490428441203,0.333423007573026,85.22,3,43590.4452092247,2,0.217024047581729,9794,Highly_Fatal_And_Damaging
4481,53.013698630137,6,1,59.024612579763,0.438002884962135,76.37,7,45864.1780423704,3,0.0039571065728607,9434,Highly_Fatal_And_Damaging
6181,20.1826484018265,15,0,53.9197812215132,0.469376848178867,77.63,4,36624.2796276571,1,0.0674726358380376,12153,Significant_Damage_And_Fatalities
9409,25.296803652968,14,8,47.2652689152234,0.429347998557519,78.69,2,27933.3453552046,3,0.378611274088549,7225,Significant_Damage_And_Fatalities
1142,32.5570776255708,12,0,48.313582497721,0.673127298954201,83.58,4,37386.7912712908,1,0.0685286480879056,1262,Significant_Damage_And_Fatalities
119,27.3059360730594,13,13,84.8678213309025,0.263823296069239,80.27,2,29399.9062826069,2,0.399359325657671,5453,Highly_Fatal_And_Damaging
7258,47.8995433789954,14,8,64.1294439380128,0.45387017670393,81.75,2,32713.7866990746,1,0.442732958866139,6886,Minor_Damage_And_Injuries
4587,23.4703196347032,14,0,46.0346399270738,0.610739992787594,82.72,3,38476.5659567678,2,0.189891852323305,1068,Significant_Damage_And_Fatalities
8062,62.0091324200913,6,19,56.7000911577028,0.672406058420483,77.55,5,34371.8627634336,3,0.0235713550866848,1106,Minor_Damage_And_Injuries
1973,45.7534246575342,11,24,72.2880583409298,0.362633249188604,86.4,6,36313.3505407666,2,0.0084176420149915,9937,Significant_Damage_And_Serious_Injuries
4485,78.2191780821918,9,0,51.0027347310848,0.538976559682654,82.64,7,33673.5787819803,4,0.0030117400096788,7601,Significant_Damage_And_Serious_Injuries
1380,36.3926940639269,14,11,71.4220601640839,0.392564731337901,79.2,6,34804.2208097873,2,0.0085521564237038,4285,Significant_Damage_And_Serious_Injuries
1981,44.0182648401826,8,3,71.8778486782133,0.258413992066354,79.51,4,40360.2154058748,1,0.0736509209184376,4213,Highly_Fatal_And_Damaging
4793,76.6666666666667,10,10,56.9735642661805,0.448460872701046,84.09,7,40277.3094684945,3,0.0036068347679468,9614,Significant_Damage_And_Serious_Injuries
2452,46.6666666666667,14,4,54.922515952598,0.317555715831229,79.75,3,30190.7653146865,2,0.151493600815679,8126,Highly_Fatal_And_Damaging
9641,36.8493150684931,14,13,72.3792160437557,0.493899026325279,83.75,1,32896.9593523965,5,1.20364148403587,5073,Significant_Damage_And_Serious_Injuries
6347,21.4611872146119,15,9,61.5314494074749,0.38571294626758,86.43,1,29033.2942473191,3,1.06520768095319,9149,Highly_Fatal_And_Damaging
796,36.4840182648402,14,2,73.1084776663628,0.340274792643346,78.86,3,36459.196013164,2,0.181365645853865,585,Significant_Damage_And_Serious_Injuries
4008,55.662100456621,12,2,80.8568824065634,0.219467003245582,81.04,2,47106.1353795642,1,0.637636244705519,872,Minor_Damage_And_Injuries
3986,48.310502283105,10,4,57.5205104831358,0.526354850342589,79.21,6,32656.9970926707,2,0.0078444446572186,5704,Significant_Damage_And_Serious_Injuries
3044,40.7305936073059,16,7,55.8796718322698,0.317555715831229,79.73,2,41817.9806038586,2,0.568255920408837,7760,Highly_Fatal_And_Damaging
4894,60.4109589041096,14,0,76.2989972652689,0.266347637937252,83.15,7,34239.8497938214,2,0.0029492186239812,3106,Significant_Damage_And_Fatalities
3862,44.5662100456621,15,0,80.8568824065634,0.358305805986296,79.54,4,37935.8016532287,3,0.069603155796592,62,Minor_Damage_And_Injuries
27,24.337899543379,14,0,70.7839562443026,0.267790119004688,76.75,4,26538.322262979,1,0.0486259930836168,2237,Highly_Fatal_And_Damaging
582,24.1552511415525,14,3,55.5150410209663,0.334865488640461,81.06,2,27702.6663148683,3,0.375099955863509,7652,Significant_Damage_And_Fatalities
7530,65.8904109589041,9,2,45.897903372835,0.657981247746123,78.27,7,26531.1770939678,2,0.0024324399813657,175,Significant_Damage_And_Serious_Injuries
2311,39.7260273972603,10,0,72.151321786691,0.2061240533718,79.25,4,22172.7226577113,2,0.0404193589227867,11863,Highly_Fatal_And_Damaging
3530,52.5114155251141,9,14,54.7402005469462,0.43619978362784,77.08,3,20375.8154327724,1,0.101597940187577,8227,Minor_Damage_And_Injuries
653,41.9634703196347,12,2,56.8824065633546,0.473704291381176,79.79,6,32656.9970926707,0,0.0080168579698902,5575,Minor_Damage_And_Injuries
2519,29.634703196347,16,13,59.024612579763,0.284739271547061,78.97,6,28509.7596822488,3,0.0072220594099722,4595,Significant_Damage_And_Serious_Injuries
8697,47.0319634703196,14,17,69.4165907019143,0.440887847097007,79.36,2,18466.4302483408,2,0.25092515054237,3583,Minor_Damage_And_Injuries
46,42.1004566210046,12,8,49.8632634457612,0.354338983050847,79.12,3,52513.9126928886,4,0.256579480296917,4540,Minor_Damage_And_Injuries
2892,36.5753424657534,14,5,57.8851412944394,0.350372160115398,83.92,3,38660.0959485539,1,0.192253394616584,10357,Significant_Damage_And_Serious_Injuries
5790,18.310502283105,16,8,70.4193254329991,0.296639740353408,78.04,4,38935.4545879021,2,0.0717190222705393,264,Highly_Fatal_And_Damaging
4173,35.296803652968,14,2,64.9954421148587,0.50796321673278,80.9,3,25272.1248912302,0,0.125490502216026,5009,Significant_Damage_And_Serious_Injuries
8679,34.4748858447488,11,0,89.6080218778487,0.259135232600072,74.86,2,18890.3647373847,3,0.264253743919955,10143,Highly_Fatal_And_Damaging
5981,26.62100456621,17,3,78.7602552415679,0.304573386224305,78.11,3,49086.3279837267,3,0.243487495822933,11840,Significant_Damage_And_Serious_Injuries
3999,52.2374429223744,9,14,78.0765724703738,0.179438153624233,78.56,1,9759.36233674942,3,0.416754744346556,6244,Highly_Fatal_And_Damaging
2481,53.0593607305936,12,1,40.8386508659982,0.538615939415795,78.4,5,38537.3634081449,0,0.0270927366444278,1937,Highly_Fatal_And_Damaging
8667,46.4383561643836,11,0,50.7748404740201,0.500390191128741,77.95,2,29784.2743594728,3,0.401309819318027,6621,Minor_Damage_And_Injuries
4564,13.7899543378995,17,3,76.3445761166819,0.29591849981969,76.61,4,30384.1142456733,1,0.0557082103084701,8595,Highly_Fatal_And_Damaging
588,34.0639269406393,15,18,61.1668185961714,0.441969707897583,79.79,7,31317.0921055837,1,0.0025633107522683,4269,Significant_Damage_And_Serious_Injuries
4912,39.4520547945205,13,3,78.1677301731996,0.312146411828345,76.77,6,21554.55213466,2,0.0057572915976509,11677,Significant_Damage_And_Serious_Injuries
7889,43.4703196347032,15,0,77.1649954421149,0.23461305445366,83.51,2,39679.1148162806,3,0.537889903702334,2911,Minor_Damage_And_Injuries
9690,21.3698630136986,15,1,65.587967183227,0.260577713667508,83.85,2,38399.455104896,3,0.518441261968944,757,Highly_Fatal_And_Damaging
6991,34.4748858447488,11,8,77.9398359161349,0.245792282726289,79.85,4,33492.6098878444,2,0.0609647807572276,12146,Highly_Fatal_And_Damaging
6419,68.1278538812785,8,1,53.2360984503191,0.457476379372521,83.58,2,20482.4787022466,1,0.273440189207303,12272,Highly_Fatal_And_Damaging
8617,33.6986301369863,15,1,67.6845943482224,0.260217093400649,78.16,3,26636.768566061,1,0.131904150863195,3666,Significant_Damage_And_Serious_Injuries
3233,4.29223744292237,21,0,73.1084776663628,0.26706887847097,84.78,1,24287.3133510699,0,0.894482923105375,1501,Highly_Fatal_And_Damaging
6349,46.2557077625571,8,1,71.4220601640839,0.324046880634692,81.32,4,29978.3820723515,1,0.055119247113463,2870,Highly_Fatal_And_Damaging
6224,37.3059360730594,14,7,62.1239744758432,0.232088712585647,81.82,6,27255.6195552223,1,0.0066034228367188,7211,Significant_Damage_And_Serious_Injuries
6438,26.4383561643836,17,13,57.5205104831358,0.496423368193292,82.34,3,19391.6963047019,2,0.0941747741034185,11066,Significant_Damage_And_Serious_Injuries
57,38.8127853881278,13,18,64.0382862351869,0.467213126577713,82.06,6,30858.5431373534,4,0.0080249482559319,3697,Significant_Damage_And_Serious_Injuries
6325,33.7899543378995,15,5,54.876937101185,0.365518211323476,77.27,4,28716.2754578791,1,0.0535933280335573,9179,Minor_Damage_And_Injuries
7621,76.6666666666667,10,1,51.3673655423883,0.640310854670032,81.08,7,36885.6979512017,3,0.0034526513904591,4303,Significant_Damage_And_Serious_Injuries
8273,6.34703196347032,19,7,78.4867821330902,0.342438514244501,79.19,4,37616.4149312029,1,0.0680573980642769,5151,Highly_Fatal_And_Damaging
7818,45.296803652968,15,3,73.6098450319052,0.405907681211684,81.56,2,29261.0780689291,3,0.396376041983957,1416,Minor_Damage_And_Injuries
2153,54.0182648401826,12,3,56.7912488605287,0.469376848178867,83.31,2,20482.4787022466,1,0.277200205655643,5120,Highly_Fatal_And_Damaging
3955,36.0730593607306,18,2,76.6180492251596,0.346405337179949,78.83,1,17085.5195189085,2,0.664870453860243,3819,Minor_Damage_And_Injuries
1868,26.7123287671233,17,8,61.4402917046491,0.381024882798413,79.67,6,26227.6377360108,4,0.0068338505529855,2037,Significant_Damage_And_Serious_Injuries
7279,41.689497716895,16,6,73.9288969917958,0.334865488640461,81.03,1,37384.6815719843,3,1.37759041351401,9198,Minor_Damage_And_Injuries
2345,72.3744292237443,9,1,37.2835004557886,0.602806346916697,79.6,7,29656.9767538356,1,0.002595273408825,10184,Significant_Damage_And_Serious_Injuries
6513,58.0365296803653,14,3,66.7274384685506,0.192781103498016,81.96,7,25419.8015193351,2,0.0020993428916687,9974,Significant_Damage_And_Fatalities
2158,51.7351598173516,10,1,40.1093892433911,0.509766318067075,79.35,2,49762.7970613739,3,0.675069585310998,1763,Minor_Damage_And_Injuries
5919,34.1095890410959,15,1,72.5159525979946,0.3785005409304,80.98,5,34176.1227163592,2,0.0233574044157187,8155,Significant_Damage_And_Serious_Injuries
9436,48.3561643835616,11,10,45.8523245214221,0.456033898305084,84.52,3,27222.8941270034,1,0.133099569852491,7747,Minor_Damage_And_Injuries
8185,24.8858447488584,17,0,51.9143117593437,0.507241976199062,77.95,4,39522.7931084241,3,0.0732355607136367,2473,Minor_Damage_And_Injuries
2325,41.9178082191781,12,4,51.2762078395624,0.510848178867652,77.67,3,27780.3160869946,2,0.137228468937994,4814,Minor_Damage_And_Injuries
539,34.4748858447488,15,2,68.7784867821331,0.276084385142445,75.01,3,38277.0201603213,1,0.190936989659089,3159,Significant_Damage_And_Serious_Injuries
5941,32.648401826484,15,0,86.2351868732908,0.309622069960331,81.32,5,39651.766046119,4,0.0267894186959753,11558,Significant_Damage_And_Serious_Injuries
104,31.5981735159817,15,2,61.5770282588879,0.349290299314821,83.19,1,23728.3517080817,2,0.870409654339999,8956,Significant_Damage_And_Serious_Injuries
7363,28.310502283105,13,6,64.4029170464904,0.444133429498738,80.37,4,17869.2712881728,2,0.0320805077660302,3500,Highly_Fatal_And_Damaging
1937,30.7305936073059,12,3,67.5934366453965,0.255168409664623,81.7,1,36027.6632015151,3,1.3253909471456,3922,Highly_Fatal_And_Damaging
1069,41.2785388127854,13,17,72.0145852324522,0.205042192571222,77.89,6,38773.038880988,1,0.0095978405594745,5602,Significant_Damage_And_Serious_Injuries
7049,63.3333333333333,6,7,45.4876937101185,0.520945546339704,76.37,3,29313.4328343492,3,0.144959688386902,5267,Minor_Damage_And_Injuries
3901,62.0091324200913,10,1,66.4995442114859,0.40013775694194,78.49,2,42059.5289116091,0,0.572514343273642,10090,Minor_Damage_And_Injuries
9802,52.9223744292237,12,8,60.0273473108478,0.448100252434187,79.42,2,17506.1009664625,1,0.238677717027038,11712,Minor_Damage_And_Injuries
2287,51.8264840182648,13,5,55.8340929808569,0.503635773530472,81.42,2,41874.6636548015,4,0.567201132594691,5591,Highly_Fatal_And_Damaging
17,38.7671232876712,10,4,37.8304466727438,0.600282005048683,80.82,4,35910.2004117809,1,0.0665145741903083,2064,Significant_Damage_And_Fatalities
7345,54.1095890410959,12,1,73.0173199635369,0.246874143526866,81.61,2,42287.0553410699,1,0.571030413951605,8113,Minor_Damage_And_Injuries
3675,35.1141552511415,11,14,51.2762078395624,0.280411828344753,76.35,1,37726.6341340949,2,1.3895795978569,10868,Significant_Damage_And_Fatalities
6114,12.9680365296804,18,9,66.0893345487694,0.254447169130905,75.25,4,22535.7301853887,0,0.0409263541820256,6680,Highly_Fatal_And_Damaging
7110,47.8995433789954,14,19,75.6153144940748,0.39292535160476,78.89,2,41118.8952653631,1,0.553503805823988,328,Minor_Damage_And_Injuries
6303,31.2785388127854,16,7,65.1321786690975,0.439084745762712,75.94,7,24411.8291325658,0,0.0024324399813657,5122,Significant_Damage_And_Serious_Injuries
6163,40.1826484018265,16,7,61.5314494074749,0.237858636855391,80.22,2,40686.3843910211,2,0.551381417627301,12259,Minor_Damage_And_Injuries
1089,44.5205479452055,12,4,61.0756608933455,0.381746123332131,77.1,4,39422.8467693878,2,0.0726437651961764,994,Significant_Damage_And_Serious_Injuries
6908,65.4337899543379,12,12,67.0009115770283,0.293394157951677,77.27,2,44263.0435073702,3,0.599471586142847,5362,Significant_Damage_And_Fatalities
3513,33.2420091324201,15,2,63.9015496809481,0.377418680129823,79.39,6,32275.9088048593,1,0.0079949851340479,11635,Significant_Damage_And_Serious_Injuries
3904,50.0456621004566,17,18,74.0200546946217,0.250840966462315,81.04,6,45934.1334754439,2,0.0116993176601363,3241,Significant_Damage_And_Fatalities
9538,36.8949771689498,14,4,67.0009115770283,0.420332491886044,80.98,4,47101.4857514357,2,0.0865139983925863,838,Significant_Damage_And_Serious_Injuries
8575,30.3196347031963,16,3,54.6946216955333,0.410235124413992,81.26,1,27865.4680761156,1,1.02423626637109,10879,Minor_Damage_And_Injuries
8277,37.2146118721461,10,3,52.5979945305378,0.456033898305084,77.91,4,32253.3806018104,1,0.0583398233039638,3,Significant_Damage_And_Fatalities
2319,29.0867579908676,13,11,69.9635369188697,0.261659574468085,86.57,4,17948.525064643,1,0.0311584829016707,4799,Highly_Fatal_And_Damaging
2219,39.4520547945205,13,13,58.8422971741112,0.472622430580599,85.11,3,29640.2094341724,3,0.147491835955148,3165,Significant_Damage_And_Serious_Injuries
4700,64.1552511415525,9,9,58.97903372835,0.323686260367832,80.92,2,28609.1259761055,3,0.389545009608015,11839,Minor_Damage_And_Injuries
4113,37.3059360730594,14,7,79.2160437556974,0.224876307248467,78.08,6,34929.7404234047,2,0.0084767013238469,9037,Significant_Damage_And_Serious_Injuries
8380,36.1643835616438,17,1,55.0136736554239,0.47911359538406,82.31,1,27752.8670889775,2,1.01036207837383,1010,Highly_Fatal_And_Damaging
9774,33.2420091324201,15,5,63.9015496809481,0.417808150018031,77.8,6,17572.9254839105,2,0.0043163949047001,7023,Significant_Damage_And_Serious_Injuries
225,28.5844748858447,16,0,83.8195077484048,0.312146411828345,78.63,3,53176.4511388213,2,0.265482924655784,519,Significant_Damage_And_Serious_Injuries
4687,35.7077625570776,18,14,60.0273473108478,0.465770645510278,80.04,4,33944.6431410097,3,0.0620379742960961,7655,Minor_Damage_And_Injuries
4298,20.2739726027397,15,5,60.7110300820419,0.360830147854309,88.04,4,31864.7898725408,2,0.0592112001916615,7502,Highly_Fatal_And_Damaging
1435,59.6803652968037,14,1,65.1321786690975,0.293033537684818,77.41,7,32218.4656381463,2,0.002961233112681,11399,Significant_Damage_And_Fatalities
7467,60.0,14,23,70.1002734731085,0.337029210241615,83.23,7,28715.6839316491,3,0.0026600701563622,7764,Significant_Damage_And_Fatalities
5080,34.7488584474886,11,8,50.1823154056518,0.448460872701046,78.23,7,45004.0013982202,2,0.0042596861600621,4723,Significant_Damage_And_Fatalities
3198,45.4794520547945,15,5,66.8641750227894,0.263823296069239,79.47,2,51474.8711787021,3,0.715453968554195,5003,Minor_Damage_And_Injuries
4714,30.1369863013699,13,0,54.9680948040109,0.240743598990263,86.98,4,17318.5484826987,2,0.0324831783332799,7341,Significant_Damage_And_Fatalities
911,37.3059360730594,14,11,63.3546034639927,0.32080129823296,83.82,6,38835.975037127,2,0.0102550034172396,5323,Significant_Damage_And_Serious_Injuries
8219,15.296803652968,17,8,51.5952597994531,0.444854670032455,77.75,1,20061.6577544012,1,0.741000085873413,12278,Significant_Damage_And_Fatalities
2167,75.4337899543379,10,1,49.2251595259799,0.524191128741435,88.39,7,44888.7631382465,1,0.0039131157122984,2577,Significant_Damage_And_Serious_Injuries
2580,18.1735159817352,16,10,59.6171376481313,0.476589253516048,78.91,4,23226.5720302617,2,0.0427579131486447,7262,Highly_Fatal_And_Damaging
3355,50.5022831050228,10,7,68.7784867821331,0.200354129102055,75.13,3,48288.1424354103,2,0.243055286799854,3016,Significant_Damage_And_Serious_Injuries
5457,41.7351598173516,16,20,81.0391978122151,0.365157591056617,78.47,2,9023.69269986881,3,0.0595076217413258,89,Minor_Damage_And_Injuries
2696,46.3926940639269,15,9,61.485870556062,0.451345834835918,81.71,2,32272.8250191819,2,0.436765191481662,12350,Minor_Damage_And_Injuries
1704,25.5707762557078,14,8,83.3637192342753,0.29555787955283,82.16,1,29715.3910975432,2,1.08269875185483,5685,Highly_Fatal_And_Damaging