,Safety_Score,Days_Since_Inspection,Total_Safety_Complaints,Control_Metric,Turbulence_In_gforces,Cabin_Temperature,Accident_Type_Code,Max_Elevation,Violations,Adverse_Weather_Metric,Accident_ID,Severity
2801,13.7899543378995,20,12,70.6016408386509,0.306376487558601,81.0,3,32269.0683506148,2,0.160643633052364,6,Significant_Damage_And_Serious_Injuries
8401,34.6118721461187,11,5,74.8860528714676,0.300606563288856,78.93,4,30077.4161879637,2,0.0544392802512786,6466,Highly_Fatal_And_Damaging
1103,53.9269406392694,12,8,61.9416590701914,0.448100252434187,81.26,2,43203.9825103468,5,0.587649264666186,7719,Minor_Damage_And_Injuries
8668,43.6986301369863,8,4,68.3682771194166,0.255168409664623,79.94,5,26636.768566061,3,0.0189897737507901,5360,Highly_Fatal_And_Damaging
6769,46.5753424657534,11,2,60.1640838650866,0.340274792643346,79.77,6,35902.3547465078,3,0.0091970405707927,6127,Significant_Damage_And_Serious_Injuries
5605,17.8538812785388,16,5,58.6144029170465,0.282214929679048,77.22,4,24079.5906676941,1,0.0437840696939847,8592,Highly_Fatal_And_Damaging
9750,74.4292237442922,6,8,74.3391066545123,0.339192931842769,77.5,2,40744.7030223456,0,0.549198026049296,4292,Minor_Damage_And_Injuries
5262,19.1780821917808,16,15,76.5268915223336,0.238940497655968,78.73,4,25245.6347673321,1,0.0455923069020736,9031,Highly_Fatal_And_Damaging
8562,29.9543378995434,16,9,85.278030993619,0.211893977641543,79.79,6,26215.0186448036,2,0.0070109981042669,981,Significant_Damage_And_Serious_Injuries
5507,38.9954337899543,10,2,57.4749316317229,0.304573386224305,77.13,6,50122.0197516808,2,0.0127192033069789,8832,Highly_Fatal_And_Damaging
623,70.3196347031963,11,1,66.6818596171377,0.192781103498016,82.43,4,38719.6875106846,3,0.0709905354811421,7214,Significant_Damage_And_Fatalities
8950,20.958904109589,19,4,50.1823154056518,0.564219978362784,78.9,1,33313.7192567944,4,1.22297120835898,7427,Minor_Damage_And_Injuries
8900,32.0091324200913,15,0,62.0783956244303,0.430429859358096,80.61,4,18311.1920618673,2,0.0337209758074731,2004,Significant_Damage_And_Serious_Injuries
2450,51.0502283105023,13,6,55.9708295350957,0.462525063108547,78.49,2,40741.8822675604,3,0.55117256042946,1911,Highly_Fatal_And_Damaging
2069,26.1187214611872,17,6,70.5560619872379,0.295197259285972,80.95,7,36866.602231857,2,0.0034807230749904,4348,Significant_Damage_And_Serious_Injuries
8718,26.027397260274,14,0,60.3463992707384,0.28149368914533,78.09,4,38448.9819106135,3,0.0707649496204491,10839,Highly_Fatal_And_Damaging
2370,41.9178082191781,16,3,64.4940747493163,0.243267940858276,75.14,2,35067.7050829379,1,0.473685158656965,9325,Minor_Damage_And_Injuries
1703,40.4566210045662,16,2,58.7055606198724,0.4145625676163,82.22,2,48162.8722893482,2,0.650803040016768,1379,Minor_Damage_And_Injuries
9973,32.4200913242009,12,5,62.9443938012762,0.350732780382257,80.37,4,22817.2949504869,1,0.0422835255042087,11730,Highly_Fatal_And_Damaging
6643,72.3287671232876,7,7,41.5679124886053,0.571071763433105,77.28,2,28164.484567923,3,0.381682846576649,2686,Highly_Fatal_And_Damaging
8939,55.1141552511415,12,4,57.4749316317229,0.48993220338983,75.67,5,33346.7855725603,2,0.0217946673291327,3435,Minor_Damage_And_Injuries
5141,36.8036529680365,11,5,49.4530537830446,0.526354850342589,81.15,4,38055.6903779597,2,0.0692368044281072,5331,Significant_Damage_And_Fatalities
3286,58.310502283105,11,1,50.0,0.75246375766318,76.01,2,35070.3331931138,1,0.475322665637944,3523,Highly_Fatal_And_Damaging
47,65.296803652968,13,12,74.0656335460346,0.466131265777136,79.53,7,21079.2995457879,0,0.0020332757084098,6906,Significant_Damage_And_Fatalities
8589,42.0091324200913,16,1,64.4940747493163,0.250119725928597,78.43,2,38340.1216892705,0,0.518441261968944,11105,Minor_Damage_And_Injuries
52,41.7351598173516,13,11,71.8778486782133,0.380303642264695,76.2,6,17443.6548671994,2,0.0047760663608893,1180,Significant_Damage_And_Serious_Injuries
7890,32.9223744292237,11,15,78.5323609845032,0.322243779300397,80.07,4,34640.5468695966,1,0.0630468196657716,10232,Highly_Fatal_And_Damaging
9824,26.7123287671233,13,5,86.7821330902461,0.269953840605842,76.94,4,14957.1522640326,3,0.0279296157916735,339,Highly_Fatal_And_Damaging
9224,60.5479452054795,7,10,65.4512306289882,0.451345834835918,82.27,3,27749.2508884797,3,0.137435801532218,11666,Significant_Damage_And_Serious_Injuries
5717,29.4977168949772,13,31,79.7174111212398,0.448821492967904,79.18,3,38168.2845511766,4,0.190028699243352,1195,Highly_Fatal_And_Damaging
1483,83.6529680365297,7,9,62.5341841385597,0.410235124413992,86.09,3,53739.5291225594,3,0.264749960840887,5002,Significant_Damage_And_Fatalities
1634,44.7945205479452,8,12,52.9170464904284,0.366960692390912,77.25,1,23171.5450883006,3,0.844304691873286,2810,Significant_Damage_And_Fatalities
8801,22.7853881278539,15,4,37.2835004557886,0.695485755499459,78.51,6,21762.6987765703,1,0.0053839919649068,10907,Significant_Damage_And_Fatalities
4399,50.5022831050228,10,0,80.6745670009116,0.240022358456545,78.84,3,36748.2703672973,4,0.182599552806783,10363,Significant_Damage_And_Serious_Injuries
14,26.027397260274,14,2,83.5460346399271,0.362993869455463,81.63,3,18915.5090248707,2,0.0958059182791733,4028,Highly_Fatal_And_Damaging
7545,54.0182648401826,12,17,49.3163172288059,0.444133429498738,80.83,2,29673.4596655361,1,0.403593936192003,11516,Minor_Damage_And_Injuries
9339,20.1826484018265,19,17,60.0273473108478,0.441969707897583,77.27,3,29968.1253284843,2,0.149122605634599,8016,Significant_Damage_And_Serious_Injuries
6140,31.2328767123288,12,11,60.4831358249772,0.556646952758745,75.94,1,27127.9246077737,5,0.996497974431902,6161,Highly_Fatal_And_Damaging
3013,31.1872146118721,12,2,45.6700091157703,0.414923187883159,79.46,4,43852.8453519078,3,0.0801631199888322,3226,Significant_Damage_And_Fatalities
6359,30.6849315068493,16,1,70.510483135825,0.331259285971872,76.95,2,36906.1699044834,3,0.501428821012912,10259,Significant_Damage_And_Serious_Injuries
6665,38.3561643835616,14,14,56.9279854147676,0.538976559682654,79.61,5,38518.2859294847,2,0.0262599118503814,2036,Minor_Damage_And_Injuries
4589,63.5159817351598,10,2,63.5824977210575,0.258413992066354,78.96,2,29333.0700005052,3,0.397706337034966,2822,Minor_Damage_And_Injuries
5858,46.6666666666667,14,4,78.4412032816773,0.308179588892896,80.33,2,35815.5275372957,2,0.485770798439809,105,Minor_Damage_And_Injuries
7560,36.2557077625571,11,2,67.5934366453965,0.26706887847097,81.86,4,35237.7775518202,3,0.0638981672168987,3461,Highly_Fatal_And_Damaging
219,32.4200913242009,12,14,51.5952597994531,0.288345474215651,81.8,3,18799.4895727458,2,0.0955874383678995,5027,Significant_Damage_And_Fatalities
5728,59.3150684931507,11,1,78.9425706472197,0.316473855030653,83.56,4,42024.5141030364,1,0.0775419698101819,522,Minor_Damage_And_Injuries
359,13.7899543378995,17,12,70.1458523245214,0.198911648034619,77.29,4,44762.5045506306,0,0.0817928467836764,5733,Highly_Fatal_And_Damaging
6672,58.4474885844749,11,8,76.8915223336372,0.428266137756942,78.52,2,9065.40417066948,3,0.116198848524886,6702,Minor_Damage_And_Injuries
9823,27.1689497716895,13,13,76.4357338195078,0.532124774612333,79.12,4,48746.7218828066,2,0.0890163912404086,4945,Highly_Fatal_And_Damaging
317,48.0821917808219,11,6,77.1649954421149,0.355781464118283,77.72,5,35974.8217427248,3,0.0245109739631318,7380,Significant_Damage_And_Serious_Injuries
3852,48.8584474885845,14,23,71.285323609845,0.190617381896862,75.99,2,29143.7545487936,3,0.394277173347948,7330,Minor_Damage_And_Injuries
7762,46.8493150684931,14,19,33.9562443026436,0.682864046159394,79.74,7,43993.907529507,1,0.0038889087914448,9988,Highly_Fatal_And_Damaging
4536,36.8949771689498,14,4,72.151321786691,0.294836639019113,79.28,6,29519.010231283,3,0.0074386021940639,2973,Significant_Damage_And_Serious_Injuries
1899,31.1415525114155,12,0,86.052871467639,0.280051208077894,79.83,3,28568.1625189766,1,0.142969916949184,11832,Highly_Fatal_And_Damaging
8210,10.6392694063927,18,6,47.9033728350046,0.54402524341868,77.9,4,11063.8680478305,2,0.0193619574602432,11764,Significant_Damage_And_Fatalities
6683,65.4337899543379,12,0,60.3919781221513,0.231728092318788,78.5,7,33393.2531864311,2,0.0033294282629078,9888,Significant_Damage_And_Fatalities
9452,45.7077625570776,11,0,57.9762989972653,0.46829498737829,78.47,6,27194.7323552532,3,0.0069764581442704,9767,Significant_Damage_And_Serious_Injuries
7623,44.3835616438356,15,12,65.2689152233364,0.32116191849982,77.67,2,19243.1330905624,1,0.253283470951117,4692,Minor_Damage_And_Injuries
3908,23.6073059360731,14,7,82.0419325432999,0.355060223584565,79.52,7,37519.0138460733,1,0.0036732736102859,7995,Highly_Fatal_And_Damaging
6611,40.4109589041096,16,2,69.2342752962625,0.323686260367832,77.17,2,36086.8999557426,2,0.490557059053893,158,Minor_Damage_And_Injuries
6667,46.1187214611872,18,0,48.5414767547858,0.4145625676163,83.01,1,23728.3517080817,2,0.879176919566217,939,Significant_Damage_And_Fatalities
9138,46.1643835616438,11,12,61.485870556062,0.570350522899387,77.02,3,29365.0114975677,1,0.147082418871215,6869,Significant_Damage_And_Serious_Injuries
1099,2.64840182648402,23,6,64.1294439380128,0.419611251352326,81.93,6,62672.5995653643,2,0.0150402899314281,9000,Highly_Fatal_And_Damaging
5976,49.1780821917808,14,4,59.1157702825889,0.37489433826181,79.97,2,45878.8795912215,0,0.627669708960065,5325,Minor_Damage_And_Injuries
3067,57.0776255707762,15,16,57.9762989972653,0.620476739992787,77.34,5,31988.1959886504,3,0.0219848426435965,4009,Significant_Damage_And_Fatalities
6842,25.296803652968,14,4,82.9990884229718,0.317916336098088,79.71,1,25111.1749048795,2,0.925208520778178,5475,Highly_Fatal_And_Damaging
5586,59.8173515981735,14,7,38.9699179580674,0.654375045077533,79.54,7,25814.8468749981,1,0.0024336051771933,1464,Significant_Damage_And_Serious_Injuries
933,39.1780821917808,13,7,75.9343664539654,0.434036062026686,83.63,6,44552.8688266593,1,0.0109988106068976,2957,Significant_Damage_And_Serious_Injuries
2654,36.8493150684931,14,7,68.1859617137648,0.35686332491886,77.1,3,12854.0456631636,2,0.0693979507759365,7785,Significant_Damage_And_Serious_Injuries
7737,56.5753424657534,12,13,50.3646308113035,0.444854670032455,86.34,2,20204.6489775497,1,0.276520836417221,2936,Highly_Fatal_And_Damaging
9500,72.4657534246575,10,12,57.5205104831358,0.620476739992787,83.0,4,28384.5263097579,2,0.0521180215274672,2413,Significant_Damage_And_Fatalities
1664,25.296803652968,14,0,48.5870556061987,0.641753335737468,79.03,2,22332.0856885042,2,0.302231914191802,8801,Significant_Damage_And_Fatalities
4799,33.7899543378995,15,1,68.7784867821331,0.323325640100974,78.82,3,51678.284648488,0,0.253342148267452,6857,Significant_Damage_And_Serious_Injuries
6860,47.7168949771689,11,3,63.9927073837739,0.201435989902632,78.72,3,19643.5987363401,0,0.0976587800714265,11178,Significant_Damage_And_Serious_Injuries
5429,36.986301369863,10,6,65.0865998176846,0.370927515326361,82.02,4,31728.6566869053,4,0.0573884601721742,11425,Highly_Fatal_And_Damaging
6068,29.8173515981735,16,10,49.0428441203282,0.280772448611612,78.95,4,26026.0289669448,2,0.0484508667497566,7271,Minor_Damage_And_Injuries
343,36.0730593607306,14,4,52.4156791248861,0.335226108907321,79.58,2,33591.98082476,2,0.456494522760392,1989,Minor_Damage_And_Injuries
4386,54.2922374429224,16,24,56.9735642661805,0.438002884962135,81.43,3,39759.020002548,2,0.196540557788374,4244,Significant_Damage_And_Serious_Injuries
7301,79.5433789954338,8,0,70.0091157702826,0.35325712225027,79.85,4,25251.1155579363,1,0.0456012541554552,3593,Significant_Damage_And_Fatalities
4436,54.1095890410959,12,4,63.6736554238833,0.225236927515326,79.65,2,23570.7799761552,3,0.321537842277719,2763,Minor_Damage_And_Injuries
6673,56.5753424657534,12,13,56.0619872379216,0.350011539848539,81.55,4,15186.5079522167,1,0.0264588314136203,12085,Highly_Fatal_And_Damaging
275,13.37899543379,17,1,52.8258887876026,0.336307969707898,77.53,4,25229.7819974548,0,0.0453328026286867,5064,Significant_Damage_And_Fatalities
7319,52.3744292237443,16,6,53.6918869644485,0.476589253516048,83.26,5,20739.6318796237,2,0.0139062059906569,5580,Significant_Damage_And_Fatalities
6352,23.013698630137,14,22,60.4831358249772,0.419971871619185,82.39,5,37158.0803037881,0,0.0244045214906998,9358,Highly_Fatal_And_Damaging
7275,53.1050228310502,12,0,43.6645396536007,0.598118283447529,79.6,6,49015.8888299757,2,0.0131871755343616,2982,Significant_Damage_And_Serious_Injuries
1904,51.8264840182648,13,5,82.1786690975388,0.434757302560403,80.85,2,27009.1612134643,3,0.367070924216606,4058,Minor_Damage_And_Injuries
854,26.6666666666667,17,2,65.6791248860529,0.346405337179949,83.21,6,22547.1952415476,1,0.0057572915976509,6655,Significant_Damage_And_Serious_Injuries
9898,37.5799086757991,10,12,69.9179580674567,0.306737107825459,79.28,4,42415.683109527,3,0.077011310665794,49,Highly_Fatal_And_Damaging
873,57.7625570776256,14,3,67.4567000911577,0.219827623512441,79.14,4,13192.6746411516,3,0.0251115583460465,5039,Significant_Damage_And_Fatalities
4775,40.0456621004566,10,0,77.9854147675479,0.268150739271547,78.69,4,22834.1486913392,4,0.0423891336784103,11584,Highly_Fatal_And_Damaging
4100,55.7990867579909,8,12,77.6663628076573,0.334865488640461,82.88,4,29115.931734689,3,0.0536168001945233,9514,Significant_Damage_And_Serious_Injuries
8424,32.1461187214612,12,2,54.147675478578,0.384270465200144,81.89,4,36753.9007047078,3,0.0670797080220191,8457,Significant_Damage_And_Fatalities
5532,29.1780821917808,13,3,82.3154056517776,0.174389469888207,83.29,6,23086.0226940907,1,0.0053353160716145,5533,Highly_Fatal_And_Damaging
1443,38.1735159817352,17,2,63.7192342752963,0.32080129823296,78.52,3,38835.975037127,1,0.193047058646099,7890,Minor_Damage_And_Injuries
795,51.5525114155251,13,2,84.9134001823154,0.2923122971511,81.53,1,32904.3163143289,3,1.21102426293125,3388,Minor_Damage_And_Injuries
3297,28.9497716894977,13,4,78.669097538742,0.243989181391994,82.38,4,46445.7090961569,1,0.0842017953172901,8010,Highly_Fatal_And_Damaging
2448,40.3196347031963,13,9,65.2689152233364,0.225958168049044,77.26,5,22999.9480219285,2,0.0156495657213551,10016,Significant_Damage_And_Serious_Injuries
6983,39.9086757990868,13,3,69.5989061075661,0.312146411828345,78.55,3,16902.3486971747,2,0.0840330252227932,4802,Significant_Damage_And_Serious_Injuries
6540,41.1872146118721,9,1,69.5077484047402,0.431151099891814,82.72,5,37987.349601721,2,0.0262599118503814,8884,Highly_Fatal_And_Damaging
7072,64.2922374429224,9,0,60.665451230629,0.387155427335016,83.84,2,33231.6169120284,2,0.452214632161678,7797,Minor_Damage_And_Injuries
2919,30.4566210045662,16,5,83.3637192342753,0.337750450775333,78.78,3,20487.8674821751,1,0.10271429105142,10780,Significant_Damage_And_Serious_Injuries
3663,18.3561643835616,20,12,72.4247948951687,0.350011539848539,80.52,6,26501.394552042,2,0.0067880151618543,3569,Significant_Damage_And_Serious_Injuries
3892,40.5479452054794,9,4,54.0565177757521,0.380303642264695,77.91,3,14353.5846630685,3,0.0751392310460593,2437,Significant_Damage_And_Fatalities
5462,18.7214611872146,16,2,89.1978122151322,0.271035701406419,78.23,3,26623.2048805474,0,0.132090952785728,10829,Highly_Fatal_And_Damaging
2620,8.53881278538813,19,9,54.0109389243391,0.551598269022719,78.9,1,33143.9853063049,3,1.21789625360354,3956,Significant_Damage_And_Fatalities
8434,37.4885844748858,10,0,73.7010027347311,0.291591056617381,78.65,4,23690.6304006591,1,0.0438845610976343,5289,Highly_Fatal_And_Damaging
4500,65.662100456621,12,4,66.5451230628988,0.312507032095204,81.27,7,30955.5308494645,3,0.0026275933121641,5166,Significant_Damage_And_Fatalities
1290,41.3698630136986,19,11,53.9653600729262,0.621197980526505,80.45,7,45955.0381368293,2,0.0040045982683773,2912,Significant_Damage_And_Serious_Injuries
5940,68.7671232876712,8,7,60.0729261622607,0.453509556437072,78.29,2,29784.2743594728,3,0.403593936192003,6963,Minor_Damage_And_Injuries
2286,39.9086757990868,13,1,70.6927985414767,0.201435989902632,78.2,3,32921.0147172516,3,0.164009610870493,1176,Significant_Damage_And_Serious_Injuries
9231,46.986301369863,14,8,64.1294439380128,0.442330328164443,79.01,2,40055.6619523624,3,0.542971582342991,3154,Minor_Damage_And_Injuries
1415,12.4657534246575,18,3,74.61257976299,0.235694915254237,79.84,6,24801.7379750678,0,0.006246517263273,4517,Highly_Fatal_And_Damaging
3200,27.8538812785388,13,3,67.2743846855059,0.327292463036423,79.06,4,35500.5630256623,3,0.0653181121306263,10441,Highly_Fatal_And_Damaging
7821,30.8219178082192,16,5,53.281677301732,0.343159754778218,79.11,3,31200.2527297103,2,0.156527896644788,6976,Minor_Damage_And_Injuries
6360,59.1780821917808,11,3,78.9425706472197,0.179438153624233,80.97,7,40028.3261414048,3,0.0035784858464896,10268,Minor_Damage_And_Injuries
2273,56.027397260274,12,18,72.4703737465816,0.19494482509917,77.41,5,28923.9002638104,1,0.0195855691124162,8792,Minor_Damage_And_Injuries
7556,36.2100456621005,11,10,50.7292616226071,0.618313018391633,80.14,3,47156.9384261401,2,0.236948192249694,5578,Significant_Damage_And_Fatalities
2869,44.4292237442922,12,15,57.1558796718323,0.366960692390912,78.47,7,39241.561083223,1,0.0037170874293526,2019,Minor_Damage_And_Injuries
3435,38.4474885844749,17,5,66.4995442114859,0.287263613415074,77.65,4,40973.9095182754,0,0.0751284641453142,12217,Minor_Damage_And_Injuries
717,48.9954337899543,14,6,60.7110300820419,0.409874504147133,77.16,1,33700.4226788016,2,1.24236914780105,68,Minor_Damage_And_Injuries
8302,55.8904109589041,8,9,78.9425706472197,0.361190768121168,79.88,2,33976.4553144446,3,0.458859033557303,5645,Significant_Damage_And_Serious_Injuries
9347,28.9497716894977,20,7,60.8021877848678,0.421414352686621,82.98,4,34811.6846134921,1,0.0637237663805801,3619,Minor_Damage_And_Injuries
5389,58.9954337899543,14,7,78.5323609845032,0.208287774972954,88.93,7,27720.6039256864,5,0.0023845877283974,1914,Significant_Damage_And_Fatalities
9246,28.5388127853881,13,6,61.3947128532361,0.444133429498738,78.55,4,28593.5315387977,3,0.0537586126419105,3597,Highly_Fatal_And_Damaging
4294,52.3744292237443,9,19,82.0875113947128,0.462885683375405,78.52,3,32746.1554861564,1,0.163526332695922,6903,Significant_Damage_And_Serious_Injuries
2568,33.972602739726,11,2,73.6098450319052,0.405907681211684,81.27,4,17417.2482375906,2,0.0320805077660302,5132,Highly_Fatal_And_Damaging
505,45.4794520547945,11,2,55.9252506836828,0.550877028489001,81.72,4,32656.9970926707,3,0.059612982861875,11266,Minor_Damage_And_Injuries
5420,26.5753424657534,17,14,64.3117593436645,0.335226108907321,76.21,3,40282.3364101982,1,0.200477177659557,11462,Significant_Damage_And_Serious_Injuries
1056,40.0913242009132,10,1,57.5205104831358,0.401219617742517,80.48,5,41643.7682906453,1,0.0282665799569333,284,Highly_Fatal_And_Damaging
5581,29.1780821917808,13,1,58.158614402917,0.404465200144248,77.29,4,36560.9267531553,2,0.0677114487516343,3635,Highly_Fatal_And_Damaging
9796,54.3835616438356,12,7,50.7748404740201,0.499668950595023,83.39,6,34947.3962820931,3,0.0085734798238468,3825,Significant_Damage_And_Serious_Injuries
4757,44.8401826484018,8,2,88.2406563354604,0.212254597908403,78.93,1,33395.5017361782,2,1.22751849059637,5779,Highly_Fatal_And_Damaging
4566,86.4840182648402,6,21,55.0592525068368,0.436560403894699,84.27,7,33757.0053641767,1,0.0033398864703658,7558,Significant_Damage_And_Serious_Injuries
3625,27.3059360730594,13,3,78.7602552415679,0.338471691309052,78.49,4,27318.3584282491,3,0.0503896935162612,9115,Highly_Fatal_And_Damaging
2510,41.9178082191781,16,22,66.4995442114859,0.387876667868734,76.2,2,31546.4382673113,3,0.427712027840683,7026,Minor_Damage_And_Injuries
2551,2.73972602739726,20,1,57.5205104831358,0.308540209159754,82.02,5,31365.239571318,2,0.0199273006311425,9606,Highly_Fatal_And_Damaging
9596,55.3424657534247,12,2,78.7602552415679,0.308179588892896,84.46,2,23833.6734110382,3,0.330528596660346,1704,Minor_Damage_And_Injuries
7746,30.1369863013699,12,1,55.2415679124886,0.471540569780022,82.02,1,42639.1391996363,3,1.56620755459219,1365,Significant_Damage_And_Fatalities
7731,45.2511415525114,11,3,75.8432087511395,0.384991705733862,80.79,3,22172.6983509275,3,0.109711641703001,5754,Significant_Damage_And_Serious_Injuries
2770,42.3287671232877,12,15,53.6007292616226,0.606412549585286,79.48,3,47156.9384261401,0,0.236847335689612,2495,Minor_Damage_And_Injuries
9995,56.1187214611872,8,1,63.4457611668186,0.482359177785791,78.64,5,38537.3634081449,2,0.0261495333196884,11493,Significant_Damage_And_Serious_Injuries
5548,23.5616438356164,14,1,76.6180492251596,0.202157230436351,78.23,4,25770.4611825875,3,0.0466439852917615,4557,Highly_Fatal_And_Damaging
7800,38.9954337899543,10,0,51.8231540565178,0.540058420483231,76.99,1,21043.0745957428,1,0.775459295221691,2386,Significant_Damage_And_Fatalities
9724,49.0867579908676,10,7,68.9608021877849,0.325849981968986,81.31,6,28542.004184011,0,0.0070378999371346,4936,Significant_Damage_And_Serious_Injuries
7022,59.7716894977169,10,17,79.1704649042844,0.361190768121168,80.42,2,33976.4553144446,2,0.458859033557303,9616,Minor_Damage_And_Injuries
3796,77.3059360730594,4,2,51.8231540565178,0.509045077533357,79.78,7,25644.4684192504,1,0.0024057624320687,3157,Significant_Damage_And_Serious_Injuries
9031,25.9817351598173,14,2,49.179580674567,0.452788315903353,81.14,1,55934.468569702,1,2.1761498796845,10763,Significant_Damage_And_Fatalities
9460,56.1643835616438,8,1,64.8131267092069,0.317555715831229,78.63,3,32218.4656381463,2,0.159940823845838,11787,Significant_Damage_And_Serious_Injuries
6038,30.1826484018265,12,6,82.4521422060164,0.18809304002885,77.63,4,21267.7043733175,1,0.0383477654432181,6182,Highly_Fatal_And_Damaging
165,62.7853881278539,6,1,33.6827711941659,0.668078615218175,77.25,3,38281.2923716348,2,0.190396357309199,10288,Minor_Damage_And_Injuries
5967,33.9269406392694,15,0,67.0009115770283,0.527076090876307,79.92,3,51650.7242358015,2,0.26381468661784,6347,Significant_Damage_And_Serious_Injuries
7410,45.0228310502283,15,6,74.2935278030994,0.234973674720519,83.41,5,45934.1334754439,3,0.0320260726894477,8460,Minor_Damage_And_Injuries
4837,48.9041095890411,14,23,66.7730173199635,0.344602235845654,81.56,2,29368.1675507863,0,0.397454927362596,5518,Minor_Damage_And_Injuries
472,50.1369863013699,13,5,70.2825888787603,0.493899026325279,77.25,6,19754.5812375961,3,0.004632261139873,811,Minor_Damage_And_Injuries
8388,30.9132420091324,16,7,72.8805834092981,0.406989542012261,76.18,6,24411.8291325658,2,0.0063356792186372,4589,Significant_Damage_And_Serious_Injuries
5027,42.0547945205479,16,6,69.644484958979,0.372730616660656,76.96,2,20815.9142089448,2,0.280042859677686,2457,Minor_Damage_And_Injuries
1006,48.7214611872146,17,13,71.8778486782133,0.432232960692391,76.04,7,19804.4945726575,4,0.0016548362893203,8435,Significant_Damage_And_Fatalities
3068,14.4748858447489,17,1,52.8258887876026,0.40735016227912,77.53,2,34602.277539951,0,0.466552141197506,8411,Significant_Damage_And_Fatalities
5347,28.4018264840183,13,12,46.718322698268,0.560253155427335,76.62,2,27933.3453552046,2,0.37567404024528,10333,Significant_Damage_And_Fatalities
8472,62.3744292237443,13,5,60.9845031905196,0.250119725928597,77.09,7,33111.5733657375,4,0.0032555182067985,12374,Significant_Damage_And_Fatalities
3887,6.34703196347032,19,6,89.8814949863263,0.219827623512441,75.15,2,31250.1583662827,3,0.424482358116853,4897,Highly_Fatal_And_Damaging
2332,45.4337899543379,15,1,72.8350045578852,0.259135232600072,85.61,5,41247.2138694394,3,0.0273062158003251,1633,Minor_Damage_And_Injuries
8330,56.8036529680365,12,1,68.8240656335461,0.200354129102055,82.53,2,19364.5453914156,2,0.262284440356596,41,Minor_Damage_And_Injuries
4017,29.0867579908676,16,0,42.5706472196901,0.447379011900469,83.27,4,22647.2609041561,3,0.0412718889170117,6947,Minor_Damage_And_Injuries
3627,20.3196347031963,15,26,79.9453053783045,0.422135593220339,78.29,4,15175.1319946798,1,0.0263158471738954,10079,Highly_Fatal_And_Damaging
2171,31.689497716895,19,17,70.6016408386509,0.388958528669311,77.83,6,34956.4722310962,3,0.0086999933038709,11817,Minor_Damage_And_Injuries
921,20.1369863013699,15,0,85.5515041020967,0.280051208077894,78.73,4,30415.652244998,0,0.0556599827434588,2963,Highly_Fatal_And_Damaging
893,38.0821917808219,14,54,74.5214220601641,0.334144248106743,82.69,3,34608.2943986072,2,0.173121147972134,5789,Significant_Damage_And_Serious_Injuries
1909,23.1050228310502,14,7,61.9416590701914,0.223433826181031,81.82,4,29492.566397426,1,0.0537586126419105,6781,Highly_Fatal_And_Damaging
9447,20.8219178082192,15,5,81.3582497721058,0.250480346195456,78.68,4,37558.9268302818,3,0.0680694161849972,97,Highly_Fatal_And_Damaging
6546,51.7351598173516,13,15,51.686417502279,0.297721601153985,77.38,5,44372.3689299579,2,0.0302813990715271,10130,Highly_Fatal_And_Damaging
6655,48.7214611872146,11,1,76.6180492251596,0.281854309412189,84.41,3,36736.2901448529,2,0.183310929287326,8745,Significant_Damage_And_Serious_Injuries
3884,12.4657534246575,18,3,59.2525068368277,0.392204111071042,77.04,1,31491.27635949,3,1.15849931489046,5521,Highly_Fatal_And_Damaging
7241,27.3972602739726,20,2,73.6554238833182,0.404104579877389,81.15,2,25768.1452141952,2,0.348220671345902,3341,Minor_Damage_And_Injuries
6802,41.8264840182648,12,1,74.5214220601641,0.402301478543094,76.56,6,34274.994375982,2,0.0091038778512197,9004,Significant_Damage_And_Serious_Injuries
6183,1.41552511415525,22,2,63.9015496809481,0.353617742517129,80.86,3,25720.9164075718,2,0.128896401917114,8846,Highly_Fatal_And_Damaging
6863,25.9817351598173,14,12,63.9015496809481,0.334504868373603,76.22,4,21862.3513750712,2,0.0391679024826592,1078,Highly_Fatal_And_Damaging
3112,42.4200913242009,12,15,53.6007292616226,0.524191128741435,83.73,3,34305.0853441854,2,0.17078321571126,11473,Minor_Damage_And_Injuries
3087,43.6529680365297,9,8,73.4731084776664,0.311064551027768,80.71,3,33257.5951870857,0,0.165002363929807,11131,Highly_Fatal_And_Damaging
5675,21.2785388127854,15,7,59.4348222424795,0.390761630003606,86.58,1,26432.6448785159,2,0.9710988332523,3702,Highly_Fatal_And_Damaging
1458,17.3972602739726,16,19,68.6417502278943,0.267429498737829,81.23,7,15246.0930451473,2,0.0013580699979944,8344,Highly_Fatal_And_Damaging
7365,17.7168949771689,16,16,44.7128532360985,0.694764514965741,77.48,1,46768.8221857607,1,1.73952817986032,1064,Significant_Damage_And_Fatalities
7496,34.6575342465753,15,8,57.8851412944394,0.309622069960331,78.97,7,32734.0661637251,1,0.0030754991689989,8254,Significant_Damage_And_Serious_Injuries
5580,22.1917808219178,15,27,59.1157702825889,0.269953840605842,83.85,5,30477.3190817566,2,0.0194629461559457,10133,Highly_Fatal_And_Damaging
8152,58.4931506849315,1,20,67.0464904284412,0.409513883880274,79.72,7,25135.8514798608,2,0.0023000441828324,361,Significant_Damage_And_Serious_Injuries