,Safety_Score,Days_Since_Inspection,Total_Safety_Complaints,Control_Metric,Turbulence_In_gforces,Cabin_Temperature,Accident_Type_Code,Max_Elevation,Violations,Adverse_Weather_Metric,Accident_ID,Severity
4214,53.7899543378995,5,5,63.3546034639927,0.301688424089434,81.3,4,36722.3335730371,3,0.0673826594005745,10831,Highly_Fatal_And_Damaging
6280,26.2100456621005,13,0,63.1722880583409,0.556286332491886,77.59,4,26257.3879229299,2,0.0486066327281578,2702,Highly_Fatal_And_Damaging
5768,46.8949771689498,11,0,73.1996353691887,0.221991345113595,81.82,6,47358.6935139444,1,0.0112415293720467,4446,Significant_Damage_And_Serious_Injuries
1850,15.9817351598174,17,7,84.2752962625342,0.481637937252074,76.66,1,27127.9246077737,1,0.996497974431902,4005,Highly_Fatal_And_Damaging
7475,57.0319634703196,11,9,70.4193254329991,0.229924990984493,79.34,7,50476.5268180962,1,0.0044289702451501,6310,Minor_Damage_And_Injuries
7541,64.2922374429224,9,1,91.2032816773017,0.217663901911287,83.53,7,31529.7623234607,2,0.0025997866530983,11404,Minor_Damage_And_Injuries
203,52.3744292237443,13,0,66.362807657247,0.365878831590335,78.63,5,26261.5515416009,1,0.0165134897469149,9378,Minor_Damage_And_Injuries
2635,56.9406392694064,11,33,72.4703737465816,0.273560043274432,80.09,2,32861.2768383276,1,0.444553307539715,11020,Minor_Damage_And_Injuries
6745,33.2420091324201,12,7,75.432999088423,0.322604399567255,76.27,1,32539.8451019905,1,1.19173458023308,11596,Highly_Fatal_And_Damaging
4975,29.3607305936073,16,10,82.0875113947128,0.262020194734944,83.32,6,40413.0386474199,3,0.0096178978002655,477,Significant_Damage_And_Serious_Injuries
2827,48.2648401826484,14,1,77.3473108477666,0.256610890732059,76.77,2,42688.6369208672,2,0.577208625420804,4954,Minor_Damage_And_Injuries
2646,69.9543378995434,11,7,79.7174111212398,0.230285611251352,77.93,2,8232.84365471706,2,0.0957534182118543,3866,Significant_Damage_And_Fatalities
5395,24.8858447488584,18,16,74.3391066545123,0.373451857194374,81.3,3,32328.2199170687,2,0.160120932295153,5857,Significant_Damage_And_Serious_Injuries
1041,23.4703196347032,14,0,76.6180492251596,0.386434186801298,78.39,6,55982.2927170896,1,0.0150402899314281,9756,Highly_Fatal_And_Damaging
7404,33.7899543378995,15,2,61.2123974475843,0.452788315903353,81.09,5,27067.9196126077,3,0.0187014909382164,7792,Significant_Damage_And_Serious_Injuries
2968,70.0913242009132,11,11,64.8131267092069,0.438002884962135,80.55,4,14139.9067872575,3,0.0279354186380137,10971,Significant_Damage_And_Fatalities
7397,28.9497716894977,13,3,55.7885141294439,0.319358817165525,77.39,4,40894.8662671731,3,0.0750060511303986,330,Significant_Damage_And_Fatalities
3113,40.6849315068493,13,6,75.4785779398359,0.391122250270465,77.65,6,49461.7985956107,2,0.0122725648420376,9090,Significant_Damage_And_Serious_Injuries
1657,31.7351598173516,15,0,54.6490428441203,0.456033898305084,81.74,1,44135.7042932746,3,1.59744114351771,5616,Minor_Damage_And_Injuries
6757,32.3744292237443,12,21,55.0136736554239,0.467573746844573,79.79,1,40593.9088572889,4,1.5017863496592,18,Significant_Damage_And_Fatalities
8602,58.4474885844749,11,2,73.3363719234275,0.434396682293545,87.23,2,51368.7499996858,3,0.729576237972483,946,Minor_Damage_And_Injuries
7760,48.8127853881278,10,0,64.9954421148587,0.175471330688784,77.3,3,30197.4749749803,2,0.151460169601184,10719,Significant_Damage_And_Serious_Injuries
9362,33.9269406392694,15,0,76.7547857793984,0.322604399567255,78.15,3,32624.4911271595,1,0.162108139005818,9700,Significant_Damage_And_Serious_Injuries
8268,45.2054794520548,15,1,68.6417502278943,0.251922827262892,83.74,2,33951.338673945,2,0.459353706346865,12239,Minor_Damage_And_Injuries
1297,33.5616438356164,11,7,63.1722880583409,0.551958889289578,75.95,4,36687.8536553496,1,0.0670328004795129,1263,Highly_Fatal_And_Damaging
1579,33.9269406392694,15,0,58.2953509571559,0.46865560764515,76.07,7,32785.6459081019,2,0.0032141366989038,8795,Significant_Damage_And_Serious_Injuries
5927,53.4703196347032,16,11,41.4767547857794,0.714238009376126,82.49,7,38340.917759317,2,0.0034060166049965,5609,Significant_Damage_And_Serious_Injuries
4856,22.648401826484,15,6,37.739288969918,0.571432383699964,86.59,3,22327.5246569269,3,0.111428701057596,3712,Significant_Damage_And_Fatalities
3828,13.37899543379,18,17,71.3764813126709,0.254447169130905,78.99,6,43767.580522752,2,0.0109591638752286,4247,Highly_Fatal_And_Damaging
9237,44.8401826484018,8,0,58.3865086599818,0.488489722322394,81.8,4,37973.8932534499,2,0.0697843616372638,11377,Highly_Fatal_And_Damaging
2216,15.0684931506849,17,0,61.2579762989973,0.395089073205914,79.45,4,32880.4096681099,2,0.059734503402076,3776,Highly_Fatal_And_Damaging
7245,82.2374429223744,7,10,50.3190519598906,0.354699603317706,87.08,7,36458.5802116072,3,0.0032011061219487,5525,Significant_Damage_And_Fatalities
515,23.7899543378995,14,25,73.746581586144,0.369485034258925,78.29,4,46688.72895675,4,0.0845834601765373,5838,Highly_Fatal_And_Damaging
3704,32.8767123287671,15,5,95.4876937101185,0.245071042192571,80.65,6,24292.3426083081,3,0.0059485850405217,8722,Significant_Damage_And_Serious_Injuries
8217,32.1004566210046,15,19,61.5770282588879,0.485965380454381,78.23,3,14797.0711532368,3,0.0714622900944116,2290,Significant_Damage_And_Serious_Injuries
5914,75.5251141552511,9,1,62.2607110300821,0.402662098809953,88.74,7,38521.3038909916,3,0.0035783671851997,4867,Significant_Damage_And_Fatalities
8934,23.1506849315068,14,7,62.5341841385597,0.39292535160476,81.88,4,38081.2358451794,2,0.0690777355402737,7632,Highly_Fatal_And_Damaging
1528,47.5342465753425,18,4,71.8778486782133,0.238940497655968,76.8,7,38899.6594446884,2,0.0035124130283169,4774,Significant_Damage_And_Fatalities
5215,39.3607305936073,13,5,76.4357338195078,0.304573386224305,79.53,5,29216.4159909021,3,0.020054275742136,9097,Significant_Damage_And_Serious_Injuries
2009,37.3972602739726,14,1,73.0628988149499,0.308900829426614,78.82,6,29660.9634883589,3,0.0074171541266771,6450,Significant_Damage_And_Serious_Injuries
5676,40.7762557077626,13,10,83.59161349134,0.287263613415074,81.24,4,33137.9077443779,3,0.0610195919364493,7549,Significant_Damage_And_Serious_Injuries
3227,42.1004566210046,16,28,77.4384685505925,0.352535881716553,86.43,2,37806.1841683625,1,0.512288112606264,9554,Minor_Damage_And_Injuries
6362,44.5205479452055,15,2,40.2917046490429,0.516978723404255,78.4,6,27755.473500689,4,0.0064913434049572,3984,Highly_Fatal_And_Damaging
9446,46.2557077625571,7,10,56.4721969006381,0.466131265777136,77.24,4,35235.688176867,3,0.0637237663805801,8611,Significant_Damage_And_Fatalities
9737,30.0,19,4,48.7237921604376,0.691158312297151,78.72,5,33391.2869416829,1,0.0212527753729633,6231,Highly_Fatal_And_Damaging
9116,55.9817351598173,12,0,88.6052871467639,0.275002524341868,79.54,5,33601.5718975099,1,0.0228367689591343,3324,Minor_Damage_And_Injuries
607,82.2831050228311,8,20,53.9653600729262,0.341717273710782,83.72,7,24641.4641548803,3,0.002437273931944,5532,Significant_Damage_And_Serious_Injuries
6784,26.0730593607306,17,1,47.9033728350046,0.429708618824378,76.13,7,33350.4681813235,3,0.0030959197693667,1342,Minor_Damage_And_Injuries
5774,47.8995433789954,11,1,84.2297174111213,0.245792282726289,79.88,3,21156.477787046,2,0.105168517981374,9619,Significant_Damage_And_Serious_Injuries
5957,64.6118721461187,9,2,69.0519598906108,0.675651640822214,78.78,1,45741.2045089614,1,1.66043195531517,6143,Minor_Damage_And_Injuries
1759,31.1872146118721,19,4,61.485870556062,0.456033898305084,80.2,3,29589.3854076653,2,0.146661195079346,325,Minor_Damage_And_Injuries
5670,24.2465753424658,18,1,70.464904284412,0.394728452939055,79.03,3,36002.5313878639,2,0.179761011123001,6983,Significant_Damage_And_Serious_Injuries
4487,41.0502283105023,13,0,62.9443938012762,0.321522538766679,78.71,3,22969.338276676,1,0.115305351126024,2273,Significant_Damage_And_Serious_Injuries
2723,52.5114155251141,9,5,41.2032816773018,0.458918860439956,79.34,3,25032.8277022329,0,0.124629210450165,6385,Minor_Damage_And_Injuries
4548,42.648401826484,9,10,70.2825888787603,0.346765957446808,80.71,4,25227.6087401299,3,0.0452453456509353,8573,Highly_Fatal_And_Damaging
7865,39.3607305936073,10,14,65.8614402917047,0.323325640100974,77.9,3,36507.3632475873,2,0.180699125679212,1745,Highly_Fatal_And_Damaging
3629,36.7579908675799,10,10,67.4111212397448,0.219827623512441,80.96,1,39269.0539266116,3,1.44353095461796,605,Highly_Fatal_And_Damaging
1201,14.8858447488584,17,0,78.0309936189608,0.342438514244501,79.84,3,22310.9800560857,0,0.111428701057596,6532,Highly_Fatal_And_Damaging
2413,47.3972602739726,7,6,61.9416590701914,0.304934006491165,79.47,4,18411.0289640045,2,0.0350890825621048,2642,Highly_Fatal_And_Damaging
403,41.6438356164383,13,10,64.8131267092069,0.32116191849982,81.49,6,27059.9484729937,3,0.0068996860358359,11379,Significant_Damage_And_Serious_Injuries
2910,60.5479452054795,10,2,62.0783956244303,0.37128813559322,77.97,2,40101.8250426003,1,0.543740651556515,10392,Minor_Damage_And_Injuries
7809,37.3972602739726,17,1,76.6180492251596,0.335226108907321,78.83,1,35132.226456787,2,1.29142485015568,8278,Minor_Damage_And_Injuries
6153,44.2009132420091,19,0,65.587967183227,0.279329967544176,78.41,2,22969.338276676,2,0.3116315447563,11745,Significant_Damage_And_Fatalities
2667,29.5433789954338,20,22,66.5907019143118,0.499308330328164,77.64,1,36873.0707665609,3,1.35839613360227,8787,Minor_Damage_And_Injuries
9639,68.0365296803653,12,1,73.2907930720146,0.29591849981969,80.43,4,13696.9970624703,3,0.0255489502130423,1699,Significant_Damage_And_Fatalities
4285,28.2191780821918,13,0,64.9954421148587,0.422856833754057,79.51,7,46371.5275238705,2,0.0038370838977165,5060,Highly_Fatal_And_Damaging
4836,60.5479452054795,14,2,45.5332725615314,0.359387666786873,78.94,7,28287.9926044483,2,0.0026600701563622,4466,Significant_Damage_And_Serious_Injuries
9390,40.1826484018265,16,7,59.8906107566089,0.287263613415074,79.45,2,43459.9317547451,1,0.585156049551852,74,Minor_Damage_And_Injuries
999,40.9132420091324,16,44,66.1349134001823,0.46108258204111,77.04,2,34608.2943986072,3,0.467631224501648,11644,Minor_Damage_And_Injuries
8410,46.2557077625571,15,18,70.6472196900638,0.179438153624233,77.03,4,32958.7093866118,3,0.0600603540074943,3570,Minor_Damage_And_Injuries
8156,72.9223744292237,10,19,60.5742935278031,0.367321312657771,86.4,7,21530.9638754351,2,0.0020601739139869,10315,Significant_Damage_And_Fatalities
6943,34.4292237442922,11,9,89.4257064721969,0.200354129102055,79.16,2,21123.6615107182,3,0.28708841944468,10594,Highly_Fatal_And_Damaging
9583,64.4292237442922,13,20,72.8805834092981,0.365157591056617,79.22,1,34183.3511992209,2,1.25637083671277,8399,Significant_Damage_And_Fatalities
4978,25.8904109589041,14,1,49.2707383773929,0.413480706815723,81.14,4,36789.6854758482,3,0.067196147915411,8207,Significant_Damage_And_Fatalities
6042,82.2374429223744,7,6,62.5341841385597,0.278608727010458,77.55,4,29333.0700005052,1,0.0528874696253254,1468,Significant_Damage_And_Fatalities
2050,16.4840182648402,20,3,69.8268003646308,0.316834475297511,78.78,3,30696.568878763,3,0.152942206224691,885,Significant_Damage_And_Serious_Injuries
2541,47.5342465753425,17,4,48.2224247948952,0.610018752253877,81.79,7,29646.1499330135,2,0.0026345636000138,9344,Significant_Damage_And_Serious_Injuries
7063,41.7808219178082,12,9,65.7247037374658,0.419250631085467,80.83,3,28320.7285987516,0,0.140626767258425,10785,Significant_Damage_And_Serious_Injuries
4574,64.5662100456621,9,2,91.2032816773017,0.297000360620267,83.53,6,30207.8523138926,1,0.0072546048634942,1359,Minor_Damage_And_Injuries
3996,43.2420091324201,12,10,52.1422060164084,0.522748647673999,79.89,1,21595.6871451792,1,0.80163630121652,7308,Minor_Damage_And_Injuries
4734,33.7899543378995,18,1,88.2862351868733,0.240382978723404,79.94,4,32222.0358753946,2,0.0586746001326933,3871,Minor_Damage_And_Injuries
2657,33.4246575342466,15,11,66.0437556973564,0.35686332491886,77.04,3,19873.2824053568,2,0.0984961040817364,6410,Significant_Damage_And_Serious_Injuries
2549,44.703196347032,12,4,60.0273473108478,0.633098449332852,77.55,3,39422.8467693878,2,0.195684890825247,5347,Significant_Damage_And_Serious_Injuries
7446,48.310502283105,11,3,53.9653600729262,0.312867652362062,76.85,2,37249.520086068,3,0.505802785572527,6955,Minor_Damage_And_Injuries
3505,16.1643835616438,17,12,84.2752962625342,0.306737107825459,81.29,4,46609.6705605493,1,0.0845834601765373,7144,Highly_Fatal_And_Damaging
1737,41.689497716895,19,6,69.8723792160438,0.23100685178507,76.94,2,44762.5045506306,3,0.607642842436207,6583,Significant_Damage_And_Fatalities
9281,82.2831050228311,8,13,45.897903372835,0.657981247746123,88.0,7,41873.4884147618,2,0.0039231913300046,9504,Significant_Damage_And_Serious_Injuries
9971,54.4748858447489,9,3,75.7064721969006,0.384991705733862,76.89,3,39092.0580179608,3,0.195684890825247,10295,Significant_Damage_And_Serious_Injuries
6119,25.662100456621,14,3,62.2607110300821,0.461803822574828,83.19,4,28465.3542383815,3,0.0520472009284067,9079,Highly_Fatal_And_Damaging
5869,68.2648401826484,8,3,79.0337283500456,0.329456184637577,78.24,4,34292.3523245949,3,0.0627929235604574,3595,Minor_Damage_And_Injuries
7945,42.5114155251142,12,13,35.2780309936189,0.869304724125496,81.11,6,28126.4685617393,4,0.0065469609654996,8860,Significant_Damage_And_Serious_Injuries
6417,48.2648401826484,10,7,86.8277119416591,0.199632888568337,83.55,6,32708.1391417124,4,0.0077776895832287,7379,Significant_Damage_And_Serious_Injuries
5098,43.6529680365297,8,5,67.7757520510483,0.262741435268662,77.28,1,34302.7258502924,3,1.2684727108881,11922,Highly_Fatal_And_Damaging
2431,35.3881278538813,11,6,74.8860528714676,0.236776776054814,78.91,2,40754.7656202953,0,0.551419592392081,4475,Highly_Fatal_And_Damaging
1321,65.3424657534246,4,8,53.9197812215132,0.284739271547061,86.98,6,33112.5218535072,2,0.0076510888242451,2629,Significant_Damage_And_Fatalities
5795,45.296803652968,15,8,71.5587967183227,0.319358817165525,76.86,7,64297.6512179186,3,0.0044042937342093,7024,Minor_Damage_And_Injuries
426,27.3972602739726,20,17,57.6116681859617,0.452788315903353,76.21,2,28456.00736787,0,0.384849445392131,12464,Minor_Damage_And_Injuries
8784,33.013698630137,12,1,48.313582497721,0.673127298954201,83.58,1,39741.3462846585,1,1.45971305847908,1205,Significant_Damage_And_Fatalities
4668,26.3926940639269,13,6,55.1504102096627,0.418529390551749,81.44,2,45020.5543496115,3,0.617744870168884,4101,Significant_Damage_And_Fatalities
2200,24.3835616438356,14,0,59.2980856882407,0.392564731337901,81.32,2,43290.0146033709,2,0.588559894511099,12301,Highly_Fatal_And_Damaging
5277,20.8675799086758,19,1,71.1941659070192,0.438724125495853,80.76,3,29061.3146985624,2,0.144784763505103,8583,Significant_Damage_And_Serious_Injuries
207,72.9223744292237,10,7,70.9206927985415,0.276084385142445,77.86,7,32463.032918282,0,0.0032238601136394,6731,Significant_Damage_And_Fatalities
6344,68.0365296803653,12,1,82.1330902461258,0.309982690227191,79.68,7,46540.2467885055,2,0.0038370838977165,4279,Significant_Damage_And_Fatalities
6839,52.1917808219178,13,3,85.278030993619,0.296639740353408,79.12,5,28885.5732444725,3,0.0204566081770176,5015,Minor_Damage_And_Injuries
8177,48.4474885844749,10,6,73.7010027347311,0.370206274792643,79.57,3,30361.8731058024,2,0.151493600815679,10564,Significant_Damage_And_Serious_Injuries
5505,15.4337899543379,17,29,72.4247948951687,0.355420843851424,80.4,4,38168.2845511766,1,0.0695073447784336,10566,Highly_Fatal_And_Damaging
1044,55.0228310502283,8,12,77.6663628076573,0.204320952037505,83.58,3,22637.5246682449,1,0.113475552580789,3771,Significant_Damage_And_Serious_Injuries
8413,52.8767123287671,9,0,73.3363719234275,0.432954201226109,87.23,6,25667.6530718603,0,0.0064098498207914,331,Significant_Damage_And_Serious_Injuries
5826,27.1232876712329,17,8,56.9279854147676,0.356142084385142,78.73,2,49516.4424657654,1,0.680017846372208,8486,Minor_Damage_And_Injuries
8587,41.5525114155251,13,2,55.9708295350957,0.441609087630725,84.87,1,29536.6428318262,0,1.08279062206135,8366,Minor_Damage_And_Injuries
1597,36.4840182648402,17,2,69.0063810391978,0.460000721240533,81.42,2,36933.8446810816,2,0.500932953505752,2727,Minor_Damage_And_Injuries
8136,21.9178082191781,18,13,62.8076572470374,0.330898665705012,79.4,3,29457.1314157155,2,0.147082418871215,4425,Significant_Damage_And_Serious_Injuries
1625,22.7397260273973,14,7,73.4275296262534,0.23461305445366,81.03,4,36453.5450127801,2,0.0659522021298071,7229,Highly_Fatal_And_Damaging
7364,29.8173515981735,12,0,59.2525068368277,0.509766318067075,78.22,2,40813.3057574463,3,0.549198026049296,3786,Highly_Fatal_And_Damaging
1308,36.9406392694064,11,0,73.7010027347311,0.369845654525784,82.2,2,7075.27378831759,2,0.0957534182118543,10046,Highly_Fatal_And_Damaging
1228,68.7214611872146,11,15,93.4822242479489,0.27788748647674,86.47,6,34581.680402299,2,0.0086081548306711,2070,Significant_Damage_And_Fatalities
1128,45.0228310502283,15,8,67.1376481312671,0.385352326000721,81.26,6,35985.1193586182,1,0.0089966566439127,9549,Minor_Damage_And_Injuries
5849,35.7990867579909,14,3,61.3947128532361,0.341717273710782,79.29,2,29818.3011307671,3,0.401586606844553,9432,Significant_Damage_And_Serious_Injuries
2444,51.1872146118721,10,15,55.6973564266181,0.502914532996754,83.6,3,24023.5877451124,3,0.119082572420123,8252,Significant_Damage_And_Serious_Injuries
3935,69.7716894977169,8,2,71.0118505013674,0.233891813919942,77.82,5,45351.5663157796,3,0.0290220099112873,3471,Minor_Damage_And_Injuries
166,54.8401826484018,5,28,79.8541476754786,0.2061240533718,80.05,4,17326.7709003087,4,0.0311584829016707,7061,Highly_Fatal_And_Damaging
36,40.8219178082192,9,7,41.02096627165,0.543304002884962,76.8,1,45255.7007356902,2,1.70002688793202,7462,Significant_Damage_And_Fatalities
9131,50.0,17,12,48.2680036463081,0.508684457266498,76.68,7,47882.5666610854,1,0.0046961159949105,489,Significant_Damage_And_Serious_Injuries
587,19.1780821917808,16,3,66.3172288058341,0.478031734583483,82.71,7,13790.8744728662,4,0.0014597965734335,9082,Highly_Fatal_And_Damaging
510,33.9269406392694,11,4,73.6098450319052,0.405907681211684,81.76,4,35227.8379906265,1,0.0640250122208822,6458,Highly_Fatal_And_Damaging
1549,21.2328767123288,15,5,62.7164995442115,0.39292535160476,84.03,4,20862.6343445671,2,0.0382474902668748,3068,Highly_Fatal_And_Damaging
3991,39.4977168949772,13,0,72.1969006381039,0.416726289217454,78.3,3,29135.8671429797,4,0.145497843024578,1063,Significant_Damage_And_Serious_Injuries
6701,37.4429223744292,14,4,52.9170464904284,0.325849981968986,78.64,3,30464.2328578244,2,0.151103535537813,7935,Minor_Damage_And_Injuries
9319,47.1689497716895,11,2,73.9744758432088,0.232809953119365,81.58,3,30090.2776648611,1,0.149447389548586,101,Significant_Damage_And_Serious_Injuries
5855,18.1278538812785,16,7,62.0783956244303,0.466131265777136,77.48,7,26748.2070214776,2,0.0023103689866362,1483,Highly_Fatal_And_Damaging
1715,16.4840182648402,16,16,45.5332725615314,0.496783988460151,77.56,1,20937.4352156767,1,0.771558067118472,673,Significant_Damage_And_Fatalities
4366,30.5022831050228,12,0,68.6417502278943,0.413480706815723,81.07,4,40657.7633959541,2,0.0736509209184376,9738,Highly_Fatal_And_Damaging
9901,29.4977168949772,16,2,64.8131267092069,0.438002884962135,81.76,4,24242.431985579,2,0.0443025905213973,10144,Significant_Damage_And_Serious_Injuries
2893,19.4063926940639,16,0,51.4585232452142,0.42177497295348,79.07,2,36091.5527721269,2,0.488682348438616,293,Significant_Damage_And_Fatalities
2948,56.7123287671233,12,10,70.1914311759344,0.394007212405337,78.47,7,26424.9508350846,2,0.0022362106193848,1852,Minor_Damage_And_Injuries
6002,58.4474885844749,11,1,66.6362807657247,0.316834475297511,84.11,2,21374.9791131121,2,0.286821821953301,12404,Minor_Damage_And_Injuries
3260,62.0091324200913,10,2,66.4995442114859,0.386794807068157,80.72,5,30752.6337971837,4,0.0204566081770176,9618,Minor_Damage_And_Injuries
7303,46.7123287671233,18,4,66.1804922515953,0.456394518571944,83.01,7,15301.2519569662,3,0.0012998314177207,6128,Significant_Damage_And_Fatalities
7441,49.6803652968036,13,7,48.2680036463081,0.516618103137396,78.73,2,39207.8409430981,0,0.525000448580524,6959,Highly_Fatal_And_Damaging
2296,47.7625570776256,14,1,65.0865998176846,0.330538045438154,82.3,2,16099.4774068421,4,0.209602822932632,7241,Minor_Damage_And_Injuries
5619,42.0091324200913,16,13,59.2069279854148,0.408071402812838,83.64,4,39034.3704321108,3,0.0718018696549619,10066,Minor_Damage_And_Injuries
1402,47.7168949771689,11,9,74.7037374658159,0.225236927515326,78.56,3,41528.151296693,2,0.208475823050671,6956,Significant_Damage_And_Serious_Injuries
6755,56.4383561643835,12,4,46.0802187784868,0.589463397042914,78.82,3,22169.2085958915,2,0.110523042129989,10155,Highly_Fatal_And_Damaging
8376,41.7351598173516,19,11,42.7985414767548,0.537894698882077,76.6,6,51044.7091093402,2,0.0126813008067152,10417,Significant_Damage_And_Serious_Injuries
6390,25.5707762557078,18,7,55.2871467639016,0.647523260007212,82.2,4,43803.4361082034,1,0.0803234247115428,11782,Minor_Damage_And_Injuries
951,43.8356164383562,12,1,64.2661804922516,0.273560043274432,80.77,3,34616.5337280709,2,0.173360461788059,4158,Significant_Damage_And_Serious_Injuries
7612,32.8767123287671,15,4,79.535095715588,0.222351965380454,77.87,4,43569.6921226912,2,0.0796416216471924,6894,Significant_Damage_And_Serious_Injuries
3769,49.5890410958904,10,3,88.6508659981769,0.17330760908763,80.98,6,46306.1920701527,3,0.0113685931153539,7791,Significant_Damage_And_Serious_Injuries
63,49.0867579908676,14,4,68.0948040109389,0.294115398485395,79.63,1,26992.7869170996,1,0.991433466950959,11015,Minor_Damage_And_Injuries
8064,47.8995433789954,17,22,53.7830446672744,0.437642264695276,79.37,6,23007.8887592863,0,0.0053353160716145,9208,Significant_Damage_And_Serious_Injuries
7334,48.4931506849315,14,14,63.947128532361,0.387516047601875,77.78,4,24023.5877451124,2,0.0435767669649704,5220,Minor_Damage_And_Injuries
7424,35.7077625570776,11,8,69.2342752962625,0.430790479624955,76.74,4,48613.9708748668,1,0.0884973764056748,10393,Highly_Fatal_And_Damaging
9473,0.0,20,9,80.4466727438469,0.396892174540209,79.01,1,31491.27635949,2,1.16290206831625,11142,Highly_Fatal_And_Damaging
2078,56.7123287671233,15,3,64.5852324521422,0.284018031013343,79.72,7,30615.0043937329,3,0.0026708705218668,56,Significant_Damage_And_Fatalities
1335,42.5114155251142,9,3,63.947128532361,0.277526866209881,79.26,4,43621.7313982517,2,0.0801631199888322,6714,Highly_Fatal_And_Damaging
5844,43.5616438356164,19,4,80.4010938924339,0.337029210241615,82.0,7,20106.7303917632,4,0.0020465056072726,10270,Significant_Damage_And_Fatalities
3635,58.1278538812785,15,4,61.6226071103008,0.491735304724126,80.98,5,15703.5605621482,2,0.0108072656643546,2022,Significant_Damage_And_Fatalities
1060,20.1826484018265,15,0,74.0656335460346,0.424299314821493,80.85,1,18856.4834123892,4,0.685290136584357,2003,Highly_Fatal_And_Damaging
9891,29.5433789954338,16,12,47.7210574293528,0.374533717994951,81.45,2,33717.6108535464,1,0.454659027571974,1670,Minor_Damage_And_Injuries
7963,61.2328767123288,7,2,61.5770282588879,0.250119725928597,78.17,2,44899.0705087481,3,0.603490069579617,8111,Highly_Fatal_And_Damaging
7960,21.4611872146119,15,2,65.2689152233364,0.523469888207717,81.55,5,13118.5372956393,2,0.0085309014094308,1267,Highly_Fatal_And_Damaging
3046,32.8767123287671,18,11,54.1932543299909,0.323686260367832,81.49,1,28475.1600066966,3,1.05028681182213,4894,Minor_Damage_And_Injuries
5014,29.7716894977169,12,0,56.8824065633546,0.378139920663541,79.4,4,35888.9398852774,2,0.0665314538675571,2168,Highly_Fatal_And_Damaging
4072,50.5022831050228,6,3,80.355515041021,0.293394157951677,77.2,4,45606.553612458,3,0.0827923767001147,12135,Highly_Fatal_And_Damaging
1676,60.1826484018265,14,22,48.8149498632635,0.638147133068878,78.91,2,39313.0059564466,2,0.533890828441657,11350,Highly_Fatal_And_Damaging
1884,36.3926940639269,14,13,63.3546034639927,0.252283447529751,86.57,7,38340.1216892705,2,0.0035504538859374,6595,Significant_Damage_And_Serious_Injuries
6903,45.7990867579909,11,17,72.2424794895169,0.19494482509917,77.89,5,29143.7545487936,1,0.0194629461559457,3900,Significant_Damage_And_Serious_Injuries
8798,40.8675799086758,9,34,51.9143117593437,0.488489722322394,78.5,1,34151.7001524221,2,1.2490580969436,7709,Significant_Damage_And_Fatalities
9079,20.958904109589,19,7,66.6362807657247,0.504717634331049,82.34,3,50882.1687686303,4,0.255142001183452,1244,Significant_Damage_And_Serious_Injuries
215,48.7214611872146,10,19,62.1695533272562,0.552319509556437,79.42,3,35329.4120836758,2,0.175624748220402,12443,Significant_Damage_And_Serious_Injuries
408,33.8812785388128,11,14,71.4676390154968,0.273560043274432,76.97,1,43611.8162404295,4,1.62366182311179,1772,Highly_Fatal_And_Damaging
8627,36.5753424657534,14,22,87.4658158614403,0.250480346195456,82.46,6,26029.1632624791,1,0.0064529211403331,2545,Significant_Damage_And_Serious_Injuries
6545,31.5981735159817,12,0,80.6745670009116,0.228121889650198,80.66,4,35236.6318842485,1,0.0639610596417436,7571,Highly_Fatal_And_Damaging
9726,45.4794520547945,15,31,78.4867821330902,0.37489433826181,78.29,6,17474.5485605647,2,0.004632261139873,974,Minor_Damage_And_Injuries
6788,41.1872146118721,13,7,65.1777575205105,0.370927515326361,79.42,3,38658.5692752129,3,0.193178641241289,3076,Significant_Damage_And_Serious_Injuries
3512,18.1278538812785,16,5,62.8988149498633,0.491374684457266,77.42,4,52319.1662876134,2,0.0934916459227156,11445,Highly_Fatal_And_Damaging
1557,70.0,8,1,55.6517775752051,0.508684457266498,81.42,2,40177.3017762019,1,0.542720465498432,8451,Highly_Fatal_And_Damaging
255,31.7351598173516,15,11,45.897903372835,0.560253155427335,84.94,6,36060.0478650539,2,0.0084705843858861,574,Minor_Damage_And_Injuries
9083,11.8264840182648,18,6,54.4667274384686,0.340996033177064,81.91,1,42453.4527180898,2,1.56365104590688,6962,Significant_Damage_And_Fatalities
6544,62.6940639269406,10,6,85.278030993619,0.306737107825459,78.08,2,27803.3130271355,3,0.37781960523515,904,Minor_Damage_And_Injuries
4748,34.0182648401826,18,1,48.4958979033728,0.441969707897583,82.31,1,28193.962254837,1,1.03719790787182,12216,Highly_Fatal_And_Damaging
9878,43.6986301369863,8,3,74.7493163172288,0.28509989181392,81.13,2,23412.7822849923,1,0.317264638371491,5975,Highly_Fatal_And_Damaging
5414,30.7305936073059,16,16,66.4995442114859,0.346765957446808,86.13,6,33567.8763125468,2,0.0083170757330415,1071,Significant_Damage_And_Serious_Injuries
9746,53.4703196347032,16,7,34.6855059252507,0.584054093040028,80.78,7,11567.0794388674,3,0.0015087152614639,5684,Significant_Damage_And_Serious_Injuries
8908,56.7579908675799,8,10,59.024612579763,0.438724125495853,77.65,2,38165.4207238734,1,0.514732243183487,8601,Significant_Damage_And_Serious_Injuries