,Safety_Score,Days_Since_Inspection,Total_Safety_Complaints,Control_Metric,Turbulence_In_gforces,Cabin_Temperature,Accident_Type_Code,Max_Elevation,Violations,Adverse_Weather_Metric,Accident_ID,Severity
3634,38.7671232876712,13,5,64.6763901549681,0.370927515326361,77.5,3,31193.4661135602,0,0.155972033378461,5470,Significant_Damage_And_Serious_Injuries
437,29.7716894977169,13,2,52.3245214220602,0.280411828344753,82.43,1,29416.7915541967,2,1.0963361566327,1786,Highly_Fatal_And_Damaging
3330,37.2602739726027,14,5,65.6791248860529,0.267790119004688,80.22,6,38340.1216892705,2,0.0103375714698017,142,Significant_Damage_And_Serious_Injuries
4132,48.9954337899543,14,3,58.4776663628077,0.387876667868734,82.99,2,37854.0579003469,2,0.512529005817856,11255,Minor_Damage_And_Injuries
4960,25.296803652968,14,8,40.2917046490429,0.429708618824378,78.69,4,35186.8752843927,2,0.0645364140643536,11046,Significant_Damage_And_Fatalities
7720,44.7488584474886,12,4,60.0273473108478,0.407710782545979,77.1,5,38801.3690549755,2,0.026380928931565,6707,Significant_Damage_And_Serious_Injuries
5803,29.9543378995434,16,5,61.6681859617138,0.484883519653804,78.23,4,42708.8544741583,3,0.0791980619761317,6329,Significant_Damage_And_Serious_Injuries
6542,82.2831050228311,8,35,45.3965360072927,0.735153984853949,78.61,7,33726.9436744342,2,0.0032933848000291,7268,Significant_Damage_And_Serious_Injuries
8820,21.2328767123288,15,0,67.4567000911577,0.523469888207717,78.41,4,40580.037740715,4,0.0745197124194174,10565,Highly_Fatal_And_Damaging
6944,11.8264840182648,18,5,89.8814949863263,0.481637937252074,81.97,1,26991.8380389602,2,1.00725096824699,2095,Highly_Fatal_And_Damaging
5526,56.8493150684931,8,1,54.4667274384686,0.348929679047962,78.04,1,45741.2045089614,2,1.66486418964678,2394,Minor_Damage_And_Injuries
2924,22.1004566210046,15,19,33.9562443026436,0.499308330328164,80.98,1,26597.1543122835,3,0.978454626515347,7985,Significant_Damage_And_Fatalities
6527,27.8538812785388,17,1,57.2926162260711,0.439805986296429,79.81,7,13671.3751225996,3,0.0012998314177207,3342,Significant_Damage_And_Serious_Injuries
425,75.296803652968,6,9,68.1403828623519,0.21333645870898,78.37,4,34905.791923836,2,0.0639057568277937,2876,Minor_Damage_And_Injuries
7117,60.1826484018265,14,13,64.4484958979034,0.341356653443924,76.52,7,31355.0755976643,2,0.0028227790315793,11441,Significant_Damage_And_Fatalities
7452,41.6438356164383,19,4,80.4010938924339,0.286542372881356,82.64,7,5513.58652800857,2,0.0012314552361851,3467,Significant_Damage_And_Fatalities
832,29.4520547945205,13,34,52.5524156791249,0.542943382618103,76.62,1,32193.5466037107,2,1.19173458023308,8899,Significant_Damage_And_Fatalities
6225,19.3607305936073,19,3,64.5396536007293,0.282575549945907,79.47,3,38399.455104896,2,0.190396357309199,10469,Significant_Damage_And_Serious_Injuries
1564,33.972602739726,11,22,60.0273473108478,0.448460872701046,78.64,4,32746.0286654764,1,0.0601777442176999,9263,Highly_Fatal_And_Damaging
6048,29.0867579908676,20,8,54.876937101185,0.47911359538406,78.34,3,25239.6627058985,2,0.126257239142653,6835,Highly_Fatal_And_Damaging
8607,37.8082191780822,14,18,58.0674567000912,0.467573746844573,83.08,3,40226.1782629885,3,0.202363110539689,1918,Significant_Damage_And_Serious_Injuries
69,48.6301369863014,11,4,79.7629899726527,0.255168409664623,82.66,3,34032.0959991224,0,0.170265585090925,11302,Significant_Damage_And_Serious_Injuries
3051,15.2054794520548,21,3,84.8678213309025,0.245071042192571,79.6,1,48513.2945923516,1,1.77934417304994,1964,Minor_Damage_And_Injuries
2800,51.4611872146119,13,2,65.5423883318141,0.344962856112513,78.63,1,51183.8825645968,2,1.84388606166323,896,Minor_Damage_And_Injuries
8236,45.4337899543379,15,10,77.5296262534184,0.355060223584565,79.07,2,41118.8952653631,2,0.556606594610154,5776,Minor_Damage_And_Injuries
7170,59.4520547945205,14,8,52.4156791248861,0.405186440677966,79.39,7,40757.0937838523,3,0.0035447295442824,12197,Significant_Damage_And_Serious_Injuries
1781,68.2191780821918,8,2,56.7000911577028,0.557007573025604,82.71,7,29654.872160627,3,0.0026777424402933,1452,Significant_Damage_And_Serious_Injuries
7395,42.1917808219178,12,9,69.5989061075661,0.29555787955283,78.11,7,38924.6214354371,2,0.0035461952531976,2360,Significant_Damage_And_Serious_Injuries
8550,25.662100456621,17,5,47.9033728350046,0.510126938333934,77.78,3,41508.4400941862,2,0.207361290677516,10485,Minor_Damage_And_Injuries
3132,54.2465753424657,5,2,55.6517775752051,0.604970068517851,81.79,3,27569.7208350064,3,0.137550417696252,1961,Significant_Damage_And_Serious_Injuries
468,72.0091324200913,10,1,89.9726526891523,0.231367472051929,79.71,7,35847.895873568,4,0.0030959197693667,11651,Significant_Damage_And_Fatalities
9242,27.2602739726027,17,18,80.0820419325433,0.30313090515687,77.09,6,42138.1904119064,2,0.0094568128594053,11031,Significant_Damage_And_Serious_Injuries
4215,82.2374429223744,7,3,73.3819507748405,0.295197259285972,84.62,3,38792.5776652525,2,0.192732679814333,7799,Significant_Damage_And_Fatalities
6619,20.1826484018265,15,2,65.9981768459435,0.537173458348359,79.71,4,31682.6709389972,4,0.0563295397232032,2359,Highly_Fatal_And_Damaging
501,48.3561643835616,11,4,84.5487693710119,0.25985647313379,84.75,4,31976.3514880961,2,0.0590167173353565,7239,Significant_Damage_And_Serious_Injuries
7622,51.8721461187215,6,2,49.6809480401094,0.361551388388027,78.23,7,32253.3806018104,3,0.003039035308744,3340,Significant_Damage_And_Fatalities
1008,52.3744292237443,16,5,40.5195989061076,0.608215650919581,79.06,7,35353.918987519,0,0.0033427628274021,12052,Significant_Damage_And_Serious_Injuries
6045,46.62100456621,11,0,60.3008204193255,0.504717634331049,87.47,6,28384.9667248429,0,0.0070776478363846,12031,Significant_Damage_And_Serious_Injuries
9012,33.2420091324201,15,0,76.7547857793984,0.497505228993869,82.06,2,50246.9001511825,1,0.678555591591014,6763,Significant_Damage_And_Serious_Injuries
9124,27.3972602739726,17,0,61.2579762989973,0.48632600072124,77.98,3,32785.6459081019,0,0.162844235963404,9524,Significant_Damage_And_Serious_Injuries
3305,34.8858447488584,11,5,43.0720145852325,0.518421204471691,82.7,1,34595.3633432901,2,1.27950242269574,5970,Significant_Damage_And_Fatalities
9618,50.2283105022831,13,6,62.9443938012762,0.351093400649116,80.22,2,43971.7104530714,1,0.592421266424541,2980,Minor_Damage_And_Injuries
9428,65.3424657534246,3,6,88.0583409298086,0.271756941940137,77.63,6,33027.7395917952,1,0.0081169289831728,1787,Highly_Fatal_And_Damaging
2775,12.6940639269406,18,13,50.1367365542388,0.447739632167328,76.52,4,32187.5437770809,2,0.0594585122059251,2442,Significant_Damage_And_Fatalities
8928,50.7305936073059,13,8,47.7210574293528,0.495702127659574,76.26,3,22096.2313577293,2,0.110134122113543,1067,Highly_Fatal_And_Damaging
8129,25.296803652968,14,3,76.8003646308113,0.242907320591417,80.06,3,33319.4538870578,3,0.164830368934041,10848,Highly_Fatal_And_Damaging
3642,59.8173515981735,14,0,52.4156791248861,0.2923122971511,79.22,7,44372.3689299579,3,0.004052826785921,7152,Significant_Damage_And_Serious_Injuries
2121,30.7762557077626,19,3,59.8906107566089,0.439084745762712,78.25,3,24242.431985579,2,0.119911593140671,5720,Minor_Damage_And_Injuries
2207,39.7260273972603,17,8,69.4165907019143,0.306376487558601,76.92,2,49422.6277653414,3,0.673466223494712,1781,Minor_Damage_And_Injuries
5954,19.2237442922374,16,1,76.5268915223336,0.270314460872701,82.97,1,34379.3077561369,5,1.26276880923123,3189,Highly_Fatal_And_Damaging
8305,47.351598173516,11,8,70.1914311759344,0.280411828344753,76.71,3,38924.6214354371,1,0.193090443884492,3301,Significant_Damage_And_Serious_Injuries
6883,42.5114155251142,16,7,37.2379216043756,0.577923548503426,77.9,2,24285.8919300678,2,0.330528596660346,10686,Highly_Fatal_And_Damaging
8366,54.5205479452055,12,2,73.0173199635369,0.32116191849982,80.53,5,58976.8520255293,3,0.0351650331134311,1399,Minor_Damage_And_Injuries
7518,36.1643835616438,11,2,68.4138559708295,0.377058059862964,81.53,1,24420.713003042,1,0.890281948019857,6309,Highly_Fatal_And_Damaging
6984,40.8219178082192,13,0,51.8231540565178,0.491014064190407,78.22,4,34711.4746197655,2,0.0634463747371802,9868,Significant_Damage_And_Serious_Injuries
6574,50.0456621004566,17,14,80.4922515952598,0.218024522178146,81.04,6,32867.8635713521,1,0.0081280799171015,12042,Significant_Damage_And_Fatalities
4879,34.6575342465753,11,5,74.8860528714676,0.31358889289578,81.27,4,29518.3315276388,2,0.0527156406454591,6709,Highly_Fatal_And_Damaging
9980,33.2420091324201,15,0,67.0009115770283,0.387516047601875,79.14,3,34176.1227163592,3,0.171256350016871,4486,Significant_Damage_And_Serious_Injuries
6146,38.2648401826484,10,0,71.285323609845,0.417808150018031,84.92,4,40160.7024034573,2,0.0745708540130751,7607,Highly_Fatal_And_Damaging
4936,78.4474885844749,9,1,51.3673655423883,0.523830508474576,87.34,7,38170.7498413797,2,0.0034627708419713,9576,Significant_Damage_And_Serious_Injuries
4778,48.8127853881278,7,2,73.7010027347311,0.203599711503786,78.62,4,41910.8098811917,3,0.0760172273487276,350,Highly_Fatal_And_Damaging
6915,37.4885844748858,10,21,74.5214220601641,0.364436350522899,77.26,5,29921.1344954976,1,0.0203538907847209,12479,Highly_Fatal_And_Damaging
5999,40.365296803653,10,5,56.517775752051,0.404104579877389,76.18,3,7330.43313913308,1,0.0124778111374111,8600,Highly_Fatal_And_Damaging
5251,7.85388127853881,19,12,66.9553327256153,0.469737468445727,82.66,6,39901.6054859658,2,0.0098936103088182,1253,Highly_Fatal_And_Damaging
8154,62.6940639269406,13,16,75.7520510483136,0.333062387306166,77.94,7,43771.0964842182,2,0.0038460374795458,8226,Significant_Damage_And_Fatalities
6385,46.2557077625571,19,4,80.4010938924339,0.337029210241615,76.35,2,41494.368499835,2,0.561343946515332,1308,Significant_Damage_And_Fatalities
1569,41.0045662100457,9,7,41.02096627165,0.42898737829066,81.62,4,35698.6267800021,1,0.0651636744257849,10768,Significant_Damage_And_Fatalities
4935,35.3881278538813,18,0,76.4357338195078,0.278608727010458,75.88,4,31531.7961960508,3,0.0576230616227392,9796,Minor_Damage_And_Injuries
4917,39.8173515981735,10,1,57.5205104831358,0.277526866209881,86.98,4,38817.0897087123,3,0.0708873270749383,6817,Highly_Fatal_And_Damaging
8780,48.310502283105,10,4,100.0,0.209009015506671,78.58,2,39190.5363124324,4,0.528221263058296,6396,Significant_Damage_And_Serious_Injuries
1389,58.4474885844749,11,10,64.5852324521422,0.339553552109629,83.01,2,33226.1306928098,2,0.449741028719997,6110,Minor_Damage_And_Injuries
5696,20.5479452054795,15,2,55.6973564266181,0.311425171294627,77.13,4,30363.1407518457,1,0.0553078262715637,10091,Significant_Damage_And_Fatalities
9678,54.337899543379,12,5,73.4731084776664,0.222351965380454,75.69,5,22004.4704078618,3,0.0142540310188067,2460,Minor_Damage_And_Injuries
9822,50.958904109589,10,0,69.8268003646308,0.381746123332131,77.39,2,36247.5362907565,4,0.493776601022126,8156,Significant_Damage_And_Serious_Injuries
2238,55.662100456621,12,10,56.0619872379216,0.281133068878471,79.28,6,37014.2169525702,2,0.0084275714341822,11159,Highly_Fatal_And_Damaging
6488,55.9360730593607,15,5,80.355515041021,0.243628561125135,80.09,7,31177.1180134519,2,0.0028145064509431,11961,Significant_Damage_And_Fatalities
8396,57.945205479452,4,4,40.5651777575205,0.445215290299315,77.46,2,33751.1121700652,2,0.454618023939776,6176,Significant_Damage_And_Fatalities
5288,52.9223744292237,9,3,72.6071103008204,0.2061240533718,78.03,3,45351.5663157796,3,0.224922205425169,7610,Significant_Damage_And_Serious_Injuries
2678,26.4840182648402,14,2,79.3983591613491,0.294836639019113,84.78,3,46445.7090961569,2,0.232873361874262,7909,Highly_Fatal_And_Damaging
6340,18.310502283105,16,3,73.1996353691887,0.204320952037505,76.63,1,49396.8764131783,3,1.86385648085953,5933,Highly_Fatal_And_Damaging
9022,53.9269406392694,12,8,57.5205104831358,0.351093400649116,83.57,3,32346.154299063,0,0.159788367922469,9749,Minor_Damage_And_Injuries
7757,39.1780821917808,13,3,74.9772105742936,0.361551388388027,79.53,3,37209.4334568823,1,0.18526859547038,11718,Significant_Damage_And_Serious_Injuries
8750,47.8538812785388,14,2,41.841385597083,0.585496574107465,77.74,3,22470.3747333267,3,0.112551766589855,1741,Highly_Fatal_And_Damaging
4798,27.3972602739726,20,4,71.2397447584321,0.438724125495853,80.13,4,39215.0592883377,2,0.0714856336544902,11814,Minor_Damage_And_Injuries
749,17.5799086757991,21,2,54.0109389243391,0.620837360259647,76.35,4,24455.0851973201,2,0.0447047839318407,3973,Significant_Damage_And_Fatalities
9566,38.8584474885845,10,2,57.4749316317229,0.333423007573026,79.22,4,30231.9993157823,1,0.0554629237628166,3676,Highly_Fatal_And_Damaging
3194,52.9223744292237,9,3,73.3363719234275,0.434396682293545,85.72,4,26335.2237996347,2,0.0484619583526901,10989,Significant_Damage_And_Serious_Injuries
6649,46.986301369863,11,0,77.073837739289,0.272117562206996,79.03,3,24609.0335512452,0,0.121366162400479,1008,Significant_Damage_And_Serious_Injuries
3288,59.4520547945205,14,15,85.5970829535096,0.346405337179949,77.08,7,34472.083799485,2,0.0032123630149128,12333,Significant_Damage_And_Fatalities
5461,53.7442922374429,16,0,82.9535095715588,0.248677244861161,79.6,7,27550.5913743851,1,0.0022863842582882,3345,Significant_Damage_And_Fatalities
5582,42.3744292237443,12,4,78.3956244302644,0.245792282726289,80.2,6,22597.0959547712,1,0.0056665603554568,11670,Significant_Damage_And_Serious_Injuries
1684,34.7488584474886,14,4,62.0783956244303,0.493899026325279,83.19,1,23728.3517080817,3,0.875036655691784,3194,Significant_Damage_And_Serious_Injuries
7269,50.2283105022831,13,5,73.4731084776664,0.28870609448251,81.58,3,43655.1252570343,1,0.214762760356308,3104,Minor_Damage_And_Injuries
6763,50.5479452054795,13,20,94.2114858705561,0.304212765957447,78.55,7,22151.6148638974,3,0.0019633697659015,3877,Minor_Damage_And_Injuries
2720,50.7305936073059,7,5,65.6335460346399,0.267790119004688,81.97,3,19643.5987363401,2,0.0999430144336609,4418,Highly_Fatal_And_Damaging
5172,29.7260273972603,12,17,75.7520510483136,0.381746123332131,76.75,1,55683.7444753324,0,2.05771410396436,1601,Highly_Fatal_And_Damaging
7386,54.1095890410959,12,10,69.644484958979,0.333423007573026,77.03,5,35167.1709289219,2,0.0237990658424012,7105,Minor_Damage_And_Injuries
8312,46.8949771689498,18,11,66.1804922515953,0.377418680129823,81.76,5,27222.8941270034,1,0.0191324436332997,1614,Significant_Damage_And_Fatalities
8017,57.4885844748858,8,0,73.2907930720146,0.352175261449693,76.93,5,24044.671508818,2,0.0160590028237088,7192,Significant_Damage_And_Serious_Injuries
5477,62.6940639269406,6,2,73.1540565177758,0.260938333934367,79.19,7,31290.5115253014,2,0.0029008792723482,2933,Significant_Damage_And_Serious_Injuries
8091,22.0547945205479,15,7,92.3883318140383,0.185208077893978,81.03,4,28994.8333817836,1,0.0529759992897854,1554,Highly_Fatal_And_Damaging
7357,49.5890410958904,13,3,31.0847766636281,0.607133790119004,79.25,1,31864.0881889396,0,1.16675227693438,3244,Minor_Damage_And_Injuries
5988,17.5799086757991,16,0,62.8988149498633,0.477671114316625,77.65,4,26257.3879229299,1,0.0481755010618988,10466,Highly_Fatal_And_Damaging
463,38.310502283105,13,2,65.9981768459435,0.403383339343671,75.68,3,21411.0209069077,4,0.105814390731254,4239,Significant_Damage_And_Serious_Injuries
9511,39.8173515981735,13,0,66.2716499544212,0.340996033177064,78.96,3,38973.1647547029,2,0.19399576228932,81,Significant_Damage_And_Serious_Injuries
9920,50.958904109589,10,7,69.0975387420237,0.380303642264695,86.4,6,28320.7285987516,2,0.0065690389430568,1449,Significant_Damage_And_Serious_Injuries
7911,21.2785388127854,15,17,75.2506836827712,0.289427335016228,82.31,4,17117.8257190775,2,0.0311584829016707,7930,Highly_Fatal_And_Damaging
3690,60.2283105022831,7,11,80.4466727438469,0.305294626758024,75.64,6,26194.6862921461,2,0.0070167134895417,8332,Significant_Damage_And_Serious_Injuries
4272,49.5890410958904,10,8,55.2415679124886,0.264905156869816,83.6,7,37713.772281611,2,0.003578425309933,3653,Minor_Damage_And_Injuries
9183,42.9680365296804,15,8,78.669097538742,0.338471691309052,79.99,1,51183.8825645968,3,1.84388606166323,1079,Minor_Damage_And_Injuries
3759,35.2511415525114,11,4,48.2680036463081,0.438002884962135,85.26,1,39723.5631584225,1,1.45554570789757,749,Significant_Damage_And_Fatalities
9266,29.634703196347,16,0,67.8213309024613,0.445936530833032,82.12,3,41373.2348849062,2,0.206458994146694,5865,Significant_Damage_And_Serious_Injuries
6929,29.8630136986301,12,6,74.9316317228806,0.265626397403534,77.0,1,33036.6523319837,2,1.2138584565258,897,Highly_Fatal_And_Damaging
3285,47.5342465753425,11,6,66.40838650866,0.395449693472773,81.69,3,39675.1874961908,1,0.197627289388574,9470,Significant_Damage_And_Serious_Injuries
5707,36.1643835616438,11,2,77.9854147675479,0.241104219257122,80.35,4,36963.934273338,3,0.0670251454671363,7443,Highly_Fatal_And_Damaging
7398,31.0958904109589,12,7,87.5569735642662,0.215860800576992,78.93,3,46043.9858100506,0,0.228868428380583,6898,Highly_Fatal_And_Damaging
1496,28.8584474885845,16,0,52.461257976299,0.401219617742517,82.53,2,37999.3671044333,1,0.516166765140638,1520,Minor_Damage_And_Injuries
3721,54.1095890410959,12,6,57.5205104831358,0.370927515326361,79.42,2,43412.8879047271,2,0.586145251799055,1500,Minor_Damage_And_Injuries
1970,50.5022831050228,10,0,70.3281677301732,0.325849981968986,79.75,6,26501.859027862,0,0.0067880151618543,6711,Significant_Damage_And_Serious_Injuries
9271,27.9908675799087,20,1,73.6554238833182,0.412038225748287,81.57,7,36989.0802344552,1,0.0036868583858324,12073,Minor_Damage_And_Injuries
2537,50.7762557077626,10,12,77.6663628076573,0.23100685178507,84.48,3,41662.6922278005,2,0.208458585806466,10368,Significant_Damage_And_Serious_Injuries
7925,38.8127853881278,13,0,61.5314494074749,0.424299314821493,86.39,3,831.69555342133,3,0.0476009651917602,100,Significant_Damage_And_Serious_Injuries
190,32.1004566210046,12,16,81.4494074749317,0.29555787955283,77.84,1,41697.1749234405,0,1.53438892314887,7567,Highly_Fatal_And_Damaging
8853,40.9132420091324,13,2,55.6517775752051,0.444854670032455,85.26,3,27569.7208350064,0,0.137231411214061,2610,Minor_Damage_And_Injuries
2274,63.2876712328767,10,1,53.2360984503191,0.427905517490083,83.9,2,26298.0719606263,2,0.355624090107977,2005,Highly_Fatal_And_Damaging
8038,57.5799086757991,11,9,83.9106654512306,0.242907320591417,83.11,7,30207.8523138926,3,0.0029061129262465,5846,Minor_Damage_And_Injuries
7972,46.3470319634703,11,5,73.8833181403829,0.370927515326361,81.11,2,59108.8771655082,4,0.780994745413651,10625,Significant_Damage_And_Serious_Injuries
2602,70.5479452054795,7,3,70.0546946216956,0.381746123332131,80.71,6,36841.5011117076,4,0.0086686649372536,6768,Minor_Damage_And_Injuries
1514,46.5753424657534,11,0,57.9762989972653,0.61939487919221,82.71,2,25377.6139205903,2,0.343448656781249,12303,Significant_Damage_And_Serious_Injuries
1179,75.296803652968,5,4,57.5205104831358,0.401580238009376,83.04,3,40485.8932005406,2,0.200329336130819,121,Minor_Damage_And_Injuries
4712,50.3196347031963,13,0,70.2825888787603,0.546188965019834,83.76,5,25562.6034711693,0,0.0175108013766839,10161,Minor_Damage_And_Injuries
7185,46.3470319634703,7,1,75.7064721969006,0.368763793725207,77.33,4,43619.815305396,3,0.0806638923240863,6220,Highly_Fatal_And_Damaging
1132,10.0456621004566,18,9,54.4667274384686,0.357584565452579,81.48,4,33896.0232636711,2,0.062471887902611,4137,Significant_Damage_And_Fatalities
609,39.6803652968037,13,2,89.2433910665451,0.207566534439235,80.85,3,39455.0809877443,3,0.197648961032208,260,Significant_Damage_And_Serious_Injuries
4800,44.5205479452055,12,0,63.8559708295351,0.27788748647674,82.41,5,21402.7601137385,3,0.0148082405234847,7220,Significant_Damage_And_Serious_Injuries
8189,41.324200913242,16,2,80.0364630811304,0.234252434186801,76.8,6,33323.2909885593,1,0.0091457927339458,907,Minor_Damage_And_Injuries
187,50.8675799086758,13,3,62.6253418413856,0.525272989542012,89.82,5,32791.0147436882,1,0.0212246538797448,4064,Minor_Damage_And_Injuries
1119,33.9269406392694,11,1,55.1048313582498,0.309261449693473,78.46,5,32028.7420815426,0,0.0224161065100833,2489,Significant_Damage_And_Fatalities
1329,20.5479452054795,15,2,86.6453965360073,0.346405337179949,79.07,3,18915.5090248707,4,0.0955986499335119,7128,Highly_Fatal_And_Damaging
9792,56.8493150684931,12,7,64.4484958979034,0.448460872701046,80.12,2,40177.3017762019,3,0.541478440848785,8326,Minor_Damage_And_Injuries
8952,9.49771689497717,19,12,70.6016408386509,0.23100685178507,78.2,6,45351.5663157796,2,0.0117759856610587,2612,Highly_Fatal_And_Damaging
55,40.7762557077626,13,0,45.4421148587056,0.598118283447529,76.37,2,22443.8935714049,1,0.306870692970856,10487,Minor_Damage_And_Injuries
1599,24.0639269406393,14,7,71.0574293527803,0.350011539848539,76.36,4,17717.0226036745,2,0.0317004518773675,5441,Highly_Fatal_And_Damaging
4769,66.4840182648402,12,2,62.3518687329079,0.402662098809953,81.81,5,34233.0433595664,1,0.0227520656738623,6575,Significant_Damage_And_Fatalities
5658,44.8401826484018,8,4,70.9206927985415,0.258413992066354,78.04,4,37043.2919553417,3,0.0679180602164867,10979,Highly_Fatal_And_Damaging
5886,52.9223744292237,9,22,50.9115770282589,0.500390191128741,82.38,4,23634.9170656621,3,0.0437525280036623,8468,Minor_Damage_And_Injuries
5174,33.7442922374429,11,2,61.7593436645397,0.367321312657771,82.23,3,34132.2412197546,2,0.171426427391359,2665,Highly_Fatal_And_Damaging
3564,32.0547945205479,15,3,62.0783956244303,0.368763793725207,81.0,6,33651.5805229688,2,0.0091463281126706,12421,Significant_Damage_And_Serious_Injuries
8793,39.4520547945205,10,6,76.6180492251596,0.258774612333213,76.77,4,42899.2508829614,2,0.0792995204396203,4150,Highly_Fatal_And_Damaging
6762,48.9041095890411,10,7,68.3226982680037,0.134,79.08,4,26636.768566061,2,0.0489136113446081,438,Significant_Damage_And_Serious_Injuries
5088,39.4977168949772,10,8,49.4530537830446,0.478392354850342,82.13,4,44552.8688266593,2,0.082036560492673,7429,Significant_Damage_And_Fatalities
8266,33.6986301369863,18,10,54.5578851412944,0.605691309051569,81.66,2,32417.9301673667,4,0.437800105252872,10920,Minor_Damage_And_Injuries
4711,55.5707762557078,12,21,72.0145852324522,0.205042192571222,77.41,2,28923.9002638104,1,0.391901325903437,2696,Minor_Damage_And_Injuries
6456,54.6575342465753,9,3,68.1403828623519,0.280411828344753,78.11,6,26340.2994819596,2,0.0065690389430568,9994,Significant_Damage_And_Serious_Injuries
8354,39.4520547945205,20,13,70.5560619872379,0.293754778218536,77.91,7,32269.0683506148,0,0.0033123599540966,10434,Significant_Damage_And_Fatalities
7264,60.1826484018265,14,8,54.8313582497721,0.409153263613415,75.71,7,28559.6591388298,3,0.002668264424911,6792,Significant_Damage_And_Serious_Injuries
6223,44.4292237442922,8,4,60.5742935278031,0.476228633249188,82.03,3,18214.706269736,3,0.0892549623370623,2565,Highly_Fatal_And_Damaging
140,21.2785388127854,15,8,72.8350045578852,0.329456184637577,82.93,4,43034.5727095005,1,0.0790283218204027,11680,Highly_Fatal_And_Damaging
5253,23.9269406392694,14,0,69.644484958979,0.337029210241615,86.96,1,18897.2774645504,4,0.691594571833008,348,Highly_Fatal_And_Damaging
8211,56.62100456621,8,6,65.587967183227,0.318276956364948,79.83,6,40754.7183275228,0,0.0098906563924199,10771,Significant_Damage_And_Serious_Injuries
7700,68.0365296803653,12,5,77.7575205104832,0.263823296069239,79.88,7,26150.1797214222,2,0.0024008732129236,11060,Significant_Damage_And_Fatalities
6554,69.9543378995434,8,6,76.9826800364631,0.294476018752254,80.67,5,32342.1106893599,1,0.0221734338649497,5108,Minor_Damage_And_Injuries
7315,58.8584474885845,14,7,81.2670920692799,0.237137396321673,81.58,7,29255.426646695,2,0.0026670259406805,5077,Significant_Damage_And_Fatalities
2822,39.8173515981735,17,7,62.2607110300821,0.307818968626037,78.46,1,26989.6146435872,1,0.992974229396275,9314,Minor_Damage_And_Injuries
3802,28.0365296803653,13,10,79.2160437556974,0.361190768121168,76.89,6,29311.5725785883,3,0.0073704311184556,3140,Highly_Fatal_And_Damaging
3484,20.958904109589,15,9,88.2406563354604,0.226679408582762,79.32,3,46043.9858100506,1,0.227829389177973,9679,Highly_Fatal_And_Damaging
6271,46.2100456621004,11,0,57.1558796718323,0.300606563288856,85.61,6,40968.8743044528,4,0.0098830789264511,9409,Minor_Damage_And_Injuries
9858,31.3698630136986,15,4,64.1750227894257,0.414923187883159,79.39,4,26433.2861366269,2,0.047659140392875,9535,Significant_Damage_And_Serious_Injuries
9516,34.2922374429224,11,1,88.6508659981769,0.203599711503786,82.2,4,45712.5484301237,0,0.0830290087358724,8495,Highly_Fatal_And_Damaging
7011,19.1780821917808,16,15,76.5268915223336,0.284378651280202,84.53,2,20313.4761672518,2,0.273757873803231,704,Highly_Fatal_And_Damaging
8897,15.296803652968,17,5,60.8477666362808,0.360830147854309,83.28,4,47245.2344742998,2,0.086532665384485,6678,Highly_Fatal_And_Damaging
6357,36.0730593607306,11,6,74.2935278030994,0.283657410746484,81.27,4,29518.3315276388,2,0.0528874696253254,3637,Highly_Fatal_And_Damaging
1324,44.2009132420091,15,1,51.2306289881495,0.487407861521817,79.33,2,36091.5527721269,0,0.488682348438616,9364,Highly_Fatal_And_Damaging
1972,68.4931506849315,11,3,59.1157702825889,0.416005048683736,86.42,7,19398.1511532957,1,0.0019221833102325,1590,Significant_Damage_And_Fatalities
2692,45.7990867579909,11,3,71.7866909753874,0.444133429498738,82.74,2,42766.6389720871,1,0.577778976533685,1675,Significant_Damage_And_Serious_Injuries
3086,34.7488584474886,15,8,68.003646308113,0.367321312657771,79.01,7,55360.3569171219,2,0.0048048082941201,5279,Significant_Damage_And_Serious_Injuries
1267,39.634703196347,10,4,74.1567912488605,0.388958528669311,79.37,4,29026.3214989417,2,0.05298780403596,11413,Highly_Fatal_And_Damaging
4826,59.4520547945205,14,0,54.8313582497721,0.457476379372521,78.92,7,17216.4218876264,1,0.0017971432521038,12258,Significant_Damage_And_Serious_Injuries
6594,37.7625570776256,14,0,91.3855970829535,0.238940497655968,80.79,4,39651.766046119,2,0.0732355607136367,1820,Significant_Damage_And_Serious_Injuries
689,17.8538812785388,16,3,65.587967183227,0.239661738189686,79.15,4,28976.8387515777,3,0.0540361961039766,1620,Highly_Fatal_And_Damaging
7573,2.64840182648402,23,3,60.9845031905196,0.369124413992066,83.34,7,62672.5995653643,2,0.0045488328226371,10149,Highly_Fatal_And_Damaging
7578,56.9406392694064,11,0,82.6800364630811,0.289066714749369,78.46,2,46540.2467885055,3,0.637297326574672,7487,Minor_Damage_And_Injuries
6971,73.2876712328767,10,6,60.5742935278031,0.220548864046159,81.26,5,33111.5733657375,2,0.0216476009652135,3131,Significant_Damage_And_Fatalities
8680,21.4611872146119,15,1,71.0118505013674,0.206484673638658,79.09,3,22172.7226577113,3,0.110911641223805,501,Highly_Fatal_And_Damaging