,Safety_Score,Days_Since_Inspection,Total_Safety_Complaints,Control_Metric,Turbulence_In_gforces,Cabin_Temperature,Accident_Type_Code,Max_Elevation,Violations,Adverse_Weather_Metric,Accident_ID,Severity
4963,44.4292237442922,15,2,49.4530537830446,0.526354850342589,77.92,2,41045.6940016465,3,0.553650909787565,6237,Highly_Fatal_And_Damaging
9247,62.5114155251141,6,5,63.126709206928,0.48993220338983,81.79,2,32702.1479935482,3,0.44294859208894,12499,Significant_Damage_And_Serious_Injuries
7294,42.7853881278539,8,5,63.4457611668186,0.225958168049044,77.89,1,29893.7335104334,1,1.10323463410754,3756,Highly_Fatal_And_Damaging
7558,36.1187214611872,11,6,64.6763901549681,0.324046880634692,75.95,4,30380.7345549793,2,0.056073195938879,9388,Highly_Fatal_And_Damaging
5458,51.9178082191781,13,8,66.6362807657247,0.372730616660656,80.34,2,42621.8436108,2,0.577208625420804,4618,Minor_Damage_And_Injuries
9764,79.7260273972603,8,35,42.0692798541477,0.607133790119004,77.64,7,48401.0074043963,1,0.0049004107444253,7773,Significant_Damage_And_Serious_Injuries
9300,32.5570776255708,15,4,45.7611668185962,0.603888207717274,85.97,3,32860.905764516,2,0.162844235963404,11838,Minor_Damage_And_Injuries
7978,68.6301369863014,11,2,52.8258887876026,0.363354489722322,81.79,7,54660.6342971425,2,0.0046961159949105,5619,Significant_Damage_And_Serious_Injuries
6383,9.31506849315068,18,19,80.6289881494986,0.370927515326361,79.69,1,20348.9050245361,0,0.754724921194724,1809,Highly_Fatal_And_Damaging
6495,35.2054794520548,11,3,45.1686417502279,0.382467363865849,76.05,2,27376.1722427695,4,0.368316843602281,10453,Significant_Damage_And_Fatalities
3496,24.8858447488584,14,17,53.1905195989061,0.479474215650919,76.58,7,36010.8964759583,2,0.0031758860473211,4264,Significant_Damage_And_Fatalities
5323,31.1872146118721,12,5,62.1695533272562,0.493899026325279,79.3,1,16023.9644378645,3,0.588928819781827,1547,Highly_Fatal_And_Damaging
3470,55.0684931506849,9,5,62.5341841385597,0.343159754778218,82.32,7,42528.1341777868,2,0.0040166910015359,6009,Significant_Damage_And_Serious_Injuries
7186,63.1963470319635,13,19,71.8322698268004,0.179438153624233,79.38,2,26471.4004943625,2,0.357126172144394,5102,Significant_Damage_And_Fatalities
9321,27.6712328767123,13,2,48.7237921604376,0.514093761269383,77.16,4,27296.4950902876,3,0.0499587226487135,2867,Significant_Damage_And_Fatalities
8733,43.37899543379,15,3,65.9981768459435,0.331980526505589,77.81,5,46572.4825389388,0,0.0311311252022979,3185,Minor_Damage_And_Injuries
4872,95.2511415525114,4,11,78.0765724703738,0.276084385142445,80.45,6,45294.8304706165,1,0.0119468965853497,7891,Significant_Damage_And_Fatalities
5468,46.8949771689498,11,0,60.4375569735643,0.517339343671114,83.24,3,40979.5754532752,2,0.203121083428734,11824,Significant_Damage_And_Serious_Injuries
21,38.4474885844749,17,5,74.9316317228806,0.326571222502704,79.31,2,37435.5727950293,2,0.50848625905791,3918,Minor_Damage_And_Injuries
8270,44.337899543379,15,14,72.0145852324522,0.27788748647674,80.35,2,22253.1682025273,2,0.300683552375606,640,Minor_Damage_And_Injuries
2809,63.1963470319635,13,16,64.4484958979034,0.414201947349441,77.02,7,34740.4394840106,1,0.0030726177449182,1069,Significant_Damage_And_Fatalities
9200,41.9178082191781,12,4,74.5214220601641,0.363354489722322,82.26,3,20487.8674821751,1,0.101046350893538,592,Significant_Damage_And_Serious_Injuries
2020,37.4885844748858,10,0,73.7010027347311,0.291230436350523,78.7,4,23568.4726202252,1,0.0433673691025239,11654,Highly_Fatal_And_Damaging
3365,35.2511415525114,11,14,55.4694621695533,0.395089073205914,83.68,4,23999.4411044211,2,0.0430629446815057,6889,Significant_Damage_And_Fatalities
2330,54.0639269406393,12,8,57.5205104831358,0.284739271547061,76.35,5,43870.357040907,2,0.0298117966425456,10059,Minor_Damage_And_Injuries
5840,75.9817351598173,6,29,65.9070191431176,0.399055896141363,75.41,7,13241.1540510458,0,0.0014552398810924,4837,Minor_Damage_And_Injuries
2670,30.9132420091324,16,4,45.897903372835,0.557728813559322,80.16,6,32986.7833036824,3,0.0081179079084897,8988,Minor_Damage_And_Injuries
9914,33.0593607305936,15,2,52.461257976299,0.638507753335737,78.37,1,33386.7032484676,3,1.23498218675338,1335,Minor_Damage_And_Injuries
1254,38.7671232876712,10,2,49.6809480401094,0.368403173458348,78.28,7,26005.3229868944,3,0.0024336051771933,10734,Significant_Damage_And_Fatalities
5467,54.0639269406393,9,10,88.0583409298086,0.268150739271547,78.4,1,19700.9554497443,2,0.723355681550488,12081,Highly_Fatal_And_Damaging
8300,43.1506849315068,12,21,61.0300820419326,0.413120086548864,77.0,3,37974.6171677544,1,0.189127877173483,8607,Significant_Damage_And_Serious_Injuries
2184,24.8858447488584,14,19,74.3391066545123,0.373451857194374,78.54,4,32099.6049465887,2,0.0585884246430177,9276,Highly_Fatal_And_Damaging
2257,45.5707762557078,11,1,63.4457611668186,0.334865488640461,81.03,3,30772.6016390184,1,0.153207762165885,5693,Significant_Damage_And_Serious_Injuries
7512,27.8538812785388,13,2,70.9206927985415,0.409874504147133,80.34,4,27009.5953686171,2,0.0488975818320902,9372,Highly_Fatal_And_Damaging
3520,27.5799086757991,13,2,32.4521422060164,0.584775333573747,79.22,7,37852.9381954139,1,0.0036173616998907,12130,Significant_Damage_And_Fatalities
6418,47.1232876712329,11,20,55.2871467639016,0.438002884962135,79.72,1,20241.6205619461,0,0.741000085873413,9635,Minor_Damage_And_Injuries
8893,62.3744292237443,13,0,87.693710118505,0.217663901911287,78.2,7,15690.4942394297,2,0.0014294182752822,1632,Significant_Damage_And_Fatalities
5339,45.2054794520548,11,29,72.8805834092981,0.336668589974756,79.25,3,3470.00217523393,3,0.0430780415831567,1585,Significant_Damage_And_Serious_Injuries
1227,18.9497716894977,19,15,71.1030082041933,0.355420843851424,81.3,3,41232.8372944868,3,0.203350840886945,12321,Significant_Damage_And_Serious_Injuries
7896,56.2557077625571,11,13,46.718322698268,0.487768481788677,78.82,2,45903.4682004767,1,0.627545993999708,5506,Highly_Fatal_And_Damaging
8332,38.4931506849315,17,36,73.1084776663628,0.405547060944825,79.62,7,45751.9834127951,4,0.0041760093253317,851,Minor_Damage_And_Injuries
1470,73.5159817351598,10,4,66.9097538742024,0.377779300396682,77.02,7,29676.601970759,3,0.0028348289195135,6800,Significant_Damage_And_Fatalities
1948,55.9360730593607,15,11,70.3281677301732,0.555925712225027,80.35,2,27009.1612134643,4,0.366224285097702,10617,Significant_Damage_And_Fatalities
8632,43.7899543378995,15,4,67.6845943482224,0.340996033177064,81.43,4,31151.7511553384,3,0.0574136583741536,1157,Minor_Damage_And_Injuries
642,40.7305936073059,9,13,49.8632634457612,0.347487197980527,75.94,1,23171.5450883006,3,0.848784775083053,3957,Significant_Damage_And_Fatalities
1009,14.4748858447489,17,8,54.922515952598,0.47911359538406,79.35,4,19391.6963047019,2,0.0361205596335011,7535,Highly_Fatal_And_Damaging
8915,46.8949771689498,11,0,80.4010938924339,0.218385142445005,78.93,1,32254.0720662131,2,1.18439580185084,3920,Significant_Damage_And_Serious_Injuries
4596,47.9908675799087,14,19,82.0419325432999,0.158882798413271,82.46,2,17287.2556177208,5,0.231292269047612,12391,Minor_Damage_And_Injuries
4290,33.7442922374429,18,10,62.2607110300821,0.375254958528669,84.29,1,43422.9523245703,1,1.60598230838271,1829,Minor_Damage_And_Injuries
3677,57.0776255707762,8,21,64.9954421148587,0.360830147854309,78.38,2,23317.6699020617,2,0.317264638371491,3521,Significant_Damage_And_Serious_Injuries
2477,34.337899543379,11,8,73.6554238833182,0.405907681211684,76.74,1,41633.6539554493,3,1.53161653510559,670,Highly_Fatal_And_Damaging
1150,30.0913242009132,22,0,44.3938012762078,0.520945546339704,77.83,3,32613.9337890191,2,0.162427777021466,2800,Highly_Fatal_And_Damaging
5559,28.2648401826484,13,0,56.9279854147676,0.409153263613415,79.51,7,32058.503196196,3,0.0025664153520502,378,Significant_Damage_And_Fatalities
2649,57.1232876712329,11,39,74.7493163172288,0.467213126577713,77.98,2,44574.0627231152,3,0.603171246338649,862,Minor_Damage_And_Injuries
485,37.4885844748858,10,2,57.8395624430264,0.385352326000721,80.48,5,35320.9454536098,2,0.0228367689591343,1883,Highly_Fatal_And_Damaging
8080,29.8630136986301,12,6,74.9316317228806,0.229203750450775,77.63,7,37119.5433800372,2,0.0034714018958536,7855,Highly_Fatal_And_Damaging
5190,35.9817351598173,11,7,74.2935278030994,0.263823296069239,84.4,5,22918.5602543458,1,0.014990810229226,8168,Highly_Fatal_And_Damaging
524,69.7716894977169,8,6,82.1330902461258,0.188453660295708,76.12,2,23278.6288941255,1,0.3116315447563,8739,Minor_Damage_And_Injuries
6906,54.5205479452055,8,1,60.6198723792161,0.430429859358096,75.61,3,45864.1780423704,3,0.227681130334058,6491,Significant_Damage_And_Serious_Injuries
5797,70.1369863013699,4,2,62.8076572470374,0.286181752614497,80.79,4,30706.3547663233,0,0.0561870785595682,3860,Highly_Fatal_And_Damaging
7089,31.6438356164384,12,2,74.7493163172288,0.201796610169491,76.02,2,37164.6419753701,2,0.501428821012912,10898,Highly_Fatal_And_Damaging
3207,56.0730593607306,15,0,86.9644484958979,0.289066714749369,80.65,7,38986.2869388142,2,0.0036652151004875,2762,Significant_Damage_And_Fatalities
6572,56.4840182648402,15,0,69.5533272561531,0.291230436350523,80.77,5,19284.3364091829,1,0.0133018956111364,5280,Significant_Damage_And_Fatalities
1841,63.4246575342466,6,6,60.4375569735643,0.391482870537324,81.15,2,30232.1460175973,1,0.411084650236287,1532,Significant_Damage_And_Serious_Injuries
7362,50.1369863013699,13,0,67.18322698268,0.417086909484313,77.7,4,31695.6422321295,2,0.0580288359949266,10783,Minor_Damage_And_Injuries
1991,76.986301369863,6,21,64.8131267092069,0.399055896141363,76.63,2,21098.2703267995,3,0.28708841944468,1504,Minor_Damage_And_Injuries
1073,31.0958904109589,16,6,69.8268003646308,0.329456184637577,79.09,6,39140.6113678675,1,0.0100173907512994,5198,Significant_Damage_And_Serious_Injuries
5730,63.1963470319635,13,8,79.8997265268915,0.230285611251352,79.77,7,8232.84365471706,3,0.0014075847398731,5499,Significant_Damage_And_Fatalities
3127,61.6438356164383,10,5,70.3281677301732,0.325849981968986,76.45,5,34292.3523245949,2,0.0228367689591343,9601,Minor_Damage_And_Injuries
3178,43.2420091324201,19,12,72.8805834092981,0.351814641182834,83.08,7,18487.7871773113,2,0.0015882474557445,6810,Significant_Damage_And_Fatalities
5416,40.0913242009132,13,2,70.6927985414767,0.28149368914533,76.2,2,39850.2140336444,1,0.538862339469786,5354,Significant_Damage_And_Serious_Injuries
4724,55.1141552511415,5,2,60.4375569735643,0.242907320591417,74.85,1,25598.804538292,1,0.937147430771286,5570,Highly_Fatal_And_Damaging
8182,46.1643835616438,11,3,77.9854147675479,0.363354489722322,78.03,6,14955.1363680224,1,0.0036785835627674,1864,Significant_Damage_And_Serious_Injuries
1120,36.1643835616438,11,1,70.0091157702826,0.211893977641543,81.26,2,32421.108118941,2,0.438778571303419,7993,Highly_Fatal_And_Damaging
1091,36.0730593607306,11,15,57.6572470373747,0.508684457266498,77.67,3,39150.6721955048,2,0.196274796736334,6568,Highly_Fatal_And_Damaging
6859,22.6027397260274,15,8,92.1148587055606,0.211172737107825,83.48,4,29639.2974629279,2,0.0550599527146137,7483,Highly_Fatal_And_Damaging
9236,37.4885844748858,10,0,73.746581586144,0.291230436350523,76.85,4,26902.3188154086,2,0.0492519989432694,12431,Highly_Fatal_And_Damaging
2396,33.7442922374429,15,16,62.8076572470374,0.393285971871619,78.66,3,32904.506165209,1,0.163704050839188,4648,Significant_Damage_And_Serious_Injuries
5212,50.365296803653,10,10,44.8951686417502,0.705583122971511,80.25,7,34034.0610333629,2,0.0032923367958409,6649,Minor_Damage_And_Injuries
8806,65.3424657534246,4,7,64.2206016408387,0.273199423007573,86.43,2,30706.3547663233,2,0.416258197098539,4609,Highly_Fatal_And_Damaging
5335,20.2283105022831,15,2,71.7866909753874,0.388958528669311,80.85,1,33737.3071201569,2,1.24112616899926,6887,Highly_Fatal_And_Damaging
7644,22.7397260273973,15,2,62.8532360984503,0.330898665705012,90.87,7,32019.919489192,3,0.00285292274889,11369,Highly_Fatal_And_Damaging
8218,39.2694063926941,10,3,59.2980856882407,0.334865488640461,80.37,4,38050.4413138882,2,0.0693300746864775,4641,Highly_Fatal_And_Damaging
7339,17.1689497716895,16,14,75.2506836827712,0.291230436350523,76.6,3,32625.7179340323,1,0.162427777021466,6386,Highly_Fatal_And_Damaging
3910,30.9132420091324,16,1,67.5934366453965,0.251922827262892,82.14,3,33951.338673945,3,0.167541354018373,9910,Significant_Damage_And_Serious_Injuries
3616,23.9269406392694,14,6,71.0574293527803,0.276084385142445,78.52,1,15487.6701714345,1,0.569124611333397,7292,Highly_Fatal_And_Damaging
1196,24.8858447488584,14,19,58.5232452142206,0.393285971871619,78.16,4,34128.1254562718,1,0.0621354412786752,7848,Highly_Fatal_And_Damaging
648,44.337899543379,15,11,69.4621695533273,0.439445366029571,78.96,2,32597.0197109072,2,0.440362864906711,2270,Minor_Damage_And_Injuries
883,27.1689497716895,17,2,78.8969917958068,0.397613415073927,85.07,3,25735.8047537328,2,0.128896401917114,7403,Significant_Damage_And_Serious_Injuries
1968,48.675799086758,7,3,61.9416590701914,0.321883159033537,81.31,4,24523.4215423173,0,0.0442690631810244,9916,Highly_Fatal_And_Damaging
6186,14.4748858447489,17,3,38.1494986326345,0.705583122971511,77.67,6,31647.884323696,2,0.0080249482559319,7049,Significant_Damage_And_Fatalities
1106,47.5342465753425,11,9,79.8997265268915,0.29555787955283,78.47,3,48812.5044221945,2,0.240910414697027,5348,Significant_Damage_And_Serious_Injuries
2753,46.6666666666667,15,9,69.9179580674567,0.393646592138478,78.96,2,26900.7028554629,2,0.364323085585167,11820,Minor_Damage_And_Injuries
774,42.1004566210046,16,0,74.0200546946217,0.250119725928597,79.6,2,23048.7900757948,3,0.315041983474647,10951,Minor_Damage_And_Injuries
7701,34.3835616438356,15,5,62.3518687329079,0.339192931842769,77.38,3,13375.3548625214,2,0.0659238242008835,2710,Significant_Damage_And_Serious_Injuries
3081,31.689497716895,19,0,57.8395624430264,0.311425171294627,77.94,3,40114.3609726391,4,0.199589398231174,1023,Minor_Damage_And_Injuries
1,62.4657534246575,10,27,72.2880583409298,0.423938694554634,84.54,2,26024.7110570854,2,0.352349972573073,12128,Minor_Damage_And_Injuries
811,82.2374429223744,7,14,72.0145852324522,0.323686260367832,84.03,3,34977.6810000549,2,0.174153414362184,5585,Significant_Damage_And_Fatalities
1263,23.4703196347032,14,0,56.4721969006381,0.710992426974395,78.99,7,28162.0204173235,4,0.0027937392372972,12260,Significant_Damage_And_Fatalities
2575,42.9223744292237,15,3,65.9981768459435,0.403383339343671,78.94,1,26565.0475824998,3,0.978454626515347,4956,Minor_Damage_And_Injuries
3886,38.5844748858447,13,11,63.3546034639927,0.298442841687703,79.56,6,30660.2752933007,2,0.0070780216565239,572,Significant_Damage_And_Serious_Injuries
3228,43.7899543378995,15,3,88.4685505925251,0.217663901911287,75.68,6,33027.7395917952,2,0.0081169289831728,11006,Minor_Damage_And_Injuries
7838,60.1369863013699,10,2,60.7110300820419,0.380303642264695,76.67,2,47324.952775233,3,0.643975973223763,4603,Minor_Damage_And_Injuries
9605,20.958904109589,15,1,88.2406563354604,0.19133862243058,86.08,4,32222.0358753946,1,0.0583819270530569,8289,Highly_Fatal_And_Damaging
4855,71.9178082191781,7,17,18.4594348222425,0.771576631806707,79.88,3,46291.3905755955,2,0.232376595778976,9357,Highly_Fatal_And_Damaging
4426,14.5205479452055,17,12,38.1494986326345,0.705583122971511,76.61,1,48855.4898240516,2,1.78728887212675,9466,Significant_Damage_And_Fatalities
5595,41.0502283105023,13,6,40.2917046490429,0.641392715470609,79.53,2,31925.2755538881,4,0.431251474752445,4921,Minor_Damage_And_Injuries
8518,38.3561643835616,17,3,59.2980856882407,0.453509556437072,81.79,2,44557.4777498365,3,0.603019887158319,3600,Minor_Damage_And_Injuries
3039,38.8127853881278,13,30,68.1403828623519,0.253365308330328,87.51,6,15675.4747793816,4,0.0035981058834733,6496,Significant_Damage_And_Serious_Injuries
3758,33.2420091324201,15,0,78.4867821330902,0.386073566534439,85.3,3,22592.5502620738,2,0.111813204786799,10842,Significant_Damage_And_Serious_Injuries
1998,39.4520547945205,10,0,69.5533272561531,0.24903786512802,76.77,4,21376.9966971613,2,0.0397882618618052,3496,Highly_Fatal_And_Damaging
2070,34.2922374429224,12,7,54.876937101185,0.633459069599711,80.52,1,35654.721933341,3,1.30792861200427,5067,Significant_Damage_And_Fatalities
5442,41.1872146118721,13,2,73.2907930720146,0.246874143526866,76.17,2,35535.2005207219,3,0.483125215393737,2720,Significant_Damage_And_Serious_Injuries
9758,23.6529680365297,18,15,61.0756608933455,0.557368193292463,78.57,6,43209.8141033971,5,0.0106302255498573,8619,Significant_Damage_And_Serious_Injuries
53,40.365296803653,9,1,56.7912488605287,0.364436350522899,76.95,3,21268.8395478725,3,0.106394034490747,5780,Highly_Fatal_And_Damaging
412,59.634703196347,7,4,51.8231540565178,0.466131265777136,79.39,5,40485.8932005406,2,0.0277859730305534,6518,Minor_Damage_And_Injuries
7537,38.4474885844749,10,2,65.9981768459435,0.474064911648034,77.62,1,25958.1374625071,0,0.957063791121957,6539,Highly_Fatal_And_Damaging
691,69.2694063926941,11,4,81.5861440291705,0.434036062026686,83.07,2,41146.5175474634,0,0.553650909787565,3710,Significant_Damage_And_Fatalities
2508,23.6986301369863,18,5,76.6180492251596,0.238940497655968,77.41,6,41688.6508922927,2,0.0103224581295027,10619,Significant_Damage_And_Serious_Injuries
5326,29.4063926940639,16,20,82.3609845031905,0.462885683375405,82.13,3,25949.100339733,2,0.128573249180056,2219,Significant_Damage_And_Serious_Injuries
2709,24.6118721461187,14,4,69.1431175934367,0.46829498737829,82.45,6,31346.7953386373,3,0.0079008416523973,3937,Highly_Fatal_And_Damaging
1358,31.9634703196347,12,8,73.5186873290793,0.412398846015146,87.86,4,34859.8063971959,1,0.0640250122208822,6126,Highly_Fatal_And_Damaging
9004,57.1689497716895,15,0,71.4676390154968,0.432954201226109,80.59,7,46973.5663521554,2,0.0041581241129062,7596,Significant_Damage_And_Fatalities
433,46.6666666666667,11,7,52.3245214220602,0.323325640100974,79.49,2,26473.2906962654,2,0.359258711215434,1657,Minor_Damage_And_Injuries
3028,45.0228310502283,15,3,57.7028258887876,0.387876667868734,81.43,4,43786.173360848,0,0.0802287917843594,1313,Minor_Damage_And_Injuries
5501,46.1643835616438,18,19,50.0911577028259,0.75246375766318,79.51,7,39152.9933728058,1,0.0035908346913003,3394,Significant_Damage_And_Serious_Injuries
8425,33.2420091324201,15,2,63.6736554238833,0.298442841687703,81.49,3,38976.3406797894,0,0.194340686940003,397,Significant_Damage_And_Serious_Injuries
107,51.0045662100457,10,18,57.5660893345488,0.388237288135593,78.93,6,37429.1532436738,2,0.009152431684908,1081,Significant_Damage_And_Serious_Injuries
2686,39.7260273972603,13,7,73.1084776663628,0.306015867291742,79.99,3,21426.8330244566,2,0.107090687819435,539,Significant_Damage_And_Serious_Injuries
7031,23.3789954337899,15,4,63.9015496809481,0.401580238009376,81.01,4,28465.3542383815,2,0.0523085891514352,7892,Highly_Fatal_And_Damaging
6595,39.5890410958904,17,4,69.4165907019143,0.294476018752254,76.12,2,41493.4938799816,3,0.563297830774105,12282,Minor_Damage_And_Injuries
4336,23.1506849315068,14,9,74.9772105742936,0.326571222502704,81.48,1,13658.8165000358,2,0.518572471316774,7694,Highly_Fatal_And_Damaging
929,30.3196347031963,12,2,74.2023701002735,0.215500180310133,78.79,4,28856.0567170427,2,0.0533984110646786,9491,Highly_Fatal_And_Damaging
2889,42.9680365296804,15,3,77.894257064722,0.362272628921745,81.63,1,26622.2917360185,4,0.979178721893077,5945,Minor_Damage_And_Injuries
3948,38.0365296803653,10,1,54.0565177757521,0.384270465200144,78.47,4,35695.9901661657,1,0.0650374206705968,8526,Significant_Damage_And_Fatalities
974,56.027397260274,11,3,55.9708295350957,0.560253155427335,83.72,2,25377.6139205903,1,0.343448656781249,6022,Highly_Fatal_And_Damaging
3425,53.7442922374429,16,6,58.5232452142206,0.414923187883159,79.37,7,30627.0238895253,3,0.0026201531934101,417,Significant_Damage_And_Fatalities
9771,31.0958904109589,12,25,84.8678213309025,0.326571222502704,77.84,1,27087.6233599448,2,1.00725096824699,7410,Highly_Fatal_And_Damaging
4060,62.6940639269406,6,5,80.4010938924339,0.308540209159754,78.43,6,28627.913808827,1,0.0075262701229064,5193,Significant_Damage_And_Serious_Injuries
5801,49.8173515981735,10,11,60.7110300820419,0.335947349441038,76.82,6,24548.4321880672,2,0.0060510874598754,4276,Significant_Damage_And_Serious_Injuries
7099,54.0182648401826,12,1,56.7912488605287,0.572514244500541,77.19,7,33372.8197860987,4,0.0032011061219487,3358,Highly_Fatal_And_Damaging
775,48.9954337899543,14,9,60.665451230629,0.42177497295348,78.5,2,49813.6738676776,1,0.677300018921993,196,Minor_Damage_And_Injuries
8970,55.3424657534247,9,1,62.8076572470374,0.328734944103858,78.13,7,42047.1017279228,1,0.0039131157122984,3867,Significant_Damage_And_Serious_Injuries
6376,63.6986301369863,6,0,73.1540565177758,0.260938333934367,82.57,3,31290.5115253014,1,0.157967679969144,5075,Significant_Damage_And_Serious_Injuries
2556,64.337899543379,9,0,65.4968094804011,0.272478182473855,77.31,2,26020.7634174777,3,0.352325723733601,4353,Minor_Damage_And_Injuries
6704,37.4885844748858,10,0,68.6417502278943,0.333062387306166,76.63,4,33945.4313005177,2,0.0618771557932251,12463,Highly_Fatal_And_Damaging
7596,54.703196347032,12,1,87.693710118505,0.277526866209881,76.18,1,30095.00139223,4,1.10289715584837,881,Minor_Damage_And_Injuries
9875,39.1780821917808,13,3,77.028258887876,0.368403173458348,79.53,3,35393.9896903187,4,0.175319533122878,11214,Significant_Damage_And_Serious_Injuries
3608,58.1278538812785,11,5,49.4986326344576,0.456755138838803,81.63,2,38406.931881458,2,0.519476795282433,9826,Highly_Fatal_And_Damaging
8735,24.2465753424658,18,3,75.7976298997265,0.302770284890011,79.37,4,34489.279660486,2,0.0633404852395013,1220,Significant_Damage_And_Serious_Injuries
8929,38.1278538812785,10,4,59.2980856882407,0.246874143526866,77.38,4,11360.5979176227,1,0.0015233035421831,7448,Highly_Fatal_And_Damaging
44,41.3698630136986,13,20,61.6681859617138,0.387876667868734,80.35,3,37974.6171677544,0,0.18927904197012,10051,Significant_Damage_And_Serious_Injuries
3943,48.8584474885845,17,5,71.8778486782133,0.238940497655968,79.81,7,40703.0696321804,2,0.0035532347557751,2380,Significant_Damage_And_Fatalities
6270,31.7351598173516,15,0,82.1330902461258,0.176553191489361,79.52,1,38360.5730719553,3,1.40966132986615,2458,Significant_Damage_And_Serious_Injuries
1869,44.703196347032,8,0,67.5934366453965,0.245071042192571,77.11,7,34302.7258502924,2,0.003096220310379,4481,Highly_Fatal_And_Damaging
4670,27.4885844748858,20,1,74.3391066545123,0.305294626758024,76.68,4,31531.7961960508,2,0.0564238689532988,4587,Minor_Damage_And_Injuries
9476,91.1872146118722,4,2,81.2215132178669,0.226679408582762,75.96,5,19262.1840059827,2,0.0125595820749567,2783,Significant_Damage_And_Fatalities
6713,45.0228310502283,19,4,62.6253418413856,0.30313090515687,80.96,3,39157.2593815732,1,0.196190986200713,8935,Significant_Damage_And_Fatalities
6836,41.6438356164383,13,11,62.0783956244303,0.439445366029571,77.02,6,20637.7837001384,2,0.0052692571860081,4427,Significant_Damage_And_Serious_Injuries
2603,21.4611872146119,15,1,62.7164995442115,0.314670753696357,80.55,4,28986.6574792039,2,0.0527156406454591,4533,Highly_Fatal_And_Damaging
1802,31.5981735159817,19,3,62.2607110300821,0.427184276956365,79.29,4,41851.1444604899,1,0.0758299007487241,2932,Minor_Damage_And_Injuries
5046,19.4063926940639,16,16,44.7128532360985,0.634180310133429,85.1,4,28384.5263097579,2,0.0514662385219508,9702,Significant_Damage_And_Fatalities
6816,29.634703196347,13,0,81.5861440291705,0.435478543094122,75.31,1,37864.7528270162,1,1.3954917626167,715,Highly_Fatal_And_Damaging
9214,55.4337899543379,12,8,64.6763901549681,0.388237288135593,78.48,4,40833.4652166856,2,0.0750429331718821,542,Minor_Damage_And_Injuries
2307,23.8356164383562,14,2,72.7438468550593,0.233531193653083,77.08,4,32944.3336789672,4,0.059734503402076,2525,Highly_Fatal_And_Damaging
5123,33.8812785388128,11,3,69.5533272561531,0.368042553191489,76.86,4,20937.1705110465,0,0.0384089818644619,9976,Highly_Fatal_And_Damaging
7840,12.9680365296804,17,0,37.5113947128533,0.602806346916697,82.81,4,32744.1706846197,2,0.0605695652954106,11387,Significant_Damage_And_Fatalities
7793,44.8858447488584,11,13,71.7411121239745,0.350011539848539,78.92,6,35974.8217427248,2,0.0083982544312787,10794,Significant_Damage_And_Serious_Injuries
8981,37.6712328767123,14,4,74.5214220601641,0.363354489722322,83.01,2,25114.395402466,3,0.343985850553441,3419,Significant_Damage_And_Serious_Injuries
484,17.3059360730594,16,1,51.9143117593437,0.422496213487198,79.89,4,24939.2394799833,2,0.0460458912336435,9234,Significant_Damage_And_Fatalities
9253,34.6575342465753,15,7,56.0619872379216,0.556646952758745,80.19,3,46367.3704328815,2,0.230544955045213,11137,Minor_Damage_And_Injuries
2518,37.1689497716895,14,0,63.3090246125798,0.496783988460151,76.95,6,31432.1242314197,2,0.0081206442929888,9690,Significant_Damage_And_Serious_Injuries
1588,41.6438356164383,13,9,65.2689152233364,0.225958168049044,79.89,6,27255.6195552223,2,0.0068721559940489,7696,Significant_Damage_And_Serious_Injuries
1232,38.5844748858447,13,6,69.5533272561531,0.312146411828345,76.12,3,22217.6763652911,1,0.109750715886031,7306,Significant_Damage_And_Serious_Injuries
7214,46.8493150684931,18,0,57.7484047402006,0.42898737829066,81.06,7,28203.4891265458,2,0.0028844082789833,8433,Significant_Damage_And_Fatalities
2015,62.0091324200913,10,1,53.2360984503191,0.392564731337901,79.1,3,24527.6418291237,1,0.123159947775821,11823,Highly_Fatal_And_Damaging
3186,59.6803652968037,14,12,54.8313582497721,0.607855030652723,76.19,2,40421.4333902048,0,0.545562193337738,11349,Highly_Fatal_And_Damaging
6830,45.9817351598173,15,2,59.9817684594348,0.386794807068157,79.83,2,44295.2917972443,1,0.59878965413607,7678,Minor_Damage_And_Injuries
8274,45.7990867579909,11,17,72.2424794895169,0.335586729174179,81.85,6,34924.7418304277,1,0.0089282704487646,7717,Significant_Damage_And_Serious_Injuries
9208,39.3607305936073,13,17,72.0145852324522,0.335586729174179,78.59,6,32560.2901155059,1,0.007792365115903,4262,Significant_Damage_And_Serious_Injuries
4560,16.1187214611872,17,5,80.9936189608022,0.358305805986296,86.43,4,35728.3005695812,1,0.0648203926610396,11027,Highly_Fatal_And_Damaging
2383,47.5799086757991,11,9,74.6581586144029,0.224515686981608,77.91,3,28419.8873739028,1,0.143183126568889,10100,Significant_Damage_And_Serious_Injuries
993,12.6940639269406,18,12,41.5223336371923,0.57648106743599,76.52,4,43696.8024313571,3,0.0796140496419091,171,Significant_Damage_And_Fatalities
7124,26.5753424657534,17,14,70.6927985414767,0.330177425171295,77.62,6,29579.7879411663,1,0.0073669243003083,4442,Significant_Damage_And_Serious_Injuries