,Safety_Score,Days_Since_Inspection,Total_Safety_Complaints,Control_Metric,Turbulence_In_gforces,Cabin_Temperature,Accident_Type_Code,Max_Elevation,Violations,Adverse_Weather_Metric,Accident_ID,Severity
6512,42.6940639269406,9,22,32.4977210574293,0.870025964659213,77.64,2,37920.6754100736,1,0.513039501471087,4749,Highly_Fatal_And_Damaging
3776,12.6940639269406,17,3,41.5223336371923,0.556286332491886,79.03,4,44419.3376204782,2,0.0824277038157889,2277,Significant_Damage_And_Fatalities
1362,56.7579908675799,8,21,63.2634457611668,0.373451857194374,82.36,2,26040.2990908391,3,0.351388022143726,10614,Significant_Damage_And_Serious_Injuries
3482,70.3196347031963,11,11,64.8131267092069,0.32116191849982,81.49,7,33111.5733657375,1,0.0030767705281173,12129,Significant_Damage_And_Fatalities
1171,24.3835616438356,14,0,63.9927073837739,0.456033898305084,79.41,4,36968.4632169266,3,0.0675554068466956,4819,Highly_Fatal_And_Damaging
7693,42.5570776255708,9,9,68.1859617137648,0.237498016588532,81.73,1,29306.9507519677,2,1.08896280542045,4520,Highly_Fatal_And_Damaging
2372,28.2191780821918,13,5,65.1321786690975,0.439084745762712,79.73,4,26548.8926588994,1,0.0482410618460628,398,Highly_Fatal_And_Damaging
2162,8.0365296803653,19,36,85.5059252506837,0.219827623512441,76.96,1,31250.1583662827,2,1.14117623817193,3375,Highly_Fatal_And_Damaging
7017,18.1278538812785,16,7,62.0783956244303,0.494980887125856,77.42,4,19618.548566256,2,0.0353204941879463,6642,Highly_Fatal_And_Damaging
243,24.2465753424658,18,5,69.1431175934367,0.325849981968986,75.05,1,22950.5810160187,0,0.846302653714557,2751,Significant_Damage_And_Serious_Injuries
9751,28.7214611872146,13,1,62.5341841385597,0.37128813559322,80.53,3,36315.7270103316,2,0.18124998691243,4394,Highly_Fatal_And_Damaging
8544,13.7899543378995,17,3,67.7757520510483,0.330538045438154,77.27,1,23811.1848692756,1,0.870409654339999,555,Highly_Fatal_And_Damaging
9153,17.7168949771689,16,2,59.2980856882407,0.424299314821493,80.06,1,18584.9906569439,1,0.695191987332048,7112,Highly_Fatal_And_Damaging
5444,43.607305936073,12,3,66.8641750227894,0.251201586729174,82.43,1,38719.6875106846,0,1.41869503093969,11721,Significant_Damage_And_Serious_Injuries
113,31.5068493150685,15,4,61.5770282588879,0.493899026325279,80.47,6,42708.8544741583,3,0.0105571863156422,8646,Significant_Damage_And_Serious_Injuries
802,56.9406392694064,8,1,89.2433910665451,0.158882798413271,82.45,6,39207.1676150761,2,0.0096826909798947,9642,Significant_Damage_And_Serious_Injuries
6470,56.5296803652968,11,10,88.0583409298086,0.184486837360259,79.76,2,35847.895873568,2,0.485770798439809,12233,Highly_Fatal_And_Damaging
9861,60.1369863013699,10,1,60.7110300820419,0.41816877028489,78.49,5,31500.1793315168,2,0.0220287593717194,5604,Minor_Damage_And_Injuries
7576,51.7808219178082,9,2,82.3609845031905,0.228843130183916,84.41,3,46553.5755769139,3,0.231845913463668,6942,Significant_Damage_And_Serious_Injuries
8641,45.3424657534247,15,5,67.0920692798541,0.385352326000721,81.26,2,43094.6610782697,1,0.581725542959453,3559,Minor_Damage_And_Injuries
1753,42.1004566210046,12,12,65.7247037374658,0.267790119004688,79.08,6,31076.1432081348,1,0.0081766060915224,568,Significant_Damage_And_Serious_Injuries
2949,24.1095890410959,14,4,71.0574293527803,0.467213126577713,81.02,4,27009.5953686171,2,0.0490861678801767,2274,Highly_Fatal_And_Damaging
4078,81.4611872146119,7,3,79.9453053783045,0.235334294987378,81.38,7,21640.5346612075,3,0.001768882420179,11071,Significant_Damage_And_Fatalities
1863,37.4429223744292,14,13,55.5150410209663,0.541140281283808,79.61,2,23322.7206416509,2,0.316824530428867,4857,Minor_Damage_And_Injuries
1170,27.2602739726027,20,6,56.8368277119417,0.786362062747926,82.96,6,27420.8273928111,1,0.0067999605407444,12183,Highly_Fatal_And_Damaging
7192,89.0867579908676,3,2,81.3582497721058,0.30313090515687,75.96,6,19199.2502273137,3,0.0047760663608893,7775,Significant_Damage_And_Fatalities
3174,11.324200913242,18,4,56.1075660893346,0.338111071042192,79.71,4,47245.2344742998,3,0.0865963416873615,5961,Significant_Damage_And_Fatalities
6510,34.0639269406393,11,0,81.7228805834093,0.28509989181392,83.62,4,30336.1814847037,2,0.0560558043214879,10040,Highly_Fatal_And_Damaging
4338,41.6438356164383,9,1,58.5232452142206,0.333423007573026,81.97,7,39848.6893071312,2,0.0033805652783799,9541,Highly_Fatal_And_Damaging
2316,27.2602739726027,20,8,72.6526891522334,0.312146411828345,80.26,1,28770.8750092367,2,1.05753731287411,3884,Minor_Damage_And_Injuries
7341,40.6392694063927,13,1,75.4785779398359,0.388597908402452,78.55,3,49758.6415438009,2,0.24511840979654,1104,Significant_Damage_And_Serious_Injuries
6529,23.6986301369863,18,0,81.2215132178669,0.201075369635773,88.93,3,27720.6039256864,2,0.137332930641688,7818,Significant_Damage_And_Serious_Injuries
4577,33.0593607305936,15,15,51.640838650866,0.258053371799495,76.49,2,18614.2680854717,0,0.262284440356596,1706,Minor_Damage_And_Injuries
8645,41.7351598173516,16,5,69.644484958979,0.416005048683736,76.11,1,27016.7622854952,2,0.997980574484882,1303,Minor_Damage_And_Injuries
6264,49.0867579908676,14,2,69.690063810392,0.372730616660656,81.82,2,43971.7104530714,1,0.596791289287252,2119,Minor_Damage_And_Injuries
3881,36.4383561643836,10,5,56.4266180492252,0.48632600072124,78.37,1,39396.116621502,1,1.43817383028133,5379,Significant_Damage_And_Fatalities
799,71.7808219178082,10,2,62.9443938012762,0.639589614136314,78.96,7,27755.473500689,3,0.0023388557432761,3134,Significant_Damage_And_Fatalities
8591,49.1324200913242,10,10,74.6581586144029,0.221630724846736,75.97,6,35535.2005207219,1,0.00900372099201,3079,Significant_Damage_And_Serious_Injuries
8430,73.3333333333333,7,0,60.8477666362808,0.406268301478543,74.85,3,31282.0377767493,2,0.155473833405764,8092,Minor_Damage_And_Injuries
5314,58.4474885844749,7,5,88.4685505925251,0.253725928597187,78.47,6,24609.0335512452,2,0.0060815799211594,771,Significant_Damage_And_Serious_Injuries
1352,46.4840182648402,11,1,77.9854147675479,0.384631085467003,76.95,6,28967.6353257614,3,0.0075454384718346,8852,Significant_Damage_And_Serious_Injuries
4910,34.5662100456621,11,25,52.5524156791249,0.359387666786873,81.44,1,17712.9698025224,0,0.655500113007298,5442,Significant_Damage_And_Fatalities
2170,56.4840182648402,12,20,63.947128532361,0.245792282726289,76.5,2,33495.7760928761,2,0.453246293181655,7237,Minor_Damage_And_Injuries
4249,34.4748858447488,14,17,75.2962625341842,0.322604399567255,82.75,6,41468.3975005761,2,0.0097243373383545,7039,Significant_Damage_And_Serious_Injuries
2621,61.4155251141552,10,1,52.4156791248861,0.472261810313739,80.84,2,38406.931881458,1,0.518441261968944,2099,Highly_Fatal_And_Damaging
1305,56.3013698630137,8,0,52.6891522333637,0.269232600072124,78.97,2,40237.2227765323,2,0.547044613669324,2578,Minor_Damage_And_Injuries
5752,48.310502283105,10,26,54.7402005469462,0.390761630003606,82.82,3,28555.3581071901,2,0.143183126568889,109,Significant_Damage_And_Serious_Injuries
803,59.9543378995434,14,33,60.8477666362808,0.523469888207717,83.23,7,23561.2928433379,2,0.0025316396334434,2459,Significant_Damage_And_Fatalities
4384,35.0228310502283,11,1,59.1613491340018,0.390761630003606,84.72,4,31228.5093177424,2,0.0577524992640029,2058,Highly_Fatal_And_Damaging
8456,28.4931506849315,16,22,80.0820419325433,0.352535881716553,79.83,1,28955.3468267006,1,1.06635953548775,11313,Significant_Damage_And_Serious_Injuries
1123,53.1506849315068,12,7,67.7757520510483,0.37489433826181,81.98,1,31436.3335417983,3,1.15522683936208,6831,Minor_Damage_And_Injuries
9472,38.3561643835616,13,1,66.4539653600729,0.502553912729895,77.46,3,29502.7634210532,3,0.147269092453377,10952,Significant_Damage_And_Serious_Injuries
1303,33.972602739726,11,14,71.4676390154968,0.37128813559322,79.33,4,31651.9369994542,2,0.0579346201443487,3045,Highly_Fatal_And_Damaging
6353,40.9132420091324,13,3,89.9726526891523,0.328734944103858,84.0,5,37242.7749066967,2,0.0244657939434174,3824,Significant_Damage_And_Serious_Injuries
1984,27.2602739726027,13,1,69.5989061075661,0.323686260367832,76.94,3,39202.4925208187,1,0.195276856518634,527,Highly_Fatal_And_Damaging
5048,37.0776255707762,14,5,55.0592525068368,0.444854670032455,83.07,3,29541.1841118771,3,0.146736433115703,3447,Minor_Damage_And_Injuries
5792,7.03196347031963,19,6,68.4594348222425,0.411316985214569,82.48,4,25781.1457765779,3,0.0473518699492426,1910,Highly_Fatal_And_Damaging
3882,18.7671232876712,16,7,72.151321786691,0.279690587811035,84.53,3,32811.5825060404,3,0.16396237774711,11929,Highly_Fatal_And_Damaging
3774,49.4520547945205,14,6,64.3573381950775,0.406268301478543,76.13,2,37854.0579003469,3,0.512288112606264,10856,Minor_Damage_And_Injuries
5188,13.37899543379,18,17,68.003646308113,0.254447169130905,78.99,2,42760.6401322885,2,0.576823927713424,9021,Highly_Fatal_And_Damaging
4694,50.8675799086758,13,3,51.9143117593437,0.556286332491886,79.6,2,40741.8822675604,0,0.551040805007,8673,Highly_Fatal_And_Damaging
3256,41.324200913242,16,7,71.5587967183227,0.333423007573026,76.96,6,21154.8577344722,4,0.0053959424488761,11910,Minor_Damage_And_Injuries
9574,45.4794520547945,15,0,72.926162260711,0.335947349441038,84.1,2,20228.1228705605,1,0.27379814127354,12035,Minor_Damage_And_Injuries
7436,16.7123287671233,16,4,68.869644484959,0.446657771366751,84.87,4,39076.3135320841,0,0.0712119379602541,9345,Highly_Fatal_And_Damaging
380,45.2054794520548,11,16,72.0145852324522,0.496423368193292,78.24,6,52023.4605639422,1,0.0129833111717393,8042,Significant_Damage_And_Serious_Injuries
819,56.5753424657534,11,13,64.1294439380128,0.448460872701046,77.36,2,42036.9652735589,1,0.569213825805112,5368,Minor_Damage_And_Injuries
9633,54.2465753424657,12,6,68.7784867821331,0.27067508113956,81.06,2,30043.7911297499,1,0.406933961928359,2562,Minor_Damage_And_Injuries
9967,25.296803652968,14,5,41.5223336371923,0.735153984853949,79.92,1,46768.8221857607,1,1.73422879922716,3623,Significant_Damage_And_Fatalities
8830,31.1872146118721,15,0,69.1431175934367,0.304573386224305,79.57,3,39125.3305959895,0,0.196190986200713,6252,Significant_Damage_And_Serious_Injuries
4792,34.7488584474886,11,1,59.1613491340018,0.503996393797331,80.92,5,40073.720174847,4,0.025816320539418,1708,Highly_Fatal_And_Damaging
4297,60.0913242009132,10,5,66.5451230628988,0.41095636494771,77.02,4,31387.7303250155,2,0.0575081967404916,1643,Minor_Damage_And_Injuries
6445,35.0228310502283,14,4,61.5770282588879,0.435117922827263,87.44,5,26433.2861366269,0,0.0193100351190768,12322,Significant_Damage_And_Serious_Injuries
5156,32.648401826484,15,4,53.3728350045579,0.234252434186801,85.24,4,24506.9697360812,2,0.0449289157473636,8174,Minor_Damage_And_Injuries
5870,34.7488584474886,18,0,74.7493163172288,0.368763793725207,79.61,2,33730.6363753111,3,0.454764397208273,916,Minor_Damage_And_Injuries
3622,27.7625570776256,17,13,41.5223336371923,0.694764514965741,82.2,2,11503.3885608342,3,0.168418281925373,9886,Minor_Damage_And_Injuries
4035,9.31506849315068,19,10,49.8632634457612,0.354699603317706,77.56,7,27972.920650648,1,0.0029024112121676,3122,Significant_Damage_And_Fatalities
153,59.041095890411,11,5,68.1403828623519,0.253365308330328,80.79,2,26755.0079413697,2,0.358535500334644,4444,Minor_Damage_And_Injuries
6389,47.8995433789954,11,0,63.9927073837739,0.201435989902632,78.72,3,41385.3685846249,3,0.203121083428734,739,Significant_Damage_And_Serious_Injuries
5787,58.9954337899543,14,5,64.4029170464904,0.40374395961053,78.85,7,35634.8941329161,1,0.0030767705281173,4222,Significant_Damage_And_Fatalities
7574,44.4292237442922,8,4,68.915223336372,0.333062387306166,78.34,4,25270.3960670288,3,0.0453050042984426,9286,Highly_Fatal_And_Damaging
5305,29.2237442922374,16,0,41.6590701914312,0.432232960692391,80.16,3,45075.2781182304,3,0.224922205425169,1354,Minor_Damage_And_Injuries
6927,25.6164383561644,14,7,56.1531449407475,0.523469888207717,84.45,3,38780.390941521,3,0.193090443884492,1322,Significant_Damage_And_Fatalities
6263,43.3333333333333,16,15,75.38742023701,0.39292535160476,76.02,7,22951.8359276977,1,0.0024615303137321,6172,Minor_Damage_And_Injuries
358,41.6438356164383,13,2,80.9936189608022,0.353617742517129,82.19,2,39903.4967278214,5,0.541604994410513,7095,Significant_Damage_And_Serious_Injuries
6935,46.3470319634703,15,0,67.8669097538742,0.395810313739632,76.95,2,32848.2932837612,3,0.442314977408644,4115,Minor_Damage_And_Injuries
2174,47.351598173516,14,1,48.0856882406563,0.447739632167328,80.43,3,38720.4523704446,0,0.191866234671853,107,Highly_Fatal_And_Damaging
5464,15.7534246575342,20,7,82.1330902461258,0.245071042192571,81.11,7,32708.1391417124,3,0.0032192666671433,4338,Significant_Damage_And_Serious_Injuries
9628,22.648401826484,15,8,62.8532360984503,0.330898665705012,86.58,1,25342.9808820361,2,0.925964716461701,7432,Highly_Fatal_And_Damaging
9288,26.3470319634703,21,15,80.9936189608022,0.2562502704652,79.88,4,20028.1631631448,2,0.0353204941879463,5382,Minor_Damage_And_Injuries
7501,49.5890410958904,10,6,54.7857793983592,0.25985647313379,81.16,6,26187.9483800894,2,0.0070160859001572,5722,Minor_Damage_And_Injuries
8554,19.8630136986301,19,3,58.6599817684595,0.589824017309773,80.13,3,30451.7403507126,2,0.151840046781855,3581,Significant_Damage_And_Serious_Injuries
4400,44.7488584474886,12,1,73.2907930720146,0.257692751532636,79.03,6,37541.6763730355,0,0.0101249384175377,12109,Significant_Damage_And_Serious_Injuries
2321,61.4155251141552,10,0,70.3281677301732,0.237137396321673,76.45,4,24386.649921265,1,0.044555720248319,7474,Minor_Damage_And_Injuries
2382,29.0867579908676,16,3,82.2242479489517,0.238940497655968,76.89,4,35183.5773073215,1,0.0640170538543537,1423,Significant_Damage_And_Serious_Injuries
1412,60.4566210045662,11,2,60.7110300820419,0.380303642264695,87.34,2,52077.3016680616,3,0.69735889274579,11228,Minor_Damage_And_Injuries
863,34.7488584474886,14,11,59.0701914311759,0.465770645510278,81.08,6,36093.8087038102,3,0.0089903548639397,9124,Significant_Damage_And_Serious_Injuries
2689,33.7442922374429,11,2,59.9817684594348,0.360830147854309,84.72,7,25794.580871847,2,0.0024324399813657,6480,Highly_Fatal_And_Damaging
3599,26.9406392694064,13,5,86.7821330902461,0.317916336098088,78.49,1,23796.4711374361,3,0.865874195142831,1926,Highly_Fatal_And_Damaging
7282,57.351598173516,8,3,72.0601640838651,0.2061240533718,79.36,6,39012.9366973933,2,0.010247915761715,27,Significant_Damage_And_Serious_Injuries
5221,41.9178082191781,16,22,76.253418413856,0.380664262531554,86.43,5,34687.307415452,1,0.0227523182589593,9404,Minor_Damage_And_Injuries
3962,61.2328767123288,10,15,72.7438468550593,0.427905517490083,79.23,2,45300.0270165971,3,0.610441182645266,228,Minor_Damage_And_Injuries
7010,38.7671232876712,14,5,71.9234275296263,0.183044356292824,76.11,3,40239.8802618811,2,0.200404041434698,3444,Significant_Damage_And_Serious_Injuries
5143,32.4657534246575,15,7,47.9033728350046,0.429708618824378,81.18,3,25131.3222040264,1,0.12514403561123,1087,Minor_Damage_And_Injuries
1190,30.1369863013699,13,0,50.1367365542388,0.484522899386945,77.66,4,37668.3694904578,3,0.0685286480879056,6251,Significant_Damage_And_Fatalities
945,29.634703196347,20,8,66.5907019143118,0.42177497295348,80.63,4,42476.368666169,3,0.0774424735192348,2921,Minor_Damage_And_Injuries
4318,48.310502283105,10,5,57.4749316317229,0.39292535160476,79.56,1,37933.3990008527,0,1.39914903206619,7604,Significant_Damage_And_Serious_Injuries
7271,47.7625570776256,14,14,64.9954421148587,0.347487197980527,77.76,2,40055.6619523624,3,0.542924325866252,8565,Minor_Damage_And_Injuries
5120,52.3744292237443,9,1,55.1959890610757,0.454591417237649,79.62,3,25562.6034711693,1,0.128303571276887,1777,Minor_Damage_And_Injuries
9151,34.4748858447488,11,4,65.0410209662717,0.457115759105661,82.41,2,43203.9825103468,3,0.582155821255315,3667,Highly_Fatal_And_Damaging
3741,29.634703196347,20,4,66.2716499544212,0.368403173458348,82.31,1,30966.1598251022,3,1.1418573845188,11403,Minor_Damage_And_Injuries
9805,52.9223744292237,9,6,62.5341841385597,0.343520375045078,77.17,3,26277.0351261399,3,0.131340504997494,11755,Significant_Damage_And_Serious_Injuries
6203,27.8538812785388,13,8,71.0574293527803,0.306376487558601,86.57,4,37158.7255184061,3,0.0679645047747395,7667,Highly_Fatal_And_Damaging
4107,59.4063926940639,11,16,76.9371011850502,0.428266137756942,78.18,2,29288.4481049155,1,0.393439913783782,4404,Minor_Damage_And_Injuries
8765,12.6940639269406,17,8,66.0893345487694,0.268150739271547,77.56,6,19463.3735981959,2,0.0043320813271426,5011,Highly_Fatal_And_Damaging
4241,27.2602739726027,13,9,86.9644484958979,0.214418319509556,80.27,2,33570.2963672233,3,0.453246293181655,10007,Highly_Fatal_And_Damaging
8341,75.5707762557078,10,13,65.1321786690975,0.32116191849982,81.04,7,28153.6835624095,1,0.0026060826109523,6048,Significant_Damage_And_Fatalities
2982,24.703196347032,18,0,70.7839562443026,0.339192931842769,77.85,1,28955.3468267006,4,1.06763304103432,8222,Significant_Damage_And_Serious_Injuries
4387,44.337899543379,8,19,57.8395624430264,0.30313090515687,80.63,7,44502.4966181395,2,0.0038780638585406,11208,Highly_Fatal_And_Damaging
1131,25.2511415525114,14,5,76.8915223336372,0.381746123332131,89.19,3,14274.0590139556,3,0.074467276235794,11664,Highly_Fatal_And_Damaging
1350,40.2283105022831,10,1,69.1886964448496,0.445936530833032,84.48,4,26603.6943333191,2,0.0495178660399433,7234,Highly_Fatal_And_Damaging
3220,38.4474885844749,17,22,67.3655423883318,0.324768121168409,78.18,6,42630.26184936,1,0.0110794939431453,8848,Minor_Damage_And_Injuries
419,59.5433789954338,10,3,64.8131267092069,0.322604399567255,83.71,5,43296.0711451878,1,0.0303777299720201,1838,Minor_Damage_And_Injuries
2402,31.0958904109589,12,7,86.052871467639,0.296639740353408,83.01,3,23639.8520973668,2,0.117363089762599,8231,Highly_Fatal_And_Damaging
2779,75.5707762557078,9,6,77.5296262534184,0.23100685178507,79.43,7,33256.4668152374,0,0.0031347381808445,8834,Significant_Damage_And_Fatalities
7168,50.0913242009132,13,3,73.4731084776664,0.28870609448251,84.4,7,14087.1313421428,1,0.0003675013009885,1230,Minor_Damage_And_Injuries
6243,44.5662100456621,12,20,57.1558796718323,0.725417237648755,80.8,3,45955.0381368293,0,0.226944244078988,3074,Minor_Damage_And_Injuries
2761,31.1415525114155,12,0,76.8003646308113,0.281854309412189,78.53,4,25556.9388061089,3,0.0473518699492426,4479,Highly_Fatal_And_Damaging
2010,13.9269406392694,20,6,58.5688240656335,0.328734944103858,77.18,4,31041.7385112057,2,0.0566174512939566,9929,Significant_Damage_And_Serious_Injuries
4097,38.4474885844749,17,3,70.1458523245214,0.370927515326361,80.96,5,31310.5467247019,2,0.0210757990183275,11129,Minor_Damage_And_Injuries
6320,34.1552511415525,14,5,38.1039197812215,0.629852866931121,79.92,6,26015.962941191,3,0.0067948210839351,5319,Minor_Damage_And_Injuries
8925,62.1461187214612,10,7,77.7575205104832,0.307818968626037,79.34,5,28259.6806196274,2,0.0193428547975353,557,Minor_Damage_And_Injuries
8740,54.2922374429224,16,20,64.0382862351869,0.308540209159754,81.8,7,15738.4878024104,3,0.0014294182752822,3869,Significant_Damage_And_Fatalities
1124,44.337899543379,15,9,65.2689152233364,0.27788748647674,78.05,2,25276.6017158966,1,0.343448656781249,7724,Minor_Damage_And_Injuries
889,46.2100456621004,15,7,37.6481312670921,0.557728813559322,79.74,6,45760.7560852147,2,0.0116440067057929,8806,Highly_Fatal_And_Damaging
350,38.9041095890411,10,2,66.2260711030082,0.547992066354129,80.31,4,35769.9337769873,1,0.0650374206705968,11154,Highly_Fatal_And_Damaging
376,74.6575342465753,6,6,65.1321786690975,0.260217093400649,79.58,5,21714.810478226,2,0.0136731176298007,140,Minor_Damage_And_Injuries
4232,47.8082191780822,14,1,48.9061075660894,0.556286332491886,77.92,2,38375.4374821499,3,0.519355070097568,8340,Highly_Fatal_And_Damaging
8471,63.4246575342466,6,0,78.0309936189608,0.449182113234764,78.63,3,38281.2923716348,2,0.190396357309199,10838,Significant_Damage_And_Serious_Injuries
9949,43.972602739726,15,12,76.7092069279854,0.281854309412189,82.53,1,20432.2797281007,3,0.741000085873413,7153,Minor_Damage_And_Injuries
2666,42.0091324200913,16,13,81.0391978122151,0.226679408582762,79.66,2,22102.0385431341,2,0.299887442870648,9727,Minor_Damage_And_Injuries
2835,26.2557077625571,14,2,55.1504102096627,0.260938333934367,79.49,1,40987.1094313103,3,1.50734589361924,1906,Significant_Damage_And_Fatalities
4087,83.6529680365297,7,1,64.1750227894257,0.273199423007573,77.55,7,33393.2531864311,4,0.0031164589957626,9983,Significant_Damage_And_Fatalities
8620,55.662100456621,12,2,50.1823154056518,0.57648106743599,80.17,5,35910.2004117809,1,0.0245347549298593,10109,Highly_Fatal_And_Damaging
2650,23.4246575342466,15,0,62.5341841385597,0.36046952758745,78.59,7,23543.5817988608,3,0.002139920866336,4676,Highly_Fatal_And_Damaging
8020,33.6073059360731,18,6,43.0720145852325,0.47911359538406,77.52,2,19136.0861004631,3,0.253283470951117,11571,Highly_Fatal_And_Damaging
7385,61.4155251141552,10,1,82.9079307201459,0.434757302560403,78.13,5,32364.3522171259,4,0.0221611608546171,1578,Minor_Damage_And_Injuries
1508,36.8493150684931,17,1,66.1804922515953,0.329456184637577,78.11,1,24420.713003042,4,0.890281948019857,10545,Minor_Damage_And_Injuries
3615,40.7305936073059,9,6,53.7830446672744,0.476589253516048,76.99,4,29538.27364245,2,0.0528451340525014,3144,Significant_Damage_And_Fatalities
8564,29.634703196347,20,8,72.5615314494075,0.417447529751172,77.52,3,34956.4722310962,2,0.174030173352904,5834,Minor_Damage_And_Injuries
9003,47.7168949771689,11,2,55.6517775752051,0.488489722322394,79.39,2,24243.1465011165,2,0.325277767406605,5872,Minor_Damage_And_Injuries
5344,41.5981735159817,13,8,71.9690063810392,0.326931842769563,76.71,5,42771.4992003673,0,0.0283280931345818,12496,Significant_Damage_And_Serious_Injuries
9798,51.9178082191781,13,10,69.4165907019143,0.440887847097007,81.44,4,27222.8941270034,2,0.0503896935162612,3336,Minor_Damage_And_Injuries
6872,25.5707762557078,17,9,63.9927073837739,0.199632888568337,76.74,5,31610.955605815,1,0.0224713687000444,816,Significant_Damage_And_Serious_Injuries
2750,46.0730593607306,18,13,41.6134913400182,0.580447890371439,76.04,6,21720.5738257697,3,0.0052692571860081,7713,Significant_Damage_And_Serious_Injuries
5178,61.2785388127854,10,3,60.4831358249772,0.505799495131626,79.6,5,36323.6029675182,1,0.025353860841503,6969,Minor_Damage_And_Injuries
2850,56.6666666666667,11,14,70.6927985414767,0.3785005409304,79.23,2,26391.6316884865,2,0.35682265469168,9550,Highly_Fatal_And_Damaging
5306,42.0091324200913,16,1,69.4165907019143,0.19133862243058,79.94,4,49422.6277653414,4,0.0902752849258249,6725,Minor_Damage_And_Injuries
5413,43.7899543378995,12,3,71.6955332725615,0.31358889289578,78.78,6,35906.4415472225,2,0.0092353588658826,8473,Significant_Damage_And_Serious_Injuries
1101,29.7716894977169,12,6,68.4138559708295,0.277526866209881,79.6,2,33291.4743854099,2,0.452214632161678,11443,Highly_Fatal_And_Damaging
8557,42.9680365296804,16,0,73.3363719234275,0.27428128380815,76.12,1,37388.6897063868,3,1.38064271264044,6724,Minor_Damage_And_Injuries
4591,29.4063926940639,13,19,60.9845031905196,0.448460872701046,78.66,6,15252.2217803697,1,0.0031625042767745,3397,Highly_Fatal_And_Damaging
2536,62.1461187214612,6,1,57.4293527803099,0.465410025243419,83.21,2,25377.6139205903,2,0.339470394778478,11281,Significant_Damage_And_Serious_Injuries
6335,36.5753424657534,14,17,76.0255241567913,0.434036062026686,77.39,5,43887.3019722406,2,0.0299674821819734,11672,Significant_Damage_And_Serious_Injuries
981,47.9908675799087,11,2,74.8860528714676,0.298442841687703,83.56,3,20406.491789574,3,0.10271429105142,10446,Significant_Damage_And_Serious_Injuries
7699,39.3607305936073,17,2,63.7192342752963,0.452427695636495,77.78,7,35247.2887973971,2,0.0031758860473211,5767,Minor_Damage_And_Injuries
1971,29.7260273972603,13,4,84.2297174111213,0.262380815001803,78.97,4,23660.1874670774,2,0.0434099096156099,3026,Highly_Fatal_And_Damaging
916,37.5799086757991,14,6,66.6362807657247,0.316834475297511,80.26,7,23998.3048588661,2,0.0023811865337943,7076,Significant_Damage_And_Serious_Injuries
1285,62.6940639269406,6,19,48.5870556061987,0.418529390551749,83.17,4,33757.0053641767,1,0.0619347693148817,5156,Minor_Damage_And_Injuries
3680,25.2511415525114,17,16,57.5205104831358,0.375615578795528,88.39,7,47592.316643138,4,0.0050736112499563,1768,Significant_Damage_And_Serious_Injuries
4069,20.1826484018265,15,0,85.5515041020967,0.263823296069239,78.15,3,33146.0700290333,1,0.165002363929807,9431,Highly_Fatal_And_Damaging
2324,45.0684931506849,11,0,51.3673655423883,0.539697800216372,80.78,6,32732.6183611824,3,0.0079727137937773,5352,Minor_Damage_And_Injuries
2166,64.2922374429224,9,1,78.5779398359162,0.40374395961053,78.7,4,17700.9200928918,1,0.032193074705009,3151,Minor_Damage_And_Injuries
8565,43.6529680365297,9,24,74.7493163172288,0.301327803822575,82.26,4,20432.2797281007,1,0.0373628855614637,4432,Highly_Fatal_And_Damaging
6941,70.0,11,7,64.9954421148587,0.52599423007573,78.67,2,25033.3668940275,2,0.338607930649641,3218,Minor_Damage_And_Injuries
4344,12.9680365296804,17,0,53.7374658158614,0.273199423007573,80.74,3,26026.0289669448,1,0.128896401917114,9652,Highly_Fatal_And_Damaging
1565,33.5616438356164,18,12,54.5578851412944,0.293033537684818,81.49,3,35893.8768089408,1,0.179225376528475,8927,Minor_Damage_And_Injuries
7698,23.4246575342466,15,0,56.4721969006381,0.375976199062387,81.58,5,34458.2967165505,2,0.0237065079134959,6803,Significant_Damage_And_Fatalities
3278,30.3196347031963,12,1,48.9061075660894,0.514093761269383,78.63,1,31195.5813468511,3,1.14762130328978,10328,Significant_Damage_And_Fatalities
5610,24.7488584474886,14,3,84.1841385597083,0.296279120086549,75.2,4,27179.0519600046,1,0.0502148785850208,9129,Highly_Fatal_And_Damaging
1675,54.8401826484018,9,40,73.0173199635369,0.467213126577713,79.42,7,42049.7757475593,2,0.0042445268454015,11013,Significant_Damage_And_Serious_Injuries
6597,18.9497716894977,16,5,71.1030082041933,0.224876307248467,79.49,1,35594.722894088,1,1.31551447723744,9662,Highly_Fatal_And_Damaging
5667,59.3150684931507,11,3,69.3710118505014,0.294476018752254,80.83,4,30307.857269128,2,0.0558847376979447,9446,Minor_Damage_And_Injuries
324,25.7077625570776,14,1,68.8240656335461,0.246874143526866,81.1,4,19364.5453914156,2,0.0356172029643824,2412,Highly_Fatal_And_Damaging
3157,63.1506849315068,6,6,48.1312670920693,0.560613775694194,78.31,6,32768.2794642284,2,0.0077320872026755,1891,Significant_Damage_And_Serious_Injuries
5993,24.8858447488584,14,5,80.6289881494986,0.381746123332131,78.54,1,38266.75565052,3,1.41050359096262,5266,Highly_Fatal_And_Damaging
5242,23.1506849315068,14,9,74.7493163172288,0.302770284890011,77.53,4,43023.0169934209,4,0.0792995204396203,8330,Highly_Fatal_And_Damaging